ISO-10303-21;
HEADER;
FILE_DESCRIPTION (( 'STEP AP214' ),
    '1' );
FILE_NAME ('Molex 053261-0371.STEP',
    '2026-08-25T14:02:59',
    ( '' ),
    ( '' ),
    'SwSTEP 2.0',
    'SolidWorks 2026',
    '' );
FILE_SCHEMA (( 'AUTOMOTIVE_DESIGN' ));
ENDSEC;

DATA;
#1 =( NAMED_UNIT ( * ) SI_UNIT ( $, .STERADIAN. ) SOLID_ANGLE_UNIT ( ) );
#2 = SURFACE_STYLE_FILL_AREA ( #6625 ) ;
#3 = CARTESIAN_POINT ( 'NONE',  ( -1.409999999999999920, 6.200000000000000178, 0.2999999999999999889 ) ) ;
#4 = ADVANCED_FACE ( 'NONE', ( #2378 ), #3036, .T. ) ;
#5 = ORIENTED_EDGE ( 'NONE', *, *, #2372, .F. ) ;
#6 =( LENGTH_UNIT ( ) NAMED_UNIT ( * ) SI_UNIT ( .MILLI., .METRE. ) );
#7 = SURFACE_STYLE_FILL_AREA ( #1126 ) ;
#8 = DIRECTION ( 'NONE',  ( 0.000000000000000000, -0.9805806756909203337, -0.1961161351381830731 ) ) ;
#9 = EDGE_CURVE ( 'NONE', #3759, #5048, #735, .T. ) ;
#10 = PLANE ( 'NONE',  #1766 ) ;
#11 = VERTEX_POINT ( 'NONE', #1534 ) ;
#12 = CARTESIAN_POINT ( 'NONE',  ( -2.149999999999999911, 1.199999999999999956, 1.125000000000000000 ) ) ;
#13 = ORIENTED_EDGE ( 'NONE', *, *, #6904, .T. ) ;
#14 =( LENGTH_UNIT ( ) NAMED_UNIT ( * ) SI_UNIT ( .MILLI., .METRE. ) );
#15 = VECTOR ( 'NONE', #3051, 1000.000000000000000 ) ;
#16 =( NAMED_UNIT ( * ) SI_UNIT ( $, .STERADIAN. ) SOLID_ANGLE_UNIT ( ) );
#17 =( NAMED_UNIT ( * ) PLANE_ANGLE_UNIT ( ) SI_UNIT ( $, .RADIAN. ) );
#18 = DIRECTION ( 'NONE',  ( -1.000000000000000000, 8.673617379884039416E-16, 0.000000000000000000 ) ) ;
#19 = EDGE_CURVE ( 'NONE', #1651, #2538, #375, .T. ) ;
#20 = PLANE ( 'NONE',  #29 ) ;
#21 = VECTOR ( 'NONE', #113, 1000.000000000000114 ) ;
#22 = STYLED_ITEM ( 'NONE', ( #5496 ), #3005 ) ;
#23 = VERTEX_POINT ( 'NONE', #4249 ) ;
#24 = VECTOR ( 'NONE', #4816, 1000.000000000000000 ) ;
#25 = EDGE_LOOP ( 'NONE', ( #2709, #3499, #2517, #4148 ) ) ;
#26 = STYLED_ITEM ( 'NONE', ( #4044 ), #2314 ) ;
#27 =( GEOMETRIC_REPRESENTATION_CONTEXT ( 3 ) GLOBAL_UNCERTAINTY_ASSIGNED_CONTEXT ( ( #385 ) ) GLOBAL_UNIT_ASSIGNED_CONTEXT ( ( #1325, #3999, #6852 ) ) REPRESENTATION_CONTEXT ( 'NONE', 'WORKASPACE' ) );
#28 = UNCERTAINTY_MEASURE_WITH_UNIT (LENGTH_MEASURE( 1.000000000000000082E-05 ), #5975, 'distance_accuracy_value', 'NONE');
#29 = AXIS2_PLACEMENT_3D ( 'NONE', #4316, #2220, #4398 ) ;
#30 = VECTOR ( 'NONE', #2937, 1000.000000000000000 ) ;
#31 = ORIENTED_EDGE ( 'NONE', *, *, #2238, .F. ) ;
#32 = DIRECTION ( 'NONE',  ( 0.000000000000000000, -1.000000000000000000, 0.000000000000000000 ) ) ;
#33 = ORIENTED_EDGE ( 'NONE', *, *, #2153, .F. ) ;
#34 = DIRECTION ( 'NONE',  ( -8.673617379884029556E-16, 1.000000000000000000, 1.709941712034280011E-15 ) ) ;
#35 = EDGE_CURVE ( 'NONE', #588, #676, #2593, .T. ) ;
#36 = SURFACE_SIDE_STYLE ('',( #3852 ) ) ;
#37 = PLANE ( 'NONE',  #5936 ) ;
#38 = LINE ( 'NONE', #4344, #4393 ) ;
#39 = DIRECTION ( 'NONE',  ( -1.000000000000000000, 0.000000000000000000, 0.000000000000000000 ) ) ;
#40 = CARTESIAN_POINT ( 'NONE',  ( -0.1499999999999999944, 1.199999999999999956, 0.4000000000000000222 ) ) ;
#41 = DIRECTION ( 'NONE',  ( 1.000000000000000000, 0.000000000000000000, 0.000000000000000000 ) ) ;
#42 = ORIENTED_EDGE ( 'NONE', *, *, #2006, .T. ) ;
#43 = LINE ( 'NONE', #5432, #4378 ) ;
#44 = MECHANICAL_DESIGN_GEOMETRIC_PRESENTATION_REPRESENTATION (  '', ( #5323 ), #614 ) ;
#45 = UNCERTAINTY_MEASURE_WITH_UNIT (LENGTH_MEASURE( 1.000000000000000082E-05 ), #6059, 'distance_accuracy_value', 'NONE');
#46 =( NAMED_UNIT ( * ) SI_UNIT ( $, .STERADIAN. ) SOLID_ANGLE_UNIT ( ) );
#47 = STYLED_ITEM ( 'NONE', ( #5941 ), #349 ) ;
#48 = LINE ( 'NONE', #573, #4677 ) ;
#49 = EDGE_CURVE ( 'NONE', #4936, #4582, #6448, .T. ) ;
#50 = STYLED_ITEM ( 'NONE', ( #1496 ), #4360 ) ;
#51 =( LENGTH_UNIT ( ) NAMED_UNIT ( * ) SI_UNIT ( .MILLI., .METRE. ) );
#52 = FILL_AREA_STYLE_COLOUR ( '', #2954 ) ;
#53 = EDGE_LOOP ( 'NONE', ( #6340, #3970, #6760, #4373 ) ) ;
#54 = LINE ( 'NONE', #1134, #88 ) ;
#55 = ORIENTED_EDGE ( 'NONE', *, *, #3875, .F. ) ;
#56 =( NAMED_UNIT ( * ) PLANE_ANGLE_UNIT ( ) SI_UNIT ( $, .RADIAN. ) );
#57 = FACE_OUTER_BOUND ( 'NONE', #4448, .T. ) ;
#58 = VERTEX_POINT ( 'NONE', #5953 ) ;
#59 = ORIENTED_EDGE ( 'NONE', *, *, #3939, .F. ) ;
#60 = CARTESIAN_POINT ( 'NONE',  ( 4.450000000000000178, 2.200000000000000178, 0.05000000000000100198 ) ) ;
#61 = VECTOR ( 'NONE', #3094, 1000.000000000000000 ) ;
#62 = VERTEX_POINT ( 'NONE', #4784 ) ;
#63 = PRESENTATION_LAYER_ASSIGNMENT (  '', '', ( #6493 ) ) ;
#64 = LINE ( 'NONE', #2275, #2053 ) ;
#65 = ORIENTED_EDGE ( 'NONE', *, *, #3362, .T. ) ;
#66 = CARTESIAN_POINT ( 'NONE',  ( 3.419999999999999929, 4.200000000000000178, -0.2000000000000000111 ) ) ;
#67 = ORIENTED_EDGE ( 'NONE', *, *, #3290, .F. ) ;
#68 = AXIS2_PLACEMENT_3D ( 'NONE', #5873, #6515, #5365 ) ;
#69 = LINE ( 'NONE', #6207, #269 ) ;
#70 = LINE ( 'NONE', #5610, #5824 ) ;
#71 = CARTESIAN_POINT ( 'NONE',  ( 3.750000000000000000, 4.200000000000000178, 0.1000000000000000056 ) ) ;
#72 = SURFACE_SIDE_STYLE ('',( #5721 ) ) ;
#73 = AXIS2_PLACEMENT_3D ( 'NONE', #5904, #363, #7056 ) ;
#74 = SURFACE_SIDE_STYLE ('',( #2 ) ) ;
#75 = FILL_AREA_STYLE ('',( #7021 ) ) ;
#76 = ORIENTED_EDGE ( 'NONE', *, *, #1470, .F. ) ;
#77 = CARTESIAN_POINT ( 'NONE',  ( 2.750000000000000000, 1.000000000000000000, 2.799999999999999822 ) ) ;
#78 = EDGE_CURVE ( 'NONE', #992, #4701, #2016, .T. ) ;
#79 = SURFACE_SIDE_STYLE ('',( #4385 ) ) ;
#80 = STYLED_ITEM ( 'NONE', ( #5313 ), #4851 ) ;
#81 = CARTESIAN_POINT ( 'NONE',  ( -2.250000000000000000, 3.950000000000000178, 2.075000000000000178 ) ) ;
#82 = DIRECTION ( 'NONE',  ( 0.000000000000000000, 0.7071067811865480168, -0.7071067811865470176 ) ) ;
#83 = CARTESIAN_POINT ( 'NONE',  ( 0.1600000000000000033, 5.400000000000000355, 0.5999999999999999778 ) ) ;
#84 = VECTOR ( 'NONE', #761, 1000.000000000000000 ) ;
#85 = PRESENTATION_STYLE_ASSIGNMENT (( #2784 ) ) ;
#86 = FACE_OUTER_BOUND ( 'NONE', #4028, .T. ) ;
#87 = ORIENTED_EDGE ( 'NONE', *, *, #1210, .F. ) ;
#88 = VECTOR ( 'NONE', #5985, 1000.000000000000000 ) ;
#89 = PLANE ( 'NONE',  #5700 ) ;
#90 = MECHANICAL_DESIGN_GEOMETRIC_PRESENTATION_REPRESENTATION (  '', ( #2503 ), #6870 ) ;
#91 = CARTESIAN_POINT ( 'NONE',  ( 2.275849698379619923, 3.950000000000000178, 1.978398793518490129 ) ) ;
#92 = CARTESIAN_POINT ( 'NONE',  ( -1.090000000000000080, 5.599999999999999645, -0.2000000000000000111 ) ) ;
#93 = PLANE ( 'NONE',  #6033 ) ;
#94 = DIRECTION ( 'NONE',  ( 0.7071067811865474617, 7.359808400080184030E-15, -0.7071067811865474617 ) ) ;
#95 =( NAMED_UNIT ( * ) PLANE_ANGLE_UNIT ( ) SI_UNIT ( $, .RADIAN. ) );
#96 = VECTOR ( 'NONE', #1467, 1000.000000000000000 ) ;
#97 = CARTESIAN_POINT ( 'NONE',  ( -0.1600000000000000033, 1.699999999999999956, 1.324999999999999956 ) ) ;
#98 =( GEOMETRIC_REPRESENTATION_CONTEXT ( 3 ) GLOBAL_UNCERTAINTY_ASSIGNED_CONTEXT ( ( #4993 ) ) GLOBAL_UNIT_ASSIGNED_CONTEXT ( ( #1883, #2812, #152 ) ) REPRESENTATION_CONTEXT ( 'NONE', 'WORKASPACE' ) );
#99 =( GEOMETRIC_REPRESENTATION_CONTEXT ( 3 ) GLOBAL_UNCERTAINTY_ASSIGNED_CONTEXT ( ( #5715 ) ) GLOBAL_UNIT_ASSIGNED_CONTEXT ( ( #6592, #1159, #4309 ) ) REPRESENTATION_CONTEXT ( 'NONE', 'WORKASPACE' ) );
#100 = EDGE_LOOP ( 'NONE', ( #3318, #5922, #1886, #2569 ) ) ;
#101 = ORIENTED_EDGE ( 'NONE', *, *, #431, .F. ) ;
#102 = PRESENTATION_STYLE_ASSIGNMENT (( #4538 ) ) ;
#103 = ADVANCED_FACE ( 'NONE', ( #5294 ), #6419, .F. ) ;
#104 = ADVANCED_FACE ( 'NONE', ( #5401 ), #6484, .T. ) ;
#105 = PRESENTATION_LAYER_ASSIGNMENT (  '', '', ( #3192 ) ) ;
#106 = UNCERTAINTY_MEASURE_WITH_UNIT (LENGTH_MEASURE( 1.000000000000000082E-05 ), #1013, 'distance_accuracy_value', 'NONE');
#107 = STYLED_ITEM ( 'NONE', ( #1101 ), #6649 ) ;
#108 = ORIENTED_EDGE ( 'NONE', *, *, #1839, .F. ) ;
#109 = PRESENTATION_LAYER_ASSIGNMENT (  '', '', ( #214 ) ) ;
#110 = CARTESIAN_POINT ( 'NONE',  ( 0.1500000000000029921, 1.000000000000000000, 0.2000000000000000111 ) ) ;
#111 = VERTEX_POINT ( 'NONE', #3342 ) ;
#112 = SURFACE_STYLE_FILL_AREA ( #6661 ) ;
#113 = DIRECTION ( 'NONE',  ( 0.8121631077622922801, -0.5414420718415290379, -0.2173282522587610677 ) ) ;
#114 = PLANE ( 'NONE',  #4437 ) ;
#115 = CARTESIAN_POINT ( 'NONE',  ( 2.550000000000000266, 2.000000000000000000, -4.701596255175999207E-15 ) ) ;
#116 = DIRECTION ( 'NONE',  ( 1.000000000000000000, 0.000000000000000000, 0.000000000000000000 ) ) ;
#117 = DIRECTION ( 'NONE',  ( 0.000000000000000000, -1.000000000000000000, 0.000000000000000000 ) ) ;
#118 =( LENGTH_UNIT ( ) NAMED_UNIT ( * ) SI_UNIT ( .MILLI., .METRE. ) );
#119 =( LENGTH_UNIT ( ) NAMED_UNIT ( * ) SI_UNIT ( .MILLI., .METRE. ) );
#120 = UNCERTAINTY_MEASURE_WITH_UNIT (LENGTH_MEASURE( 1.000000000000000082E-05 ), #4938, 'distance_accuracy_value', 'NONE');
#121 = DIRECTION ( 'NONE',  ( -0.000000000000000000, 1.000000000000000000, 0.000000000000000000 ) ) ;
#122 = DIRECTION ( 'NONE',  ( -1.000000000000000000, 0.000000000000000000, 0.000000000000000000 ) ) ;
#123 = SURFACE_SIDE_STYLE ('',( #3438 ) ) ;
#124 = SURFACE_SIDE_STYLE ('',( #1203 ) ) ;
#125 = CARTESIAN_POINT ( 'NONE',  ( 3.419999999999999929, 2.000000000000000000, 0.05000000000000109912 ) ) ;
#126 = FACE_OUTER_BOUND ( 'NONE', #1108, .T. ) ;
#127 = ORIENTED_EDGE ( 'NONE', *, *, #5103, .T. ) ;
#128 = ADVANCED_FACE ( 'NONE', ( #546 ), #89, .F. ) ;
#129 = EDGE_CURVE ( 'NONE', #3571, #2700, #655, .T. ) ;
#130 = CARTESIAN_POINT ( 'NONE',  ( -3.287712434446770082, 4.200000000000000178, 0.1000000000000000056 ) ) ;
#131 = LINE ( 'NONE', #2333, #3119 ) ;
#132 = CARTESIAN_POINT ( 'NONE',  ( 1.090000000000000080, 5.400000000000000355, 0.5999999999999999778 ) ) ;
#133 =( LENGTH_UNIT ( ) NAMED_UNIT ( * ) SI_UNIT ( .MILLI., .METRE. ) );
#134 = CARTESIAN_POINT ( 'NONE',  ( -1.090000000000000080, 6.000000000000000000, -0.2000000000000000111 ) ) ;
#135 = EDGE_CURVE ( 'NONE', #5002, #6094, #3275, .T. ) ;
#136 = EDGE_LOOP ( 'NONE', ( #4006, #4729, #2732, #487 ) ) ;
#137 = EDGE_LOOP ( 'NONE', ( #2969, #6567, #2062, #6806 ) ) ;
#138 = CARTESIAN_POINT ( 'NONE',  ( 1.409999999999999920, 5.899999999999999467, 1.175000000000000044 ) ) ;
#139 = VECTOR ( 'NONE', #1928, 1000.000000000000000 ) ;
#140 = DIRECTION ( 'NONE',  ( -1.000000000000000000, 0.000000000000000000, 0.000000000000000000 ) ) ;
#141 = EDGE_CURVE ( 'NONE', #771, #4504, #2787, .T. ) ;
#142 = EDGE_LOOP ( 'NONE', ( #4803, #5665, #1250, #3880 ) ) ;
#143 = CARTESIAN_POINT ( 'NONE',  ( 2.050000000000000266, 1.000000000000000000, -6.411537967210279810E-15 ) ) ;
#144 = DIRECTION ( 'NONE',  ( 0.000000000000000000, 0.1961161351381831008, -0.9805806756909204447 ) ) ;
#145 =( GEOMETRIC_REPRESENTATION_CONTEXT ( 3 ) GLOBAL_UNCERTAINTY_ASSIGNED_CONTEXT ( ( #2704 ) ) GLOBAL_UNIT_ASSIGNED_CONTEXT ( ( #5760, #935, #5325 ) ) REPRESENTATION_CONTEXT ( 'NONE', 'WORKASPACE' ) );
#146 =( NAMED_UNIT ( * ) PLANE_ANGLE_UNIT ( ) SI_UNIT ( $, .RADIAN. ) );
#147 = VECTOR ( 'NONE', #1525, 1000.000000000000000 ) ;
#148 = STYLED_ITEM ( 'NONE', ( #4361 ), #2549 ) ;
#149 = VECTOR ( 'NONE', #3933, 1000.000000000000114 ) ;
#150 = FILL_AREA_STYLE ('',( #5609 ) ) ;
#151 = LINE ( 'NONE', #6703, #3023 ) ;
#152 =( NAMED_UNIT ( * ) SI_UNIT ( $, .STERADIAN. ) SOLID_ANGLE_UNIT ( ) );
#153 = SURFACE_STYLE_FILL_AREA ( #6250 ) ;
#154 =( NAMED_UNIT ( * ) PLANE_ANGLE_UNIT ( ) SI_UNIT ( $, .RADIAN. ) );
#155 = VERTEX_POINT ( 'NONE', #4357 ) ;
#156 = COLOUR_RGB ( '',0.7529411764705882248, 0.7529411764705882248, 0.7529411764705882248 ) ;
#157 = SURFACE_STYLE_USAGE ( .BOTH. , #5652 ) ;
#158 = PRESENTATION_LAYER_ASSIGNMENT (  '', '', ( #2454 ) ) ;
#159 = CARTESIAN_POINT ( 'NONE',  ( 4.049999999999999822, 1.399999999999999911, 2.000000000000000000 ) ) ;
#160 = SURFACE_SIDE_STYLE ('',( #4021 ) ) ;
#161 =( NAMED_UNIT ( * ) PLANE_ANGLE_UNIT ( ) SI_UNIT ( $, .RADIAN. ) );
#162 = CARTESIAN_POINT ( 'NONE',  ( 0.1499999999999999944, 2.449999999999999734, -3.559999999999999609 ) ) ;
#163 = CARTESIAN_POINT ( 'NONE',  ( -1.409999999999999920, 5.899999999999999467, 1.175000000000000044 ) ) ;
#164 = ORIENTED_EDGE ( 'NONE', *, *, #1331, .F. ) ;
#165 = PRESENTATION_LAYER_ASSIGNMENT (  '', '', ( #5195 ) ) ;
#166 = DIRECTION ( 'NONE',  ( 0.000000000000000000, 1.000000000000000000, 0.000000000000000000 ) ) ;
#167 = ORIENTED_EDGE ( 'NONE', *, *, #4326, .F. ) ;
#168 = CARTESIAN_POINT ( 'NONE',  ( 0.000000000000000000, 1.399999999999999911, 1.879283765641539862E-14 ) ) ;
#169 = STYLED_ITEM ( 'NONE', ( #1754 ), #4322 ) ;
#170 = DIRECTION ( 'NONE',  ( -0.7071067811865480168, -0.7071067811865470176, -9.303964907059299442E-18 ) ) ;
#171 = FACE_OUTER_BOUND ( 'NONE', #700, .T. ) ;
#172 = SURFACE_SIDE_STYLE ('',( #1863 ) ) ;
#173 = ORIENTED_EDGE ( 'NONE', *, *, #4854, .T. ) ;
#174 = VERTEX_POINT ( 'NONE', #1206 ) ;
#175 = PRESENTATION_LAYER_ASSIGNMENT (  '', '', ( #50 ) ) ;
#176 = CARTESIAN_POINT ( 'NONE',  ( 4.250000000000000000, 4.200000000000000178, 0.5999999999999999778 ) ) ;
#177 = ORIENTED_EDGE ( 'NONE', *, *, #3614, .T. ) ;
#178 = ORIENTED_EDGE ( 'NONE', *, *, #3714, .F. ) ;
#179 = CARTESIAN_POINT ( 'NONE',  ( -2.149999999999999911, 3.950000000000000178, 2.799999999999999822 ) ) ;
#180 = DIRECTION ( 'NONE',  ( 0.000000000000000000, 0.000000000000000000, 1.000000000000000000 ) ) ;
#181 = UNCERTAINTY_MEASURE_WITH_UNIT (LENGTH_MEASURE( 1.000000000000000082E-05 ), #5880, 'distance_accuracy_value', 'NONE');
#182 = DIRECTION ( 'NONE',  ( 0.000000000000000000, 0.000000000000000000, -1.000000000000000000 ) ) ;
#183 = PRESENTATION_STYLE_ASSIGNMENT (( #1193 ) ) ;
#184 =( LENGTH_UNIT ( ) NAMED_UNIT ( * ) SI_UNIT ( .MILLI., .METRE. ) );
#185 = SURFACE_STYLE_USAGE ( .BOTH. , #713 ) ;
#186 = CARTESIAN_POINT ( 'NONE',  ( 1.090000000000000080, 1.699999999999999956, 0.9250000000000000444 ) ) ;
#187 = EDGE_LOOP ( 'NONE', ( #1079, #1498, #1541, #5991 ) ) ;
#188 = EDGE_CURVE ( 'NONE', #5071, #6100, #4394, .T. ) ;
#189 = UNCERTAINTY_MEASURE_WITH_UNIT (LENGTH_MEASURE( 1.000000000000000082E-05 ), #424, 'distance_accuracy_value', 'NONE');
#190 = SURFACE_SIDE_STYLE ('',( #221 ) ) ;
#191 = PRESENTATION_LAYER_ASSIGNMENT (  '', '', ( #5927 ) ) ;
#192 = COLOUR_RGB ( '',0.7529411764705882248, 0.7529411764705882248, 0.7529411764705882248 ) ;
#193 = LINE ( 'NONE', #2399, #948 ) ;
#194 = DIRECTION ( 'NONE',  ( 0.000000000000000000, -0.7071067811865470176, 0.7071067811865480168 ) ) ;
#195 = ORIENTED_EDGE ( 'NONE', *, *, #537, .F. ) ;
#196 = DIRECTION ( 'NONE',  ( 0.000000000000000000, 1.000000000000000000, 0.000000000000000000 ) ) ;
#197 = SURFACE_STYLE_FILL_AREA ( #1361 ) ;
#198 = CARTESIAN_POINT ( 'NONE',  ( -0.1600000000000000033, 0.000000000000000000, 0.000000000000000000 ) ) ;
#199 = VERTEX_POINT ( 'NONE', #130 ) ;
#200 = VECTOR ( 'NONE', #3317, 1000.000000000000114 ) ;
#201 = DIRECTION ( 'NONE',  ( 1.000000000000000000, 0.000000000000000000, 0.000000000000000000 ) ) ;
#202 = PRESENTATION_LAYER_ASSIGNMENT (  '', '', ( #1003 ) ) ;
#203 =( GEOMETRIC_REPRESENTATION_CONTEXT ( 3 ) GLOBAL_UNCERTAINTY_ASSIGNED_CONTEXT ( ( #1781 ) ) GLOBAL_UNIT_ASSIGNED_CONTEXT ( ( #2321, #4491, #4523 ) ) REPRESENTATION_CONTEXT ( 'NONE', 'WORKASPACE' ) );
#204 = PRESENTATION_LAYER_ASSIGNMENT (  '', '', ( #1128 ) ) ;
#205 = PLANE ( 'NONE',  #2675 ) ;
#206 = EDGE_LOOP ( 'NONE', ( #5993, #3475, #3444, #6535 ) ) ;
#207 = ORIENTED_EDGE ( 'NONE', *, *, #5452, .T. ) ;
#208 = EDGE_CURVE ( 'NONE', #3758, #1386, #2869, .T. ) ;
#209 = MECHANICAL_DESIGN_GEOMETRIC_PRESENTATION_REPRESENTATION (  '', ( #5729 ), #4324 ) ;
#210 = EDGE_CURVE ( 'NONE', #5984, #413, #5042, .T. ) ;
#211 = EDGE_CURVE ( 'NONE', #3539, #4187, #4505, .T. ) ;
#212 = COLOUR_RGB ( '',0.7529411764705882248, 0.7529411764705882248, 0.7529411764705882248 ) ;
#213 = EDGE_LOOP ( 'NONE', ( #6317, #472, #4438, #4254, #31, #4428, #1854, #2262 ) ) ;
#214 = STYLED_ITEM ( 'NONE', ( #6910 ), #5818 ) ;
#215 = CARTESIAN_POINT ( 'NONE',  ( 1.409999999999999920, 2.399999999999999911, 0.7750000000000000222 ) ) ;
#216 =( NAMED_UNIT ( * ) PLANE_ANGLE_UNIT ( ) SI_UNIT ( $, .RADIAN. ) );
#217 = FACE_OUTER_BOUND ( 'NONE', #4512, .T. ) ;
#218 = FILL_AREA_STYLE ('',( #6212 ) ) ;
#219 = ORIENTED_EDGE ( 'NONE', *, *, #2057, .T. ) ;
#220 = CARTESIAN_POINT ( 'NONE',  ( 0.1600000000000000033, 2.700000000000000178, 1.525000000000000133 ) ) ;
#221 = SURFACE_STYLE_FILL_AREA ( #5654 ) ;
#222 = CARTESIAN_POINT ( 'NONE',  ( -2.250000000000000000, 3.950000000000000178, 1.125000000000000000 ) ) ;
#223 = CARTESIAN_POINT ( 'NONE',  ( 0.1600000000000000033, 5.899999999999999467, 1.175000000000000044 ) ) ;
#224 = DIRECTION ( 'NONE',  ( 0.000000000000000000, 1.000000000000000000, 0.000000000000000000 ) ) ;
#225 = EDGE_CURVE ( 'NONE', #588, #4936, #54, .T. ) ;
#226 = CARTESIAN_POINT ( 'NONE',  ( 1.204527525203440068E-44, 1.388725686697909881E-29, -0.2000000000000080047 ) ) ;
#227 = EDGE_LOOP ( 'NONE', ( #5129, #5776, #3824, #4926, #178, #4798 ) ) ;
#228 = FACE_OUTER_BOUND ( 'NONE', #5558, .T. ) ;
#229 = DIRECTION ( 'NONE',  ( -1.000000000000000000, 0.000000000000000000, 0.000000000000000000 ) ) ;
#230 = LINE ( 'NONE', #4573, #4328 ) ;
#231 = DIRECTION ( 'NONE',  ( 0.000000000000000000, 0.000000000000000000, 1.000000000000000000 ) ) ;
#232 = DIRECTION ( 'NONE',  ( 0.000000000000000000, 0.000000000000000000, 1.000000000000000000 ) ) ;
#233 = PRESENTATION_STYLE_ASSIGNMENT (( #4608 ) ) ;
#234 = SURFACE_STYLE_USAGE ( .BOTH. , #3532 ) ;
#235 = VERTEX_POINT ( 'NONE', #6598 ) ;
#236 = ORIENTED_EDGE ( 'NONE', *, *, #1321, .T. ) ;
#237 = CARTESIAN_POINT ( 'NONE',  ( 2.750000000000000000, 4.200000000000000178, 0.1000000000000000056 ) ) ;
#238 = EDGE_CURVE ( 'NONE', #3759, #3621, #1679, .T. ) ;
#239 = LINE ( 'NONE', #4615, #2212 ) ;
#240 = ORIENTED_EDGE ( 'NONE', *, *, #7043, .F. ) ;
#241 = ORIENTED_EDGE ( 'NONE', *, *, #4882, .T. ) ;
#242 = DIRECTION ( 'NONE',  ( 0.000000000000000000, -1.000000000000000000, 0.000000000000000000 ) ) ;
#243 = MECHANICAL_DESIGN_GEOMETRIC_PRESENTATION_REPRESENTATION (  '', ( #3680 ), #4020 ) ;
#244 = UNCERTAINTY_MEASURE_WITH_UNIT (LENGTH_MEASURE( 1.000000000000000082E-05 ), #6679, 'distance_accuracy_value', 'NONE');
#245 =( LENGTH_UNIT ( ) NAMED_UNIT ( * ) SI_UNIT ( .MILLI., .METRE. ) );
#246 = MECHANICAL_DESIGN_GEOMETRIC_PRESENTATION_REPRESENTATION (  '', ( #4935 ), #2777 ) ;
#247 = CARTESIAN_POINT ( 'NONE',  ( -0.5500000000000000444, 2.449999999999999734, -3.559999999999999609 ) ) ;
#248 = VECTOR ( 'NONE', #1765, 1000.000000000000000 ) ;
#249 = COLOUR_RGB ( '',0.7529411764705882248, 0.7529411764705882248, 0.7529411764705882248 ) ;
#250 = SURFACE_STYLE_USAGE ( .BOTH. , #746 ) ;
#251 = SURFACE_SIDE_STYLE ('',( #2029 ) ) ;
#252 = SURFACE_STYLE_FILL_AREA ( #3474 ) ;
#253 = EDGE_LOOP ( 'NONE', ( #177, #1207, #3793, #6799 ) ) ;
#254 = DIRECTION ( 'NONE',  ( 0.000000000000000000, 0.1961161351381831008, -0.9805806756909204447 ) ) ;
#255 = UNCERTAINTY_MEASURE_WITH_UNIT (LENGTH_MEASURE( 1.000000000000000082E-05 ), #3208, 'distance_accuracy_value', 'NONE');
#256 = CARTESIAN_POINT ( 'NONE',  ( 2.449999999999999734, 3.950000000000000178, 2.024999999999999911 ) ) ;
#257 = VECTOR ( 'NONE', #1621, 1000.000000000000000 ) ;
#258 = ADVANCED_FACE ( 'NONE', ( #5510 ), #4427, .F. ) ;
#259 = DIRECTION ( 'NONE',  ( 1.000000000000000000, 0.000000000000000000, 0.000000000000000000 ) ) ;
#260 =( NAMED_UNIT ( * ) PLANE_ANGLE_UNIT ( ) SI_UNIT ( $, .RADIAN. ) );
#261 = DIRECTION ( 'NONE',  ( 0.000000000000000000, 0.000000000000000000, 1.000000000000000000 ) ) ;
#262 =( NAMED_UNIT ( * ) SI_UNIT ( $, .STERADIAN. ) SOLID_ANGLE_UNIT ( ) );
#263 = EDGE_LOOP ( 'NONE', ( #7067, #2757, #4482, #6028 ) ) ;
#264 = VECTOR ( 'NONE', #82, 1000.000000000000000 ) ;
#265 = MECHANICAL_DESIGN_GEOMETRIC_PRESENTATION_REPRESENTATION (  '', ( #3015 ), #2689 ) ;
#266 = LINE ( 'NONE', #5113, #3068 ) ;
#267 =( NAMED_UNIT ( * ) SI_UNIT ( $, .STERADIAN. ) SOLID_ANGLE_UNIT ( ) );
#268 = COLOUR_RGB ( '',0.7529411764705882248, 0.7529411764705882248, 0.7529411764705882248 ) ;
#269 = VECTOR ( 'NONE', #2284, 1000.000000000000000 ) ;
#270 = DIRECTION ( 'NONE',  ( 0.8320502943378438321, -0.5547001962252288143, 0.000000000000000000 ) ) ;
#271 = DIRECTION ( 'NONE',  ( 0.000000000000000000, 1.000000000000000000, 0.000000000000000000 ) ) ;
#272 = ORIENTED_EDGE ( 'NONE', *, *, #787, .F. ) ;
#273 = VERTEX_POINT ( 'NONE', #6717 ) ;
#274 = FACE_OUTER_BOUND ( 'NONE', #1323, .T. ) ;
#275 = CYLINDRICAL_SURFACE ( 'NONE', #5536, 0.09999999999999982514 ) ;
#276 = VECTOR ( 'NONE', #984, 1000.000000000000000 ) ;
#277 = ADVANCED_FACE ( 'NONE', ( #2431 ), #6190, .F. ) ;
#278 = FILL_AREA_STYLE ('',( #2382 ) ) ;
#279 = EDGE_LOOP ( 'NONE', ( #801, #4862, #5822, #6715, #6948 ) ) ;
#280 = AXIS2_PLACEMENT_3D ( 'NONE', #2011, #4180, #6377 ) ;
#281 = ORIENTED_EDGE ( 'NONE', *, *, #5727, .F. ) ;
#282 = LINE ( 'NONE', #807, #3761 ) ;
#283 = ORIENTED_EDGE ( 'NONE', *, *, #9, .F. ) ;
#284 = SURFACE_SIDE_STYLE ('',( #6353 ) ) ;
#285 = FILL_AREA_STYLE_COLOUR ( '', #4619 ) ;
#286 =( NAMED_UNIT ( * ) PLANE_ANGLE_UNIT ( ) SI_UNIT ( $, .RADIAN. ) );
#287 = CARTESIAN_POINT ( 'NONE',  ( 0.5500000000000000444, 2.449999999999999734, -3.559999999999999609 ) ) ;
#288 = ORIENTED_EDGE ( 'NONE', *, *, #2914, .T. ) ;
#289 =( LENGTH_UNIT ( ) NAMED_UNIT ( * ) SI_UNIT ( .MILLI., .METRE. ) );
#290 = FILL_AREA_STYLE ('',( #2576 ) ) ;
#291 = DIRECTION ( 'NONE',  ( 1.196361017915040028E-15, 2.990902544787590210E-16, -1.000000000000000000 ) ) ;
#292 =( GEOMETRIC_REPRESENTATION_CONTEXT ( 3 ) GLOBAL_UNCERTAINTY_ASSIGNED_CONTEXT ( ( #5344 ) ) GLOBAL_UNIT_ASSIGNED_CONTEXT ( ( #119, #4420, #5573 ) ) REPRESENTATION_CONTEXT ( 'NONE', 'WORKASPACE' ) );
#293 = DIRECTION ( 'NONE',  ( 0.7071067811865470176, 0.000000000000000000, -0.7071067811865480168 ) ) ;
#294 = SURFACE_SIDE_STYLE ('',( #2075 ) ) ;
#295 = VERTEX_POINT ( 'NONE', #3443 ) ;
#296 = EDGE_CURVE ( 'NONE', #5450, #527, #266, .T. ) ;
#297 = DIRECTION ( 'NONE',  ( 0.000000000000000000, -5.421010862427520198E-16, 1.000000000000000000 ) ) ;
#298 = EDGE_CURVE ( 'NONE', #2953, #1566, #3483, .T. ) ;
#299 = EDGE_CURVE ( 'NONE', #58, #4195, #2970, .T. ) ;
#300 = MECHANICAL_DESIGN_GEOMETRIC_PRESENTATION_REPRESENTATION (  '', ( #6748 ), #2166 ) ;
#301 = AXIS2_PLACEMENT_3D ( 'NONE', #1493, #2686, #4279 ) ;
#302 = CARTESIAN_POINT ( 'NONE',  ( 0.1600000000000000033, 5.599999999999999645, -0.2000000000000000111 ) ) ;
#303 = CARTESIAN_POINT ( 'NONE',  ( -2.267406316945908884, 1.121729122036057014, 1.976139413213473528 ) ) ;
#304 = PLANE ( 'NONE',  #3973 ) ;
#305 = ORIENTED_EDGE ( 'NONE', *, *, #850, .T. ) ;
#306 = CARTESIAN_POINT ( 'NONE',  ( 3.419999999999999929, 2.000000000000000000, 0.2500000000000000000 ) ) ;
#307 = SURFACE_STYLE_FILL_AREA ( #5188 ) ;
#308 = PRESENTATION_LAYER_ASSIGNMENT (  '', '', ( #80 ) ) ;
#309 = VECTOR ( 'NONE', #3095, 1000.000000000000000 ) ;
#310 = DIRECTION ( 'NONE',  ( -1.000000000000000000, 0.000000000000000000, 6.776263578034390387E-17 ) ) ;
#311 = EDGE_LOOP ( 'NONE', ( #4269, #2046, #6384, #6051 ) ) ;
#312 = VECTOR ( 'NONE', #2998, 1000.000000000000000 ) ;
#313 = ORIENTED_EDGE ( 'NONE', *, *, #1579, .F. ) ;
#314 = DIRECTION ( 'NONE',  ( 0.000000000000000000, 0.000000000000000000, -1.000000000000000000 ) ) ;
#315 = EDGE_CURVE ( 'NONE', #3661, #1835, #1974, .T. ) ;
#316 = COLOUR_RGB ( '',1.000000000000000000, 1.000000000000000000, 0.7529411764705882248 ) ;
#317 = STYLED_ITEM ( 'NONE', ( #2423 ), #6264 ) ;
#318 = VECTOR ( 'NONE', #5541, 1000.000000000000000 ) ;
#319 = UNCERTAINTY_MEASURE_WITH_UNIT (LENGTH_MEASURE( 1.000000000000000082E-05 ), #118, 'distance_accuracy_value', 'NONE');
#320 = ADVANCED_FACE ( 'NONE', ( #2467 ), #1237, .T. ) ;
#321 = SURFACE_SIDE_STYLE ('',( #6711 ) ) ;
#322 = CARTESIAN_POINT ( 'NONE',  ( 2.750000000000000000, 2.000000000000000000, 2.799999999999999822 ) ) ;
#323 = CARTESIAN_POINT ( 'NONE',  ( -0.1499999999999999944, 1.199999999999999956, 0.4000000000000000222 ) ) ;
#324 = AXIS2_PLACEMENT_3D ( 'NONE', #5460, #1004, #4980 ) ;
#325 = CARTESIAN_POINT ( 'NONE',  ( 2.750000000000000000, 1.000000000000000000, -8.673617379884039416E-16 ) ) ;
#326 = STYLED_ITEM ( 'NONE', ( #3258 ), #5636 ) ;
#327 = FACE_OUTER_BOUND ( 'NONE', #1746, .T. ) ;
#328 = ORIENTED_EDGE ( 'NONE', *, *, #3322, .F. ) ;
#329 = CARTESIAN_POINT ( 'NONE',  ( -2.149999999999999911, 1.199999999999999956, 2.799999999999999822 ) ) ;
#330 = PLANE ( 'NONE',  #4488 ) ;
#331 = ORIENTED_EDGE ( 'NONE', *, *, #1895, .F. ) ;
#332 = UNCERTAINTY_MEASURE_WITH_UNIT (LENGTH_MEASURE( 1.000000000000000082E-05 ), #1419, 'distance_accuracy_value', 'NONE');
#333 = EDGE_CURVE ( 'NONE', #3796, #3339, #1967, .T. ) ;
#334 = VECTOR ( 'NONE', #1876, 1000.000000000000000 ) ;
#335 = SURFACE_STYLE_USAGE ( .BOTH. , #5937 ) ;
#336 = CARTESIAN_POINT ( 'NONE',  ( -1.090000000000000080, 5.899999999999999467, 1.175000000000000044 ) ) ;
#337 = ORIENTED_EDGE ( 'NONE', *, *, #2480, .F. ) ;
#338 = VECTOR ( 'NONE', #669, 1000.000000000000000 ) ;
#339 = FILL_AREA_STYLE ('',( #4240 ) ) ;
#340 = LINE ( 'NONE', #6337, #5680 ) ;
#341 = EDGE_CURVE ( 'NONE', #4123, #6965, #6476, .T. ) ;
#342 = DIRECTION ( 'NONE',  ( -1.000000000000000000, 6.834269481524929886E-33, -5.042800802258159255E-17 ) ) ;
#343 = CARTESIAN_POINT ( 'NONE',  ( 2.275849698379619923, 3.950000000000000178, 1.221601206481500057 ) ) ;
#344 = ORIENTED_EDGE ( 'NONE', *, *, #1966, .T. ) ;
#345 = SURFACE_SIDE_STYLE ('',( #4287 ) ) ;
#346 =( NAMED_UNIT ( * ) SI_UNIT ( $, .STERADIAN. ) SOLID_ANGLE_UNIT ( ) );
#347 = LINE ( 'NONE', #3075, #6208 ) ;
#348 = SURFACE_SIDE_STYLE ('',( #2051 ) ) ;
#349 = ADVANCED_FACE ( 'NONE', ( #1559, #4774 ), #2005, .F. ) ;
#350 = ORIENTED_EDGE ( 'NONE', *, *, #2711, .T. ) ;
#351 = ORIENTED_EDGE ( 'NONE', *, *, #2647, .F. ) ;
#352 = EDGE_CURVE ( 'NONE', #1168, #3313, #4673, .T. ) ;
#353 = ORIENTED_EDGE ( 'NONE', *, *, #4160, .T. ) ;
#354 = LINE ( 'NONE', #5309, #4826 ) ;
#355 = CARTESIAN_POINT ( 'NONE',  ( 0.1600000000000000033, 6.000000000000000000, -0.2000000000000000111 ) ) ;
#356 = FILL_AREA_STYLE ('',( #2526 ) ) ;
#357 = CARTESIAN_POINT ( 'NONE',  ( -4.250000000000000000, 4.200000000000000178, 1.879283765641539862E-14 ) ) ;
#358 = CARTESIAN_POINT ( 'NONE',  ( -2.750000000000000000, 2.000000000000000000, 2.799999999999999822 ) ) ;
#359 = ORIENTED_EDGE ( 'NONE', *, *, #955, .T. ) ;
#360 =( NAMED_UNIT ( * ) SI_UNIT ( $, .STERADIAN. ) SOLID_ANGLE_UNIT ( ) );
#361 =( NAMED_UNIT ( * ) SI_UNIT ( $, .STERADIAN. ) SOLID_ANGLE_UNIT ( ) );
#362 = ORIENTED_EDGE ( 'NONE', *, *, #5678, .T. ) ;
#363 = DIRECTION ( 'NONE',  ( 0.000000000000000000, 1.000000000000000000, 0.000000000000000000 ) ) ;
#364 =( NAMED_UNIT ( * ) SI_UNIT ( $, .STERADIAN. ) SOLID_ANGLE_UNIT ( ) );
#365 = ORIENTED_EDGE ( 'NONE', *, *, #955, .F. ) ;
#366 = LINE ( 'NONE', #2076, #3835 ) ;
#367 = DIRECTION ( 'NONE',  ( 0.000000000000000000, -1.000000000000000000, 0.000000000000000000 ) ) ;
#368 = STYLED_ITEM ( 'NONE', ( #4975 ), #2154 ) ;
#369 = VECTOR ( 'NONE', #941, 1000.000000000000000 ) ;
#370 = SURFACE_STYLE_USAGE ( .BOTH. , #4644 ) ;
#371 = MECHANICAL_DESIGN_GEOMETRIC_PRESENTATION_REPRESENTATION (  '', ( #6699 ), #3816 ) ;
#372 =( GEOMETRIC_REPRESENTATION_CONTEXT ( 3 ) GLOBAL_UNCERTAINTY_ASSIGNED_CONTEXT ( ( #1690 ) ) GLOBAL_UNIT_ASSIGNED_CONTEXT ( ( #1564, #1021, #2654 ) ) REPRESENTATION_CONTEXT ( 'NONE', 'WORKASPACE' ) );
#373 = DIRECTION ( 'NONE',  ( 0.000000000000000000, 1.000000000000000000, 0.000000000000000000 ) ) ;
#374 = ORIENTED_EDGE ( 'NONE', *, *, #2601, .T. ) ;
#375 = LINE ( 'NONE', #6524, #4161 ) ;
#376 =( LENGTH_UNIT ( ) NAMED_UNIT ( * ) SI_UNIT ( .MILLI., .METRE. ) );
#377 = SURFACE_STYLE_FILL_AREA ( #2658 ) ;
#378 =( LENGTH_UNIT ( ) NAMED_UNIT ( * ) SI_UNIT ( .MILLI., .METRE. ) );
#379 = VECTOR ( 'NONE', #712, 1000.000000000000000 ) ;
#380 = VERTEX_POINT ( 'NONE', #1459 ) ;
#381 = VERTEX_POINT ( 'NONE', #908 ) ;
#382 = SURFACE_STYLE_USAGE ( .BOTH. , #4124 ) ;
#383 = PRESENTATION_LAYER_ASSIGNMENT (  '', '', ( #169 ) ) ;
#384 = VECTOR ( 'NONE', #4809, 1000.000000000000000 ) ;
#385 = UNCERTAINTY_MEASURE_WITH_UNIT (LENGTH_MEASURE( 1.000000000000000082E-05 ), #1325, 'distance_accuracy_value', 'NONE');
#386 = ORIENTED_EDGE ( 'NONE', *, *, #617, .T. ) ;
#387 = DIRECTION ( 'NONE',  ( 0.000000000000000000, 0.000000000000000000, 1.000000000000000000 ) ) ;
#388 = VECTOR ( 'NONE', #1851, 1000.000000000000000 ) ;
#389 = CARTESIAN_POINT ( 'NONE',  ( 1.120637947783920023E-29, 4.200000000000000178, 2.067212142205700064E-14 ) ) ;
#390 = CARTESIAN_POINT ( 'NONE',  ( -4.250000000000000000, 2.000000000000000000, -0.2000000000000000111 ) ) ;
#391 = FILL_AREA_STYLE_COLOUR ( '', #5019 ) ;
#392 = ORIENTED_EDGE ( 'NONE', *, *, #659, .F. ) ;
#393 = PRESENTATION_STYLE_ASSIGNMENT (( #820 ) ) ;
#394 = CARTESIAN_POINT ( 'NONE',  ( -1.090000000000000080, 5.599999999999999645, -0.2000000000000000111 ) ) ;
#395 = VECTOR ( 'NONE', #4773, 1000.000000000000000 ) ;
#396 = LINE ( 'NONE', #5973, #6506 ) ;
#397 = DIRECTION ( 'NONE',  ( 0.000000000000000000, 1.000000000000000000, 3.419883424068560022E-16 ) ) ;
#398 = FACE_OUTER_BOUND ( 'NONE', #4370, .T. ) ;
#399 = CARTESIAN_POINT ( 'NONE',  ( -1.409999999999999920, 6.000000000000000000, -0.2000000000000000111 ) ) ;
#400 = CARTESIAN_POINT ( 'NONE',  ( -1.409999999999999920, 6.000000000000000000, -0.2000000000000000111 ) ) ;
#401 = EDGE_CURVE ( 'NONE', #295, #1817, #366, .T. ) ;
#402 = EDGE_CURVE ( 'NONE', #5048, #1937, #2581, .T. ) ;
#403 = LINE ( 'NONE', #1490, #2566 ) ;
#404 = DIRECTION ( 'NONE',  ( 0.000000000000000000, -1.000000000000000000, 0.000000000000000000 ) ) ;
#405 =( LENGTH_UNIT ( ) NAMED_UNIT ( * ) SI_UNIT ( .MILLI., .METRE. ) );
#406 = STYLED_ITEM ( 'NONE', ( #3419 ), #1741 ) ;
#407 = PRESENTATION_STYLE_ASSIGNMENT (( #7027 ) ) ;
#408 = FILL_AREA_STYLE ('',( #3642 ) ) ;
#409 = ORIENTED_EDGE ( 'NONE', *, *, #4811, .F. ) ;
#410 = VECTOR ( 'NONE', #1643, 1000.000000000000000 ) ;
#411 = LINE ( 'NONE', #3711, #2448 ) ;
#412 = VECTOR ( 'NONE', #6408, 1000.000000000000000 ) ;
#413 = VERTEX_POINT ( 'NONE', #3738 ) ;
#414 = MECHANICAL_DESIGN_GEOMETRIC_PRESENTATION_REPRESENTATION (  '', ( #3502 ), #6855 ) ;
#415 = ORIENTED_EDGE ( 'NONE', *, *, #333, .F. ) ;
#416 = SURFACE_STYLE_USAGE ( .BOTH. , #3251 ) ;
#417 =( GEOMETRIC_REPRESENTATION_CONTEXT ( 3 ) GLOBAL_UNCERTAINTY_ASSIGNED_CONTEXT ( ( #3390 ) ) GLOBAL_UNIT_ASSIGNED_CONTEXT ( ( #5645, #1882, #5860 ) ) REPRESENTATION_CONTEXT ( 'NONE', 'WORKASPACE' ) );
#418 = PRODUCT_DEFINITION_FORMATION_WITH_SPECIFIED_SOURCE ( 'ANY', '', #4759, .NOT_KNOWN. ) ;
#419 = VERTEX_POINT ( 'NONE', #6966 ) ;
#420 = FILL_AREA_STYLE ('',( #5346 ) ) ;
#421 = DIRECTION ( 'NONE',  ( 1.196361017915040028E-15, 0.000000000000000000, -1.000000000000000000 ) ) ;
#422 = EDGE_CURVE ( 'NONE', #1997, #5681, #2038, .T. ) ;
#423 = CARTESIAN_POINT ( 'NONE',  ( 1.090000000000000080, 3.950000000000000178, 1.525000000000000133 ) ) ;
#424 =( LENGTH_UNIT ( ) NAMED_UNIT ( * ) SI_UNIT ( .MILLI., .METRE. ) );
#425 = AXIS2_PLACEMENT_3D ( 'NONE', #1478, #5273, #6839 ) ;
#426 = ORIENTED_EDGE ( 'NONE', *, *, #3838, .F. ) ;
#427 = FILL_AREA_STYLE_COLOUR ( '', #1825 ) ;
#428 = DIRECTION ( 'NONE',  ( 0.7071067811865450192, 0.000000000000000000, 0.7071067811865500152 ) ) ;
#429 = PRESENTATION_LAYER_ASSIGNMENT (  '', '', ( #2509 ) ) ;
#430 = AXIS2_PLACEMENT_3D ( 'NONE', #644, #2928, #6110 ) ;
#431 = EDGE_CURVE ( 'NONE', #667, #4537, #1014, .T. ) ;
#432 = COLOUR_RGB ( '',1.000000000000000000, 1.000000000000000000, 0.7529411764705882248 ) ;
#433 = FACE_OUTER_BOUND ( 'NONE', #1731, .T. ) ;
#434 = FILL_AREA_STYLE ('',( #7119 ) ) ;
#435 = LINE ( 'NONE', #5908, #5311 ) ;
#436 = PRESENTATION_STYLE_ASSIGNMENT (( #5837 ) ) ;
#437 = DIRECTION ( 'NONE',  ( 1.000000000000000000, 0.000000000000000000, 0.000000000000000000 ) ) ;
#438 = VECTOR ( 'NONE', #1995, 1000.000000000000000 ) ;
#439 = VECTOR ( 'NONE', #4483, 1000.000000000000000 ) ;
#440 = COLOUR_RGB ( '',1.000000000000000000, 1.000000000000000000, 0.7529411764705882248 ) ;
#441 = LINE ( 'NONE', #4844, #4083 ) ;
#442 = SURFACE_SIDE_STYLE ('',( #5506 ) ) ;
#443 = EDGE_CURVE ( 'NONE', #2210, #5068, #3667, .T. ) ;
#444 = DIRECTION ( 'NONE',  ( 1.000000000000000000, 0.000000000000000000, 1.315779335540659886E-17 ) ) ;
#445 =( LENGTH_UNIT ( ) NAMED_UNIT ( * ) SI_UNIT ( .MILLI., .METRE. ) );
#446 = AXIS2_PLACEMENT_3D ( 'NONE', #168, #5554, #5513 ) ;
#447 = LINE ( 'NONE', #4848, #6709 ) ;
#448 = AXIS2_PLACEMENT_3D ( 'NONE', #995, #4863, #2158 ) ;
#449 = ORIENTED_EDGE ( 'NONE', *, *, #3382, .F. ) ;
#450 = DIRECTION ( 'NONE',  ( 0.000000000000000000, -1.000000000000000000, 0.000000000000000000 ) ) ;
#451 = PLANE ( 'NONE',  #6142 ) ;
#452 = ORIENTED_EDGE ( 'NONE', *, *, #7113, .T. ) ;
#453 = ORIENTED_EDGE ( 'NONE', *, *, #1614, .F. ) ;
#454 = ADVANCED_FACE ( 'NONE', ( #940 ), #5911, .F. ) ;
#455 = ORIENTED_EDGE ( 'NONE', *, *, #341, .T. ) ;
#456 = UNCERTAINTY_MEASURE_WITH_UNIT (LENGTH_MEASURE( 1.000000000000000082E-05 ), #2735, 'distance_accuracy_value', 'NONE');
#457 = ORIENTED_EDGE ( 'NONE', *, *, #4852, .T. ) ;
#458 = SURFACE_STYLE_FILL_AREA ( #6390 ) ;
#459 = FILL_AREA_STYLE_COLOUR ( '', #5184 ) ;
#460 =( NAMED_UNIT ( * ) SI_UNIT ( $, .STERADIAN. ) SOLID_ANGLE_UNIT ( ) );
#461 = ORIENTED_EDGE ( 'NONE', *, *, #4797, .F. ) ;
#462 = CARTESIAN_POINT ( 'NONE',  ( -1.090000000000000080, 5.400000000000000355, 0.5999999999999999778 ) ) ;
#463 = SHAPE_DEFINITION_REPRESENTATION ( #4648, #3545 ) ;
#464 = DIRECTION ( 'NONE',  ( 1.000000000000000000, 0.000000000000000000, 0.000000000000000000 ) ) ;
#465 =( LENGTH_UNIT ( ) NAMED_UNIT ( * ) SI_UNIT ( .MILLI., .METRE. ) );
#466 = VECTOR ( 'NONE', #2174, 1000.000000000000000 ) ;
#467 = FACE_OUTER_BOUND ( 'NONE', #5049, .T. ) ;
#468 = LINE ( 'NONE', #1636, #1311 ) ;
#469 = LINE ( 'NONE', #1676, #3843 ) ;
#470 = SURFACE_SIDE_STYLE ('',( #6938 ) ) ;
#471 =( NAMED_UNIT ( * ) SI_UNIT ( $, .STERADIAN. ) SOLID_ANGLE_UNIT ( ) );
#472 = ORIENTED_EDGE ( 'NONE', *, *, #3868, .F. ) ;
#473 = MECHANICAL_DESIGN_GEOMETRIC_PRESENTATION_REPRESENTATION (  '', ( #26 ), #4937 ) ;
#474 = CARTESIAN_POINT ( 'NONE',  ( 0.1600000000000000033, 1.699999999999999956, 0.9250000000000000444 ) ) ;
#475 = PRESENTATION_LAYER_ASSIGNMENT (  '', '', ( #3231 ) ) ;
#476 =( NAMED_UNIT ( * ) SI_UNIT ( $, .STERADIAN. ) SOLID_ANGLE_UNIT ( ) );
#477 = SURFACE_SIDE_STYLE ('',( #3748 ) ) ;
#478 = SURFACE_STYLE_FILL_AREA ( #4965 ) ;
#479 = VECTOR ( 'NONE', #2474, 1000.000000000000000 ) ;
#480 = LINE ( 'NONE', #4859, #1879 ) ;
#481 = ORIENTED_EDGE ( 'NONE', *, *, #3830, .F. ) ;
#482 = VERTEX_POINT ( 'NONE', #4308 ) ;
#483 = CYLINDRICAL_SURFACE ( 'NONE', #6303, 0.4500000000000000111 ) ;
#484 = COLOUR_RGB ( '',1.000000000000000000, 1.000000000000000000, 0.7529411764705882248 ) ;
#485 =( GEOMETRIC_REPRESENTATION_CONTEXT ( 3 ) GLOBAL_UNCERTAINTY_ASSIGNED_CONTEXT ( ( #4480 ) ) GLOBAL_UNIT_ASSIGNED_CONTEXT ( ( #2865, #3411, #3480 ) ) REPRESENTATION_CONTEXT ( 'NONE', 'WORKASPACE' ) );
#486 = ADVANCED_FACE ( 'NONE', ( #2681 ), #611, .F. ) ;
#487 = ORIENTED_EDGE ( 'NONE', *, *, #1952, .T. ) ;
#488 = PLANE ( 'NONE',  #942 ) ;
#489 = CARTESIAN_POINT ( 'NONE',  ( 1.800000000000000044, 2.000000000000000000, 2.799999999999999822 ) ) ;
#490 = FILL_AREA_STYLE_COLOUR ( '', #5364 ) ;
#491 = COLOUR_RGB ( '',1.000000000000000000, 1.000000000000000000, 0.7529411764705882248 ) ;
#492 = SURFACE_STYLE_USAGE ( .BOTH. , #5969 ) ;
#493 = ORIENTED_EDGE ( 'NONE', *, *, #1780, .F. ) ;
#494 = DIRECTION ( 'NONE',  ( 0.000000000000000000, 1.000000000000000000, 0.000000000000000000 ) ) ;
#495 = ORIENTED_EDGE ( 'NONE', *, *, #2552, .T. ) ;
#496 = DIRECTION ( 'NONE',  ( 0.000000000000000000, 1.000000000000000000, 0.000000000000000000 ) ) ;
#497 = CARTESIAN_POINT ( 'NONE',  ( -2.449999999999999734, 3.950000000000000178, 1.175000000000000044 ) ) ;
#498 = FILL_AREA_STYLE ('',( #1595 ) ) ;
#499 = FILL_AREA_STYLE_COLOUR ( '', #4318 ) ;
#500 = LINE ( 'NONE', #4917, #5872 ) ;
#501 = SURFACE_SIDE_STYLE ('',( #4881 ) ) ;
#502 = DIRECTION ( 'NONE',  ( 0.000000000000000000, -1.196361017915040028E-15, 1.000000000000000000 ) ) ;
#503 = DIRECTION ( 'NONE',  ( 0.000000000000000000, -1.000000000000000000, 0.000000000000000000 ) ) ;
#504 = CARTESIAN_POINT ( 'NONE',  ( 3.250000000000000000, 4.200000000000000178, 2.000000000000000000 ) ) ;
#505 = LINE ( 'NONE', #3821, #3598 ) ;
#506 = PLANE ( 'NONE',  #7090 ) ;
#507 = ORIENTED_EDGE ( 'NONE', *, *, #675, .T. ) ;
#508 = EDGE_CURVE ( 'NONE', #1170, #3876, #3233, .T. ) ;
#509 = EDGE_CURVE ( 'NONE', #1073, #634, #3114, .T. ) ;
#510 = PRESENTATION_STYLE_ASSIGNMENT (( #2628 ) ) ;
#511 = LINE ( 'NONE', #4856, #3197 ) ;
#512 = SURFACE_STYLE_USAGE ( .BOTH. , #2263 ) ;
#513 = CARTESIAN_POINT ( 'NONE',  ( 0.1500000000000029921, 1.000000000000000000, -3.559999999999999609 ) ) ;
#514 = VERTEX_POINT ( 'NONE', #5430 ) ;
#515 =( GEOMETRIC_REPRESENTATION_CONTEXT ( 3 ) GLOBAL_UNCERTAINTY_ASSIGNED_CONTEXT ( ( #4190 ) ) GLOBAL_UNIT_ASSIGNED_CONTEXT ( ( #3990, #1268, #789 ) ) REPRESENTATION_CONTEXT ( 'NONE', 'WORKASPACE' ) );
#516 = VERTEX_POINT ( 'NONE', #6626 ) ;
#517 = PLANE ( 'NONE',  #448 ) ;
#518 = ORIENTED_EDGE ( 'NONE', *, *, #1150, .T. ) ;
#519 = UNCERTAINTY_MEASURE_WITH_UNIT (LENGTH_MEASURE( 1.000000000000000082E-05 ), #2044, 'distance_accuracy_value', 'NONE');
#520 = STYLED_ITEM ( 'NONE', ( #4355 ), #5143 ) ;
#521 = DIRECTION ( 'NONE',  ( 0.000000000000000000, 5.421010862427520198E-16, -1.000000000000000000 ) ) ;
#522 = AXIS2_PLACEMENT_3D ( 'NONE', #3405, #3267, #4920 ) ;
#523 = EDGE_CURVE ( 'NONE', #4757, #4966, #500, .T. ) ;
#524 = PRESENTATION_STYLE_ASSIGNMENT (( #2638 ) ) ;
#525 = ORIENTED_EDGE ( 'NONE', *, *, #4637, .T. ) ;
#526 = LINE ( 'NONE', #4300, #5029 ) ;
#527 = VERTEX_POINT ( 'NONE', #3 ) ;
#528 = PRESENTATION_STYLE_ASSIGNMENT (( #5532 ) ) ;
#529 = LINE ( 'NONE', #3730, #3802 ) ;
#530 = EDGE_CURVE ( 'NONE', #381, #3900, #2717, .T. ) ;
#531 = PRESENTATION_LAYER_ASSIGNMENT (  '', '', ( #6761 ) ) ;
#532 = SURFACE_SIDE_STYLE ('',( #7059 ) ) ;
#533 =( LENGTH_UNIT ( ) NAMED_UNIT ( * ) SI_UNIT ( .MILLI., .METRE. ) );
#534 =( NAMED_UNIT ( * ) PLANE_ANGLE_UNIT ( ) SI_UNIT ( $, .RADIAN. ) );
#535 = PLANE ( 'NONE',  #539 ) ;
#536 = CARTESIAN_POINT ( 'NONE',  ( -2.050000000000000266, 2.000000000000000000, -0.2000000000000050071 ) ) ;
#537 = EDGE_CURVE ( 'NONE', #1163, #3876, #4347, .T. ) ;
#538 =( NAMED_UNIT ( * ) PLANE_ANGLE_UNIT ( ) SI_UNIT ( $, .RADIAN. ) );
#539 = AXIS2_PLACEMENT_3D ( 'NONE', #6666, #4916, #5878 ) ;
#540 = COLOUR_RGB ( '',1.000000000000000000, 1.000000000000000000, 0.7529411764705882248 ) ;
#541 = FILL_AREA_STYLE_COLOUR ( '', #212 ) ;
#542 = CARTESIAN_POINT ( 'NONE',  ( 2.550000000000000266, 4.200000000000000178, 4.282288809268460026E-16 ) ) ;
#543 = FILL_AREA_STYLE_COLOUR ( '', #5095 ) ;
#544 = VERTEX_POINT ( 'NONE', #6587 ) ;
#545 = VECTOR ( 'NONE', #6139, 1000.000000000000000 ) ;
#546 = FACE_OUTER_BOUND ( 'NONE', #5319, .T. ) ;
#547 = COLOUR_RGB ( '',0.7529411764705882248, 0.7529411764705882248, 0.7529411764705882248 ) ;
#548 = VECTOR ( 'NONE', #1528, 1000.000000000000000 ) ;
#549 = CARTESIAN_POINT ( 'NONE',  ( 0.1600000000000000033, 0.000000000000000000, 0.000000000000000000 ) ) ;
#550 = PRESENTATION_STYLE_ASSIGNMENT (( #4474 ) ) ;
#551 = SURFACE_SIDE_STYLE ('',( #478 ) ) ;
#552 = EDGE_CURVE ( 'NONE', #1904, #4683, #3857, .T. ) ;
#553 = STYLED_ITEM ( 'NONE', ( #2122 ), #5924 ) ;
#554 = CARTESIAN_POINT ( 'NONE',  ( 0.1600000000000000033, 1.699999999999999956, 0.9250000000000000444 ) ) ;
#555 = VERTEX_POINT ( 'NONE', #186 ) ;
#556 = ORIENTED_EDGE ( 'NONE', *, *, #6382, .F. ) ;
#557 = CARTESIAN_POINT ( 'NONE',  ( 2.050000000000000266, 4.200000000000000178, -0.2000000000000000111 ) ) ;
#558 = EDGE_CURVE ( 'NONE', #2021, #4698, #5614, .T. ) ;
#559 = FACE_OUTER_BOUND ( 'NONE', #5559, .T. ) ;
#560 = CARTESIAN_POINT ( 'NONE',  ( 2.550000000000000266, 1.000000000000000000, -0.2000000000000060063 ) ) ;
#561 = EDGE_LOOP ( 'NONE', ( #6574, #6274, #1617, #4815 ) ) ;
#562 = SURFACE_STYLE_USAGE ( .BOTH. , #4909 ) ;
#563 = ORIENTED_EDGE ( 'NONE', *, *, #844, .F. ) ;
#564 = ORIENTED_EDGE ( 'NONE', *, *, #2589, .T. ) ;
#565 = ADVANCED_FACE ( 'NONE', ( #6704 ), #1885, .T. ) ;
#566 = PLANE ( 'NONE',  #1415 ) ;
#567 = LINE ( 'NONE', #3734, #6505 ) ;
#568 =( NAMED_UNIT ( * ) PLANE_ANGLE_UNIT ( ) SI_UNIT ( $, .RADIAN. ) );
#569 = DIRECTION ( 'NONE',  ( 1.000000000000000000, 0.000000000000000000, 0.000000000000000000 ) ) ;
#570 = CARTESIAN_POINT ( 'NONE',  ( 2.250000000000000000, 3.950000000000000178, 2.075000000000000178 ) ) ;
#571 = ORIENTED_EDGE ( 'NONE', *, *, #402, .T. ) ;
#572 = SURFACE_STYLE_USAGE ( .BOTH. , #501 ) ;
#573 = CARTESIAN_POINT ( 'NONE',  ( -1.409999999999999920, 2.700000000000000178, 1.525000000000000133 ) ) ;
#574 = SURFACE_SIDE_STYLE ('',( #4957 ) ) ;
#575 = CARTESIAN_POINT ( 'NONE',  ( -0.1600000000000000033, 1.699999999999999956, 0.9250000000000000444 ) ) ;
#576 = CARTESIAN_POINT ( 'NONE',  ( -2.050000000000000266, 4.200000000000000178, -0.2000000000000000111 ) ) ;
#577 = ORIENTED_EDGE ( 'NONE', *, *, #1966, .F. ) ;
#578 = VECTOR ( 'NONE', #2457, 1000.000000000000000 ) ;
#579 = DIRECTION ( 'NONE',  ( 0.000000000000000000, -1.000000000000000000, 0.000000000000000000 ) ) ;
#580 = DIRECTION ( 'NONE',  ( 0.000000000000000000, 0.000000000000000000, -1.000000000000000000 ) ) ;
#581 = ORIENTED_EDGE ( 'NONE', *, *, #923, .T. ) ;
#582 = ORIENTED_EDGE ( 'NONE', *, *, #298, .F. ) ;
#583 = DIRECTION ( 'NONE',  ( 0.000000000000000000, 1.000000000000000000, 0.000000000000000000 ) ) ;
#584 = COLOUR_RGB ( '',0.7529411764705882248, 0.7529411764705882248, 0.7529411764705882248 ) ;
#585 = VECTOR ( 'NONE', #3316, 1000.000000000000114 ) ;
#586 = ORIENTED_EDGE ( 'NONE', *, *, #3910, .F. ) ;
#587 = COLOUR_RGB ( '',0.7529411764705882248, 0.7529411764705882248, 0.7529411764705882248 ) ;
#588 = VERTEX_POINT ( 'NONE', #5059 ) ;
#589 = DIRECTION ( 'NONE',  ( 0.000000000000000000, 1.000000000000000000, 0.000000000000000000 ) ) ;
#590 = ORIENTED_EDGE ( 'NONE', *, *, #3168, .F. ) ;
#591 = MECHANICAL_DESIGN_GEOMETRIC_PRESENTATION_REPRESENTATION (  '', ( #148 ), #6105 ) ;
#592 = STYLED_ITEM ( 'NONE', ( #2690 ), #3543 ) ;
#593 = UNCERTAINTY_MEASURE_WITH_UNIT (LENGTH_MEASURE( 1.000000000000000082E-05 ), #245, 'distance_accuracy_value', 'NONE');
#594 = CARTESIAN_POINT ( 'NONE',  ( 2.149999999999999911, 2.799999999999999822, 2.799999999999999822 ) ) ;
#595 = CARTESIAN_POINT ( 'NONE',  ( -2.550000000000000266, 1.000000000000000000, -0.2000000000000060063 ) ) ;
#596 = VERTEX_POINT ( 'NONE', #2393 ) ;
#597 = FILL_AREA_STYLE_COLOUR ( '', #6295 ) ;
#598 = ADVANCED_FACE ( 'NONE', ( #4056 ), #2424, .F. ) ;
#599 = ORIENTED_EDGE ( 'NONE', *, *, #3719, .F. ) ;
#600 = PRESENTATION_STYLE_ASSIGNMENT (( #1482 ) ) ;
#601 = PRESENTATION_STYLE_ASSIGNMENT (( #3850 ) ) ;
#602 = UNCERTAINTY_MEASURE_WITH_UNIT (LENGTH_MEASURE( 1.000000000000000082E-05 ), #1921, 'distance_accuracy_value', 'NONE');
#603 = PRESENTATION_LAYER_ASSIGNMENT (  '', '', ( #4613 ) ) ;
#604 = PRESENTATION_LAYER_ASSIGNMENT (  '', '', ( #1292 ) ) ;
#605 = VECTOR ( 'NONE', #3434, 1000.000000000000000 ) ;
#606 = SURFACE_STYLE_FILL_AREA ( #3293 ) ;
#607 = CARTESIAN_POINT ( 'NONE',  ( -1.409999999999999920, 2.399999999999999911, 0.7750000000000000222 ) ) ;
#608 = FILL_AREA_STYLE_COLOUR ( '', #491 ) ;
#609 = PRESENTATION_STYLE_ASSIGNMENT (( #6474 ) ) ;
#610 = DIRECTION ( 'NONE',  ( 0.000000000000000000, 0.000000000000000000, 1.000000000000000000 ) ) ;
#611 = PLANE ( 'NONE',  #3224 ) ;
#612 = VERTEX_POINT ( 'NONE', #4556 ) ;
#613 = DIRECTION ( 'NONE',  ( 0.000000000000000000, 1.000000000000000000, 0.000000000000000000 ) ) ;
#614 =( GEOMETRIC_REPRESENTATION_CONTEXT ( 3 ) GLOBAL_UNCERTAINTY_ASSIGNED_CONTEXT ( ( #1254 ) ) GLOBAL_UNIT_ASSIGNED_CONTEXT ( ( #5812, #3106, #6307 ) ) REPRESENTATION_CONTEXT ( 'NONE', 'WORKASPACE' ) );
#615 = CARTESIAN_POINT ( 'NONE',  ( -0.1600000000000000033, 5.899999999999999467, 0.2999999999999999889 ) ) ;
#616 = DIRECTION ( 'NONE',  ( -1.000000000000000000, 0.000000000000000000, 0.000000000000000000 ) ) ;
#617 = EDGE_CURVE ( 'NONE', #527, #4550, #3402, .T. ) ;
#618 = VERTEX_POINT ( 'NONE', #6843 ) ;
#619 = EDGE_CURVE ( 'NONE', #6087, #1778, #4092, .T. ) ;
#620 = SURFACE_STYLE_USAGE ( .BOTH. , #2751 ) ;
#621 = VERTEX_POINT ( 'NONE', #2854 ) ;
#622 = CARTESIAN_POINT ( 'NONE',  ( -2.550000000000000266, 5.200000000000000178, 7.702172233337019555E-16 ) ) ;
#623 = LINE ( 'NONE', #2374, #4686 ) ;
#624 = VERTEX_POINT ( 'NONE', #5033 ) ;
#625 =( NAMED_UNIT ( * ) SI_UNIT ( $, .STERADIAN. ) SOLID_ANGLE_UNIT ( ) );
#626 = DIRECTION ( 'NONE',  ( -1.000000000000000000, -4.336808689942020201E-16, 0.000000000000000000 ) ) ;
#627 = EDGE_LOOP ( 'NONE', ( #1833, #3658, #1136, #3846, #1146, #6767, #272 ) ) ;
#628 = VERTEX_POINT ( 'NONE', #1552 ) ;
#629 = SURFACE_STYLE_USAGE ( .BOTH. , #2310 ) ;
#630 = CARTESIAN_POINT ( 'NONE',  ( 1.409999999999999920, 5.400000000000000355, 7.771561172376099727E-16 ) ) ;
#631 = STYLED_ITEM ( 'NONE', ( #5145 ), #1545 ) ;
#632 = ORIENTED_EDGE ( 'NONE', *, *, #5942, .F. ) ;
#633 = FACE_OUTER_BOUND ( 'NONE', #206, .T. ) ;
#634 = VERTEX_POINT ( 'NONE', #4700 ) ;
#635 =( LENGTH_UNIT ( ) NAMED_UNIT ( * ) SI_UNIT ( .MILLI., .METRE. ) );
#636 = FILL_AREA_STYLE_COLOUR ( '', #2204 ) ;
#637 = VECTOR ( 'NONE', #1853, 1000.000000000000000 ) ;
#638 = MECHANICAL_DESIGN_GEOMETRIC_PRESENTATION_REPRESENTATION (  '', ( #4878 ), #4199 ) ;
#639 = EDGE_CURVE ( 'NONE', #2409, #667, #6434, .T. ) ;
#640 = EDGE_CURVE ( 'NONE', #1348, #6796, #6322, .T. ) ;
#641 = LINE ( 'NONE', #1773, #2676 ) ;
#642 = SURFACE_STYLE_USAGE ( .BOTH. , #2956 ) ;
#643 = LINE ( 'NONE', #2850, #3246 ) ;
#644 = CARTESIAN_POINT ( 'NONE',  ( 0.1600000000000000033, 6.200000000000000178, 0.2999999999999999889 ) ) ;
#645 = DIRECTION ( 'NONE',  ( 0.000000000000000000, 0.000000000000000000, 1.000000000000000000 ) ) ;
#646 = DIRECTION ( 'NONE',  ( 0.000000000000000000, -3.975407965780180295E-15, 1.000000000000000000 ) ) ;
#647 = EDGE_LOOP ( 'NONE', ( #1626, #2270, #6974, #3116 ) ) ;
#648 = CARTESIAN_POINT ( 'NONE',  ( 2.550000000000000266, 5.200000000000000178, -0.2000000000000000111 ) ) ;
#649 = FACE_OUTER_BOUND ( 'NONE', #6642, .T. ) ;
#650 = EDGE_CURVE ( 'NONE', #1721, #381, #5797, .T. ) ;
#651 = SURFACE_STYLE_USAGE ( .BOTH. , #321 ) ;
#652 = FILL_AREA_STYLE_COLOUR ( '', #484 ) ;
#653 = DIRECTION ( 'NONE',  ( 0.000000000000000000, -1.000000000000000000, -1.807003620809169702E-16 ) ) ;
#654 = ORIENTED_EDGE ( 'NONE', *, *, #1105, .T. ) ;
#655 = LINE ( 'NONE', #6675, #2283 ) ;
#656 = ORIENTED_EDGE ( 'NONE', *, *, #3038, .F. ) ;
#657 = DIRECTION ( 'NONE',  ( 0.000000000000000000, 1.000000000000000000, 0.000000000000000000 ) ) ;
#658 = CIRCLE ( 'NONE', #3756, 0.09999999999999982514 ) ;
#659 = EDGE_CURVE ( 'NONE', #4850, #6868, #821, .T. ) ;
#660 = CARTESIAN_POINT ( 'NONE',  ( -1.800000000000000044, 2.799999999999999822, 2.799999999999999822 ) ) ;
#661 = LINE ( 'NONE', #6194, #2684 ) ;
#662 = DIRECTION ( 'NONE',  ( 0.000000000000000000, 0.000000000000000000, 1.000000000000000000 ) ) ;
#663 = COLOUR_RGB ( '',1.000000000000000000, 1.000000000000000000, 0.7529411764705882248 ) ;
#664 = LINE ( 'NONE', #2876, #2452 ) ;
#665 = VECTOR ( 'NONE', #6348, 1000.000000000000000 ) ;
#666 = VECTOR ( 'NONE', #2719, 1000.000000000000000 ) ;
#667 = VERTEX_POINT ( 'NONE', #2070 ) ;
#668 = ORIENTED_EDGE ( 'NONE', *, *, #4326, .T. ) ;
#669 = DIRECTION ( 'NONE',  ( 0.000000000000000000, 1.000000000000000000, 0.000000000000000000 ) ) ;
#670 = PRESENTATION_LAYER_ASSIGNMENT (  '', '', ( #5381 ) ) ;
#671 = MECHANICAL_DESIGN_GEOMETRIC_PRESENTATION_REPRESENTATION (  '', ( #2520 ), #6528 ) ;
#672 = UNCERTAINTY_MEASURE_WITH_UNIT (LENGTH_MEASURE( 1.000000000000000082E-05 ), #5859, 'distance_accuracy_value', 'NONE');
#673 = DIRECTION ( 'NONE',  ( 0.000000000000000000, 0.7071067811865480168, -0.7071067811865470176 ) ) ;
#674 = PRESENTATION_LAYER_ASSIGNMENT (  '', '', ( #6871 ) ) ;
#675 = EDGE_CURVE ( 'NONE', #1540, #1566, #1420, .T. ) ;
#676 = VERTEX_POINT ( 'NONE', #5864 ) ;
#677 = MECHANICAL_DESIGN_GEOMETRIC_PRESENTATION_REPRESENTATION (  '', ( #4342 ), #2523 ) ;
#678 =( NAMED_UNIT ( * ) SI_UNIT ( $, .STERADIAN. ) SOLID_ANGLE_UNIT ( ) );
#679 = LINE ( 'NONE', #2886, #1375 ) ;
#680 = FILL_AREA_STYLE_COLOUR ( '', #5586 ) ;
#681 =( LENGTH_UNIT ( ) NAMED_UNIT ( * ) SI_UNIT ( .MILLI., .METRE. ) );
#682 = LINE ( 'NONE', #2892, #6283 ) ;
#683 = ORIENTED_EDGE ( 'NONE', *, *, #3712, .T. ) ;
#684 =( NAMED_UNIT ( * ) PLANE_ANGLE_UNIT ( ) SI_UNIT ( $, .RADIAN. ) );
#685 =( NAMED_UNIT ( * ) PLANE_ANGLE_UNIT ( ) SI_UNIT ( $, .RADIAN. ) );
#686 = CARTESIAN_POINT ( 'NONE',  ( 2.250000000000000000, 3.950000000000000178, 1.125000000000000000 ) ) ;
#687 = FILL_AREA_STYLE_COLOUR ( '', #316 ) ;
#688 = EDGE_LOOP ( 'NONE', ( #4157, #3848, #4443, #1258 ) ) ;
#689 = SURFACE_STYLE_USAGE ( .BOTH. , #5626 ) ;
#690 = SURFACE_STYLE_USAGE ( .BOTH. , #3277 ) ;
#691 = CARTESIAN_POINT ( 'NONE',  ( 2.750000000000000000, 4.200000000000000178, 2.500000000000000000 ) ) ;
#692 = LINE ( 'NONE', #4510, #4831 ) ;
#693 = SURFACE_STYLE_USAGE ( .BOTH. , #6230 ) ;
#694 = CARTESIAN_POINT ( 'NONE',  ( 3.250000000000000000, 1.399999999999999911, 2.000000000000000000 ) ) ;
#695 = ORIENTED_EDGE ( 'NONE', *, *, #5403, .T. ) ;
#696 = VECTOR ( 'NONE', #6470, 1000.000000000000000 ) ;
#697 = ORIENTED_EDGE ( 'NONE', *, *, #6716, .F. ) ;
#698 = VECTOR ( 'NONE', #34, 1000.000000000000000 ) ;
#699 = VECTOR ( 'NONE', #1187, 1000.000000000000000 ) ;
#700 = EDGE_LOOP ( 'NONE', ( #5963, #2383, #2165, #7073 ) ) ;
#701 = ORIENTED_EDGE ( 'NONE', *, *, #3490, .T. ) ;
#702 = DIRECTION ( 'NONE',  ( -8.673617379884029556E-16, 1.000000000000000000, 1.709941712034280011E-15 ) ) ;
#703 = EDGE_CURVE ( 'NONE', #3214, #3586, #6916, .T. ) ;
#704 = AXIS2_PLACEMENT_3D ( 'NONE', #2229, #3940, #521 ) ;
#705 = CARTESIAN_POINT ( 'NONE',  ( -3.250000000000000000, 4.200000000000000178, 2.000000000000000000 ) ) ;
#706 =( GEOMETRIC_REPRESENTATION_CONTEXT ( 3 ) GLOBAL_UNCERTAINTY_ASSIGNED_CONTEXT ( ( #593 ) ) GLOBAL_UNIT_ASSIGNED_CONTEXT ( ( #245, #4659, #4126 ) ) REPRESENTATION_CONTEXT ( 'NONE', 'WORKASPACE' ) );
#707 = MECHANICAL_DESIGN_GEOMETRIC_PRESENTATION_REPRESENTATION (  '', ( #3455 ), #27 ) ;
#708 = ORIENTED_EDGE ( 'NONE', *, *, #4256, .T. ) ;
#709 = VECTOR ( 'NONE', #3172, 1000.000000000000000 ) ;
#710 = DIRECTION ( 'NONE',  ( 0.000000000000000000, 1.000000000000000000, 0.000000000000000000 ) ) ;
#711 = FILL_AREA_STYLE ('',( #4457 ) ) ;
#712 = DIRECTION ( 'NONE',  ( 0.000000000000000000, -1.000000000000000000, -1.709941712034280011E-15 ) ) ;
#713 = SURFACE_SIDE_STYLE ('',( #4879 ) ) ;
#714 = COLOUR_RGB ( '',1.000000000000000000, 1.000000000000000000, 0.7529411764705882248 ) ;
#715 = CARTESIAN_POINT ( 'NONE',  ( 1.090000000000000080, 2.700000000000000178, 1.525000000000000133 ) ) ;
#716 = VECTOR ( 'NONE', #5687, 1000.000000000000000 ) ;
#717 = PLANE ( 'NONE',  #1017 ) ;
#718 = PLANE ( 'NONE',  #4751 ) ;
#719 = DIRECTION ( 'NONE',  ( 0.000000000000000000, -5.421010862427520198E-16, 1.000000000000000000 ) ) ;
#720 = DIRECTION ( 'NONE',  ( 0.000000000000000000, 1.000000000000000000, 0.000000000000000000 ) ) ;
#721 = ORIENTED_EDGE ( 'NONE', *, *, #2006, .F. ) ;
#722 =( GEOMETRIC_REPRESENTATION_CONTEXT ( 3 ) GLOBAL_UNCERTAINTY_ASSIGNED_CONTEXT ( ( #106 ) ) GLOBAL_UNIT_ASSIGNED_CONTEXT ( ( #1013, #4877, #2679 ) ) REPRESENTATION_CONTEXT ( 'NONE', 'WORKASPACE' ) );
#723 = EDGE_LOOP ( 'NONE', ( #1752, #164, #2410, #3836 ) ) ;
#724 = VECTOR ( 'NONE', #4238, 1000.000000000000000 ) ;
#725 = CARTESIAN_POINT ( 'NONE',  ( 3.750000000000000000, 1.399999999999999911, 0.1000000000000000056 ) ) ;
#726 = CARTESIAN_POINT ( 'NONE',  ( 0.1600000000000000033, 5.400000000000000355, 7.589415207398530052E-16 ) ) ;
#727 = FACE_OUTER_BOUND ( 'NONE', #2147, .T. ) ;
#728 = EDGE_CURVE ( 'NONE', #6732, #2582, #6988, .T. ) ;
#729 = LINE ( 'NONE', #1330, #2588 ) ;
#730 = EDGE_CURVE ( 'NONE', #6796, #2014, #1516, .T. ) ;
#731 = LINE ( 'NONE', #1362, #2786 ) ;
#732 = EDGE_CURVE ( 'NONE', #4716, #3661, #5202, .T. ) ;
#733 = FACE_OUTER_BOUND ( 'NONE', #4621, .T. ) ;
#734 = VERTEX_POINT ( 'NONE', #4270 ) ;
#735 = LINE ( 'NONE', #474, #4388 ) ;
#736 = SURFACE_STYLE_FILL_AREA ( #5634 ) ;
#737 =( GEOMETRIC_REPRESENTATION_CONTEXT ( 3 ) GLOBAL_UNCERTAINTY_ASSIGNED_CONTEXT ( ( #1109 ) ) GLOBAL_UNIT_ASSIGNED_CONTEXT ( ( #3439, #6152, #756 ) ) REPRESENTATION_CONTEXT ( 'NONE', 'WORKASPACE' ) );
#738 = FACE_OUTER_BOUND ( 'NONE', #5345, .T. ) ;
#739 = VERTEX_POINT ( 'NONE', #3019 ) ;
#740 = ORIENTED_EDGE ( 'NONE', *, *, #5678, .F. ) ;
#741 = CARTESIAN_POINT ( 'NONE',  ( -1.090000000000000080, 6.200000000000000178, 0.2999999999999999889 ) ) ;
#742 = UNCERTAINTY_MEASURE_WITH_UNIT (LENGTH_MEASURE( 1.000000000000000082E-05 ), #5735, 'distance_accuracy_value', 'NONE');
#743 = AXIS2_PLACEMENT_3D ( 'NONE', #1646, #3831, #18 ) ;
#744 = CARTESIAN_POINT ( 'NONE',  ( 2.267406316945910660, 1.121729122036056125, 1.223860586786526428 ) ) ;
#745 = CARTESIAN_POINT ( 'NONE',  ( 1.409999999999999920, 5.100000000000000533, 1.525000000000000133 ) ) ;
#746 = SURFACE_SIDE_STYLE ('',( #5138 ) ) ;
#747 = SURFACE_SIDE_STYLE ('',( #4587 ) ) ;
#748 = MECHANICAL_DESIGN_GEOMETRIC_PRESENTATION_REPRESENTATION (  '', ( #2266 ), #6401 ) ;
#749 = CARTESIAN_POINT ( 'NONE',  ( 2.149999999999999911, 2.000000000000000000, 2.799999999999999822 ) ) ;
#750 =( LENGTH_UNIT ( ) NAMED_UNIT ( * ) SI_UNIT ( .MILLI., .METRE. ) );
#751 = ORIENTED_EDGE ( 'NONE', *, *, #530, .F. ) ;
#752 = PLANE ( 'NONE',  #6144 ) ;
#753 = UNCERTAINTY_MEASURE_WITH_UNIT (LENGTH_MEASURE( 1.000000000000000082E-05 ), #1446, 'distance_accuracy_value', 'NONE');
#754 = STYLED_ITEM ( 'NONE', ( #5775 ), #5112 ) ;
#755 = CARTESIAN_POINT ( 'NONE',  ( 2.750000000000000000, 1.399999999999999911, 0.1000000000000000056 ) ) ;
#756 =( NAMED_UNIT ( * ) SI_UNIT ( $, .STERADIAN. ) SOLID_ANGLE_UNIT ( ) );
#757 = STYLED_ITEM ( 'NONE', ( #1389 ), #6989 ) ;
#758 = LINE ( 'NONE', #3518, #1072 ) ;
#759 = EDGE_LOOP ( 'NONE', ( #3361, #374, #5514, #2329 ) ) ;
#760 = EDGE_CURVE ( 'NONE', #4434, #6245, #5903, .T. ) ;
#761 = DIRECTION ( 'NONE',  ( 0.000000000000000000, 0.000000000000000000, 1.000000000000000000 ) ) ;
#762 = SURFACE_STYLE_USAGE ( .BOTH. , #6225 ) ;
#763 = AXIS2_PLACEMENT_3D ( 'NONE', #2678, #1119, #3232 ) ;
#764 =( NAMED_UNIT ( * ) SI_UNIT ( $, .STERADIAN. ) SOLID_ANGLE_UNIT ( ) );
#765 = CARTESIAN_POINT ( 'NONE',  ( -0.1499999999999999944, 1.000000000000000000, -3.559999999999999609 ) ) ;
#766 = SURFACE_SIDE_STYLE ('',( #197 ) ) ;
#767 = DIRECTION ( 'NONE',  ( 0.000000000000000000, -1.355252715606880049E-16, 1.000000000000000000 ) ) ;
#768 = CARTESIAN_POINT ( 'NONE',  ( -2.050000000000000266, 4.200000000000000178, -9.397244887005778583E-16 ) ) ;
#769 = ORIENTED_EDGE ( 'NONE', *, *, #6612, .F. ) ;
#770 = MECHANICAL_DESIGN_GEOMETRIC_PRESENTATION_REPRESENTATION (  '', ( #6761 ), #1700 ) ;
#771 = VERTEX_POINT ( 'NONE', #974 ) ;
#772 = CARTESIAN_POINT ( 'NONE',  ( 2.750000000000000000, 5.200000000000000178, 7.702172233337019555E-16 ) ) ;
#773 = AXIS2_PLACEMENT_3D ( 'NONE', #1225, #116, #2891 ) ;
#774 = ORIENTED_EDGE ( 'NONE', *, *, #6501, .F. ) ;
#775 = ORIENTED_EDGE ( 'NONE', *, *, #6906, .T. ) ;
#776 =( NAMED_UNIT ( * ) PLANE_ANGLE_UNIT ( ) SI_UNIT ( $, .RADIAN. ) );
#777 = STYLED_ITEM ( 'NONE', ( #6468 ), #5535 ) ;
#778 = EDGE_CURVE ( 'NONE', #5681, #2643, #1959, .T. ) ;
#779 = VECTOR ( 'NONE', #2781, 1000.000000000000000 ) ;
#780 = STYLED_ITEM ( 'NONE', ( #5044 ), #6682 ) ;
#781 = MECHANICAL_DESIGN_GEOMETRIC_PRESENTATION_REPRESENTATION (  '', ( #3300 ), #2646 ) ;
#782 = DIRECTION ( 'NONE',  ( -1.000000000000000000, 0.000000000000000000, 0.000000000000000000 ) ) ;
#783 = CARTESIAN_POINT ( 'NONE',  ( -1.090000000000000080, 2.700000000000000178, 1.525000000000000133 ) ) ;
#784 = DIRECTION ( 'NONE',  ( -1.000000000000000000, 0.000000000000000000, 0.000000000000000000 ) ) ;
#785 =( LENGTH_UNIT ( ) NAMED_UNIT ( * ) SI_UNIT ( .MILLI., .METRE. ) );
#786 = PRESENTATION_STYLE_ASSIGNMENT (( #1777 ) ) ;
#787 = EDGE_CURVE ( 'NONE', #4176, #1437, #5829, .T. ) ;
#788 = ORIENTED_EDGE ( 'NONE', *, *, #2741, .T. ) ;
#789 =( NAMED_UNIT ( * ) SI_UNIT ( $, .STERADIAN. ) SOLID_ANGLE_UNIT ( ) );
#790 =( NAMED_UNIT ( * ) SI_UNIT ( $, .STERADIAN. ) SOLID_ANGLE_UNIT ( ) );
#791 = CARTESIAN_POINT ( 'NONE',  ( 4.250000000000000000, 2.000000000000000000, 0.05000000000000100198 ) ) ;
#792 = DIRECTION ( 'NONE',  ( -1.000000000000000000, 0.000000000000000000, -5.042800802258159255E-17 ) ) ;
#793 = ORIENTED_EDGE ( 'NONE', *, *, #4041, .F. ) ;
#794 = SURFACE_SIDE_STYLE ('',( #5807 ) ) ;
#795 =( LENGTH_UNIT ( ) NAMED_UNIT ( * ) SI_UNIT ( .MILLI., .METRE. ) );
#796 = CARTESIAN_POINT ( 'NONE',  ( -2.050000000000000266, 4.200000000000000178, -0.2000000000000000111 ) ) ;
#797 = DIRECTION ( 'NONE',  ( 0.000000000000000000, 1.000000000000000000, 1.709941712034280011E-15 ) ) ;
#798 = SURFACE_STYLE_FILL_AREA ( #6723 ) ;
#799 = FILL_AREA_STYLE_COLOUR ( '', #5538 ) ;
#800 = CARTESIAN_POINT ( 'NONE',  ( 0.1600000000000000033, 5.899999999999999467, 0.2999999999999999889 ) ) ;
#801 = ORIENTED_EDGE ( 'NONE', *, *, #1895, .T. ) ;
#802 = CARTESIAN_POINT ( 'NONE',  ( -4.450000000000000178, 4.000000000000000000, -0.2000000000000000111 ) ) ;
#803 = CARTESIAN_POINT ( 'NONE',  ( -2.250000000000000000, 3.950000000000000178, 2.075000000000000178 ) ) ;
#804 = SURFACE_STYLE_USAGE ( .BOTH. , #4080 ) ;
#805 = ORIENTED_EDGE ( 'NONE', *, *, #2437, .T. ) ;
#806 = ORIENTED_EDGE ( 'NONE', *, *, #3154, .F. ) ;
#807 = CARTESIAN_POINT ( 'NONE',  ( 3.419999999999999929, 2.000000000000000000, -0.2000000000000000111 ) ) ;
#808 = MECHANICAL_DESIGN_GEOMETRIC_PRESENTATION_REPRESENTATION (  '', ( #5324 ), #6205 ) ;
#809 =( GEOMETRIC_REPRESENTATION_CONTEXT ( 3 ) GLOBAL_UNCERTAINTY_ASSIGNED_CONTEXT ( ( #4694 ) ) GLOBAL_UNIT_ASSIGNED_CONTEXT ( ( #7101, #5553, #16 ) ) REPRESENTATION_CONTEXT ( 'NONE', 'WORKASPACE' ) );
#810 = UNCERTAINTY_MEASURE_WITH_UNIT (LENGTH_MEASURE( 1.000000000000000082E-05 ), #2532, 'distance_accuracy_value', 'NONE');
#811 = DIRECTION ( 'NONE',  ( 1.000000000000000000, 0.000000000000000000, 0.000000000000000000 ) ) ;
#812 = ADVANCED_FACE ( 'NONE', ( #3585 ), #330, .T. ) ;
#813 =( LENGTH_UNIT ( ) NAMED_UNIT ( * ) SI_UNIT ( .MILLI., .METRE. ) );
#814 =( GEOMETRIC_REPRESENTATION_CONTEXT ( 3 ) GLOBAL_UNCERTAINTY_ASSIGNED_CONTEXT ( ( #6497 ) ) GLOBAL_UNIT_ASSIGNED_CONTEXT ( ( #4406, #6096, #2311 ) ) REPRESENTATION_CONTEXT ( 'NONE', 'WORKASPACE' ) );
#815 = EDGE_CURVE ( 'NONE', #3934, #4611, #529, .T. ) ;
#816 = MECHANICAL_DESIGN_GEOMETRIC_PRESENTATION_REPRESENTATION (  '', ( #1292 ), #4278 ) ;
#817 = CARTESIAN_POINT ( 'NONE',  ( 0.1600000000000000033, 3.950000000000000178, 1.125000000000000000 ) ) ;
#818 = EDGE_CURVE ( 'NONE', #6940, #6492, #3321, .T. ) ;
#819 =( GEOMETRIC_REPRESENTATION_CONTEXT ( 3 ) GLOBAL_UNCERTAINTY_ASSIGNED_CONTEXT ( ( #1912 ) ) GLOBAL_UNIT_ASSIGNED_CONTEXT ( ( #4473, #2825, #3962 ) ) REPRESENTATION_CONTEXT ( 'NONE', 'WORKASPACE' ) );
#820 = SURFACE_STYLE_USAGE ( .BOTH. , #4804 ) ;
#821 = LINE ( 'NONE', #287, #2895 ) ;
#822 = EDGE_LOOP ( 'NONE', ( #4979, #2255, #4301, #2665 ) ) ;
#823 = UNCERTAINTY_MEASURE_WITH_UNIT (LENGTH_MEASURE( 1.000000000000000082E-05 ), #5274, 'distance_accuracy_value', 'NONE');
#824 = VECTOR ( 'NONE', #797, 1000.000000000000000 ) ;
#825 = STYLED_ITEM ( 'NONE', ( #3001 ), #3418 ) ;
#826 = FACE_OUTER_BOUND ( 'NONE', #1165, .T. ) ;
#827 = CARTESIAN_POINT ( 'NONE',  ( -2.050000000000000266, 4.200000000000000178, 4.282288809268460026E-16 ) ) ;
#828 = ORIENTED_EDGE ( 'NONE', *, *, #3414, .F. ) ;
#829 =( GEOMETRIC_REPRESENTATION_CONTEXT ( 3 ) GLOBAL_UNCERTAINTY_ASSIGNED_CONTEXT ( ( #5787 ) ) GLOBAL_UNIT_ASSIGNED_CONTEXT ( ( #4712, #6898, #6336 ) ) REPRESENTATION_CONTEXT ( 'NONE', 'WORKASPACE' ) );
#830 = COLOUR_RGB ( '',1.000000000000000000, 1.000000000000000000, 0.7529411764705882248 ) ;
#831 =( LENGTH_UNIT ( ) NAMED_UNIT ( * ) SI_UNIT ( .MILLI., .METRE. ) );
#832 = DIRECTION ( 'NONE',  ( 1.000000000000000000, 0.000000000000000000, 0.000000000000000000 ) ) ;
#833 = FILL_AREA_STYLE ('',( #1432 ) ) ;
#834 = LINE ( 'NONE', #302, #709 ) ;
#835 = EDGE_CURVE ( 'NONE', #3888, #5308, #4411, .T. ) ;
#836 = SURFACE_STYLE_FILL_AREA ( #4211 ) ;
#837 = COLOUR_RGB ( '',0.7529411764705882248, 0.7529411764705882248, 0.7529411764705882248 ) ;
#838 =( LENGTH_UNIT ( ) NAMED_UNIT ( * ) SI_UNIT ( .MILLI., .METRE. ) );
#839 =( NAMED_UNIT ( * ) PLANE_ANGLE_UNIT ( ) SI_UNIT ( $, .RADIAN. ) );
#840 = VERTEX_POINT ( 'NONE', #2710 ) ;
#841 = ORIENTED_EDGE ( 'NONE', *, *, #508, .T. ) ;
#842 = DIRECTION ( 'NONE',  ( 0.000000000000000000, 1.000000000000000000, 1.355252715606880049E-16 ) ) ;
#843 =( LENGTH_UNIT ( ) NAMED_UNIT ( * ) SI_UNIT ( .MILLI., .METRE. ) );
#844 = EDGE_CURVE ( 'NONE', #516, #3403, #6617, .T. ) ;
#845 = FILL_AREA_STYLE_COLOUR ( '', #1102 ) ;
#846 = LINE ( 'NONE', #1370, #1299 ) ;
#847 = VERTEX_POINT ( 'NONE', #4302 ) ;
#848 = COLOUR_RGB ( '',0.7529411764705882248, 0.7529411764705882248, 0.7529411764705882248 ) ;
#849 = ORIENTED_EDGE ( 'NONE', *, *, #5443, .T. ) ;
#850 = EDGE_CURVE ( 'NONE', #62, #4698, #2281, .T. ) ;
#851 = CARTESIAN_POINT ( 'NONE',  ( -2.750000000000000000, 1.399999999999999911, 2.500000000000000000 ) ) ;
#852 = PRESENTATION_STYLE_ASSIGNMENT (( #1477 ) ) ;
#853 = FACE_OUTER_BOUND ( 'NONE', #4707, .T. ) ;
#854 = VERTEX_POINT ( 'NONE', #6542 ) ;
#855 = DIRECTION ( 'NONE',  ( 0.000000000000000000, 0.000000000000000000, 1.000000000000000000 ) ) ;
#856 = FILL_AREA_STYLE_COLOUR ( '', #2770 ) ;
#857 = ORIENTED_EDGE ( 'NONE', *, *, #2421, .T. ) ;
#858 = EDGE_CURVE ( 'NONE', #4589, #1039, #3504, .T. ) ;
#859 =( LENGTH_UNIT ( ) NAMED_UNIT ( * ) SI_UNIT ( .MILLI., .METRE. ) );
#860 = EDGE_CURVE ( 'NONE', #4911, #1616, #5534, .T. ) ;
#861 = CARTESIAN_POINT ( 'NONE',  ( 2.275849698379619923, 1.116100201080249876, 1.978398793518490129 ) ) ;
#862 = MECHANICAL_DESIGN_GEOMETRIC_PRESENTATION_REPRESENTATION (  '', ( #6493 ), #983 ) ;
#863 = FACE_OUTER_BOUND ( 'NONE', #4674, .T. ) ;
#864 = PLANE ( 'NONE',  #3074 ) ;
#865 = ORIENTED_EDGE ( 'NONE', *, *, #5780, .F. ) ;
#866 = CARTESIAN_POINT ( 'NONE',  ( -0.1600000000000000033, 2.700000000000000178, 1.525000000000000133 ) ) ;
#867 = DIRECTION ( 'NONE',  ( -1.000000000000000000, 0.000000000000000000, 0.000000000000000000 ) ) ;
#868 = ADVANCED_FACE ( 'NONE', ( #7055 ), #2807, .T. ) ;
#869 = DIRECTION ( 'NONE',  ( 1.000000000000000000, 0.000000000000000000, 0.000000000000000000 ) ) ;
#870 = COLOUR_RGB ( '',0.7529411764705882248, 0.7529411764705882248, 0.7529411764705882248 ) ;
#871 = SURFACE_STYLE_USAGE ( .BOTH. , #1494 ) ;
#872 =( GEOMETRIC_REPRESENTATION_CONTEXT ( 3 ) GLOBAL_UNCERTAINTY_ASSIGNED_CONTEXT ( ( #5504 ) ) GLOBAL_UNIT_ASSIGNED_CONTEXT ( ( #6670, #2894, #46 ) ) REPRESENTATION_CONTEXT ( 'NONE', 'WORKASPACE' ) );
#873 = SURFACE_STYLE_USAGE ( .BOTH. , #2652 ) ;
#874 = CARTESIAN_POINT ( 'NONE',  ( -2.250000000000000000, 1.133333333333329973, 1.975000000000000089 ) ) ;
#875 = ADVANCED_FACE ( 'NONE', ( #6662 ), #7118, .F. ) ;
#876 = SURFACE_STYLE_USAGE ( .BOTH. , #470 ) ;
#877 =( NAMED_UNIT ( * ) SI_UNIT ( $, .STERADIAN. ) SOLID_ANGLE_UNIT ( ) );
#878 = ORIENTED_EDGE ( 'NONE', *, *, #1628, .F. ) ;
#879 = DIRECTION ( 'NONE',  ( 1.000000000000000000, 0.000000000000000000, 0.000000000000000000 ) ) ;
#880 = COLOUR_RGB ( '',1.000000000000000000, 1.000000000000000000, 0.7529411764705882248 ) ;
#881 = LINE ( 'NONE', #2317, #5530 ) ;
#882 = CARTESIAN_POINT ( 'NONE',  ( 4.049999999999999822, 4.200000000000000178, 2.000000000000000000 ) ) ;
#883 =( GEOMETRIC_REPRESENTATION_CONTEXT ( 3 ) GLOBAL_UNCERTAINTY_ASSIGNED_CONTEXT ( ( #1846 ) ) GLOBAL_UNIT_ASSIGNED_CONTEXT ( ( #3157, #4332, #4830 ) ) REPRESENTATION_CONTEXT ( 'NONE', 'WORKASPACE' ) );
#884 = ORIENTED_EDGE ( 'NONE', *, *, #5003, .F. ) ;
#885 =( GEOMETRIC_REPRESENTATION_CONTEXT ( 3 ) GLOBAL_UNCERTAINTY_ASSIGNED_CONTEXT ( ( #3686 ) ) GLOBAL_UNIT_ASSIGNED_CONTEXT ( ( #4568, #6784, #1855 ) ) REPRESENTATION_CONTEXT ( 'NONE', 'WORKASPACE' ) );
#886 = ORIENTED_EDGE ( 'NONE', *, *, #509, .F. ) ;
#887 = PLANE ( 'NONE',  #5491 ) ;
#888 = PRESENTATION_LAYER_ASSIGNMENT (  '', '', ( #3983 ) ) ;
#889 =( GEOMETRIC_REPRESENTATION_CONTEXT ( 3 ) GLOBAL_UNCERTAINTY_ASSIGNED_CONTEXT ( ( #1350 ) ) GLOBAL_UNIT_ASSIGNED_CONTEXT ( ( #465, #3202, #5395 ) ) REPRESENTATION_CONTEXT ( 'NONE', 'WORKASPACE' ) );
#890 = UNCERTAINTY_MEASURE_WITH_UNIT (LENGTH_MEASURE( 1.000000000000000082E-05 ), #3372, 'distance_accuracy_value', 'NONE');
#891 = SURFACE_SIDE_STYLE ('',( #458 ) ) ;
#892 = DIRECTION ( 'NONE',  ( 0.000000000000000000, 3.975407965780180295E-15, -1.000000000000000000 ) ) ;
#893 = VECTOR ( 'NONE', #855, 1000.000000000000000 ) ;
#894 = DIRECTION ( 'NONE',  ( 1.000000000000000000, 0.000000000000000000, 0.000000000000000000 ) ) ;
#895 = AXIS2_PLACEMENT_3D ( 'NONE', #6286, #784, #5170 ) ;
#896 = DIRECTION ( 'NONE',  ( -7.228014483236700500E-16, 1.000000000000000000, 0.000000000000000000 ) ) ;
#897 = PRESENTATION_LAYER_ASSIGNMENT (  '', '', ( #3993 ) ) ;
#898 = ORIENTED_EDGE ( 'NONE', *, *, #6698, .T. ) ;
#899 = FACE_OUTER_BOUND ( 'NONE', #4918, .T. ) ;
#900 = ORIENTED_EDGE ( 'NONE', *, *, #1729, .T. ) ;
#901 = LINE ( 'NONE', #2533, #6388 ) ;
#902 =( GEOMETRIC_REPRESENTATION_CONTEXT ( 3 ) GLOBAL_UNCERTAINTY_ASSIGNED_CONTEXT ( ( #5574 ) ) GLOBAL_UNIT_ASSIGNED_CONTEXT ( ( #4435, #3899, #2829 ) ) REPRESENTATION_CONTEXT ( 'NONE', 'WORKASPACE' ) );
#903 =( GEOMETRIC_REPRESENTATION_CONTEXT ( 3 ) GLOBAL_UNCERTAINTY_ASSIGNED_CONTEXT ( ( #2427 ) ) GLOBAL_UNIT_ASSIGNED_CONTEXT ( ( #1107, #6456, #4365 ) ) REPRESENTATION_CONTEXT ( 'NONE', 'WORKASPACE' ) );
#904 = CARTESIAN_POINT ( 'NONE',  ( 1.090000000000000080, 6.000000000000000000, -0.2000000000000000111 ) ) ;
#905 = CARTESIAN_POINT ( 'NONE',  ( 2.750000000000000000, 5.200000000000000178, 7.702172233337019555E-16 ) ) ;
#906 = VERTEX_POINT ( 'NONE', #6104 ) ;
#907 = VECTOR ( 'NONE', #6822, 1000.000000000000000 ) ;
#908 = CARTESIAN_POINT ( 'NONE',  ( 1.409999999999999920, 6.000000000000000000, -0.2000000000000000111 ) ) ;
#909 = SURFACE_STYLE_FILL_AREA ( #339 ) ;
#910 = FILL_AREA_STYLE ('',( #3706 ) ) ;
#911 = CARTESIAN_POINT ( 'NONE',  ( 2.149999999999999911, 2.200000000000000178, 2.799999999999999822 ) ) ;
#912 = CARTESIAN_POINT ( 'NONE',  ( 0.1600000000000000033, 5.899999999999999467, 1.175000000000000044 ) ) ;
#913 = VERTEX_POINT ( 'NONE', #4650 ) ;
#914 = LINE ( 'NONE', #3676, #1984 ) ;
#915 = PLANE ( 'NONE',  #4528 ) ;
#916 = CARTESIAN_POINT ( 'NONE',  ( 1.409999999999999920, 1.699999999999999956, 0.9250000000000000444 ) ) ;
#917 = ORIENTED_EDGE ( 'NONE', *, *, #1273, .F. ) ;
#918 = ORIENTED_EDGE ( 'NONE', *, *, #78, .F. ) ;
#919 = FILL_AREA_STYLE_COLOUR ( '', #5607 ) ;
#920 = ORIENTED_EDGE ( 'NONE', *, *, #2386, .F. ) ;
#921 = DIRECTION ( 'NONE',  ( -1.000000000000000000, 0.000000000000000000, 0.000000000000000000 ) ) ;
#922 = CARTESIAN_POINT ( 'NONE',  ( 1.800000000000000044, 2.600000000000000089, 3.000000000000000000 ) ) ;
#923 = EDGE_CURVE ( 'NONE', #3209, #5305, #5026, .T. ) ;
#924 = DIRECTION ( 'NONE',  ( 1.000000000000000000, 0.000000000000000000, 1.315779335540659886E-17 ) ) ;
#925 = LINE ( 'NONE', #5315, #6236 ) ;
#926 = CARTESIAN_POINT ( 'NONE',  ( -1.409999999999999920, 6.200000000000000178, 7.318364664277149999E-16 ) ) ;
#927 = VECTOR ( 'NONE', #2489, 1000.000000000000000 ) ;
#928 = VERTEX_POINT ( 'NONE', #2354 ) ;
#929 = CARTESIAN_POINT ( 'NONE',  ( 1.409999999999999920, 6.200000000000000178, 0.2999999999999999889 ) ) ;
#930 = CARTESIAN_POINT ( 'NONE',  ( -1.090000000000000080, 5.400000000000000355, 7.771561172376099727E-16 ) ) ;
#931 = CARTESIAN_POINT ( 'NONE',  ( 0.5500000000000000444, 2.449999999999999734, -3.559999999999999609 ) ) ;
#932 = DIRECTION ( 'NONE',  ( 1.000000000000000000, 0.000000000000000000, 0.000000000000000000 ) ) ;
#933 = VECTOR ( 'NONE', #5388, 1000.000000000000000 ) ;
#934 = VECTOR ( 'NONE', #2917, 1000.000000000000000 ) ;
#935 =( NAMED_UNIT ( * ) PLANE_ANGLE_UNIT ( ) SI_UNIT ( $, .RADIAN. ) );
#936 =( GEOMETRIC_REPRESENTATION_CONTEXT ( 3 ) GLOBAL_UNCERTAINTY_ASSIGNED_CONTEXT ( ( #181 ) ) GLOBAL_UNIT_ASSIGNED_CONTEXT ( ( #5880, #1468, #476 ) ) REPRESENTATION_CONTEXT ( 'NONE', 'WORKASPACE' ) );
#937 = SURFACE_STYLE_FILL_AREA ( #5868 ) ;
#938 =( LENGTH_UNIT ( ) NAMED_UNIT ( * ) SI_UNIT ( .MILLI., .METRE. ) );
#939 = CARTESIAN_POINT ( 'NONE',  ( -1.090000000000000080, 1.699999999999999956, 0.9250000000000000444 ) ) ;
#940 = FACE_OUTER_BOUND ( 'NONE', #5743, .T. ) ;
#941 = DIRECTION ( 'NONE',  ( 0.000000000000000000, 1.355252715606880049E-16, -1.000000000000000000 ) ) ;
#942 = AXIS2_PLACEMENT_3D ( 'NONE', #5858, #4864, #7078 ) ;
#943 = STYLED_ITEM ( 'NONE', ( #6724 ), #3397 ) ;
#944 =( LENGTH_UNIT ( ) NAMED_UNIT ( * ) SI_UNIT ( .MILLI., .METRE. ) );
#945 =( NAMED_UNIT ( * ) SI_UNIT ( $, .STERADIAN. ) SOLID_ANGLE_UNIT ( ) );
#946 = FACE_OUTER_BOUND ( 'NONE', #1655, .T. ) ;
#947 = VECTOR ( 'NONE', #6759, 1000.000000000000000 ) ;
#948 = VECTOR ( 'NONE', #261, 1000.000000000000000 ) ;
#949 = VERTEX_POINT ( 'NONE', #3535 ) ;
#950 =( NAMED_UNIT ( * ) SI_UNIT ( $, .STERADIAN. ) SOLID_ANGLE_UNIT ( ) );
#951 = FACE_OUTER_BOUND ( 'NONE', #2625, .T. ) ;
#952 = DIRECTION ( 'NONE',  ( -1.000000000000000000, 0.000000000000000000, 0.000000000000000000 ) ) ;
#953 = AXIS2_PLACEMENT_3D ( 'NONE', #3175, #3644, #2115 ) ;
#954 = VECTOR ( 'NONE', #4464, 1000.000000000000000 ) ;
#955 = EDGE_CURVE ( 'NONE', #1798, #419, #881, .T. ) ;
#956 = VECTOR ( 'NONE', #2138, 1000.000000000000000 ) ;
#957 = EDGE_CURVE ( 'NONE', #5509, #544, #347, .T. ) ;
#958 = EDGE_CURVE ( 'NONE', #5633, #3796, #5644, .T. ) ;
#959 = CARTESIAN_POINT ( 'NONE',  ( -2.149999999999999911, 3.950000000000000178, 1.125000000000000000 ) ) ;
#960 = VERTEX_POINT ( 'NONE', #1976 ) ;
#961 = ORIENTED_EDGE ( 'NONE', *, *, #6830, .T. ) ;
#962 = FACE_OUTER_BOUND ( 'NONE', #5707, .T. ) ;
#963 =( GEOMETRIC_REPRESENTATION_CONTEXT ( 3 ) GLOBAL_UNCERTAINTY_ASSIGNED_CONTEXT ( ( #2271 ) ) GLOBAL_UNIT_ASSIGNED_CONTEXT ( ( #6789, #3932, #5117 ) ) REPRESENTATION_CONTEXT ( 'NONE', 'WORKASPACE' ) );
#964 = EDGE_CURVE ( 'NONE', #5005, #3661, #4720, .T. ) ;
#965 = UNCERTAINTY_MEASURE_WITH_UNIT (LENGTH_MEASURE( 1.000000000000000082E-05 ), #405, 'distance_accuracy_value', 'NONE');
#966 = ORIENTED_EDGE ( 'NONE', *, *, #5522, .F. ) ;
#967 = PLANE ( 'NONE',  #5299 ) ;
#968 = FILL_AREA_STYLE ('',( #459 ) ) ;
#969 = PRESENTATION_STYLE_ASSIGNMENT (( #3190 ) ) ;
#970 = FILL_AREA_STYLE_COLOUR ( '', #6352 ) ;
#971 = CYLINDRICAL_SURFACE ( 'NONE', #5376, 0.09999999999999982514 ) ;
#972 = EDGE_LOOP ( 'NONE', ( #3193, #4140, #5267, #1807 ) ) ;
#973 = FACE_OUTER_BOUND ( 'NONE', #6650, .T. ) ;
#974 = CARTESIAN_POINT ( 'NONE',  ( 0.1600000000000000033, 5.899999999999999467, 0.2999999999999999889 ) ) ;
#975 = STYLED_ITEM ( 'NONE', ( #2995 ), #4564 ) ;
#976 = SURFACE_SIDE_STYLE ('',( #5906 ) ) ;
#977 =( NAMED_UNIT ( * ) PLANE_ANGLE_UNIT ( ) SI_UNIT ( $, .RADIAN. ) );
#978 = DIRECTION ( 'NONE',  ( -1.734723475976810053E-15, -1.000000000000000000, 0.000000000000000000 ) ) ;
#979 = CARTESIAN_POINT ( 'NONE',  ( -2.250000000000000000, 1.133333333333329973, 1.224999999999999867 ) ) ;
#980 = MECHANICAL_DESIGN_GEOMETRIC_PRESENTATION_REPRESENTATION (  '', ( #5918 ), #6487 ) ;
#981 = DIRECTION ( 'NONE',  ( 0.000000000000000000, 1.000000000000000000, 0.000000000000000000 ) ) ;
#982 = FILL_AREA_STYLE ('',( #2584 ) ) ;
#983 =( GEOMETRIC_REPRESENTATION_CONTEXT ( 3 ) GLOBAL_UNCERTAINTY_ASSIGNED_CONTEXT ( ( #6430 ) ) GLOBAL_UNIT_ASSIGNED_CONTEXT ( ( #6, #1740, #6042 ) ) REPRESENTATION_CONTEXT ( 'NONE', 'WORKASPACE' ) );
#984 = DIRECTION ( 'NONE',  ( -1.000000000000000000, 0.000000000000000000, -1.008560160451629879E-16 ) ) ;
#985 = ADVANCED_FACE ( 'NONE', ( #6735 ), #275, .T. ) ;
#986 = CARTESIAN_POINT ( 'NONE',  ( -0.1600000000000000033, 5.400000000000000355, 7.589415207398530052E-16 ) ) ;
#987 =( LENGTH_UNIT ( ) NAMED_UNIT ( * ) SI_UNIT ( .MILLI., .METRE. ) );
#988 = ORIENTED_EDGE ( 'NONE', *, *, #2240, .F. ) ;
#989 = DIRECTION ( 'NONE',  ( 0.000000000000000000, 1.000000000000000000, 0.000000000000000000 ) ) ;
#990 = CARTESIAN_POINT ( 'NONE',  ( 3.287712434446770082, 2.000000000000000000, 0.1000000000000000056 ) ) ;
#991 =( GEOMETRIC_REPRESENTATION_CONTEXT ( 3 ) GLOBAL_UNCERTAINTY_ASSIGNED_CONTEXT ( ( #5061 ) ) GLOBAL_UNIT_ASSIGNED_CONTEXT ( ( #1457, #3025, #2037 ) ) REPRESENTATION_CONTEXT ( 'NONE', 'WORKASPACE' ) );
#992 = VERTEX_POINT ( 'NONE', #3944 ) ;
#993 =( GEOMETRIC_REPRESENTATION_CONTEXT ( 3 ) GLOBAL_UNCERTAINTY_ASSIGNED_CONTEXT ( ( #3323 ) ) GLOBAL_UNIT_ASSIGNED_CONTEXT ( ( #859, #6216, #2993 ) ) REPRESENTATION_CONTEXT ( 'NONE', 'WORKASPACE' ) );
#994 = ORIENTED_EDGE ( 'NONE', *, *, #3688, .F. ) ;
#995 = CARTESIAN_POINT ( 'NONE',  ( -2.149999999999999911, 3.950000000000000178, 1.125000000000000000 ) ) ;
#996 = ORIENTED_EDGE ( 'NONE', *, *, #552, .F. ) ;
#997 = FILL_AREA_STYLE ('',( #6499 ) ) ;
#998 = LINE ( 'NONE', #4331, #6700 ) ;
#999 = COLOUR_RGB ( '',0.7529411764705882248, 0.7529411764705882248, 0.7529411764705882248 ) ;
#1000 =( NAMED_UNIT ( * ) PLANE_ANGLE_UNIT ( ) SI_UNIT ( $, .RADIAN. ) );
#1001 = STYLED_ITEM ( 'NONE', ( #4247 ), #5096 ) ;
#1002 = ORIENTED_EDGE ( 'NONE', *, *, #6301, .T. ) ;
#1003 = STYLED_ITEM ( 'NONE', ( #1739 ), #6141 ) ;
#1004 = DIRECTION ( 'NONE',  ( 0.000000000000000000, 1.709941712034280011E-15, -1.000000000000000000 ) ) ;
#1005 = CARTESIAN_POINT ( 'NONE',  ( 2.275849698379619923, 1.116100201080249876, 1.978398793518490129 ) ) ;
#1006 = VECTOR ( 'NONE', #3018, 1000.000000000000000 ) ;
#1007 = ORIENTED_EDGE ( 'NONE', *, *, #617, .F. ) ;
#1008 = CARTESIAN_POINT ( 'NONE',  ( -3.250000000000000000, 1.399999999999999911, 2.000000000000000000 ) ) ;
#1009 = VECTOR ( 'NONE', #6829, 1000.000000000000114 ) ;
#1010 = AXIS2_PLACEMENT_3D ( 'NONE', #4415, #1154, #3854 ) ;
#1011 = LINE ( 'NONE', #1629, #1756 ) ;
#1012 = PRESENTATION_STYLE_ASSIGNMENT (( #7020 ) ) ;
#1013 =( LENGTH_UNIT ( ) NAMED_UNIT ( * ) SI_UNIT ( .MILLI., .METRE. ) );
#1014 = LINE ( 'NONE', #6409, #6237 ) ;
#1015 = CARTESIAN_POINT ( 'NONE',  ( 1.090000000000000080, 2.399999999999999911, 0.7750000000000000222 ) ) ;
#1016 = MECHANICAL_DESIGN_GEOMETRIC_PRESENTATION_REPRESENTATION (  '', ( #6523 ), #3291 ) ;
#1017 = AXIS2_PLACEMENT_3D ( 'NONE', #5928, #3617, #4730 ) ;
#1018 = SURFACE_SIDE_STYLE ('',( #3205 ) ) ;
#1019 = CARTESIAN_POINT ( 'NONE',  ( 2.149999999999999911, 1.199999999999999956, 2.075000000000000178 ) ) ;
#1020 = PRESENTATION_LAYER_ASSIGNMENT (  '', '', ( #780 ) ) ;
#1021 =( NAMED_UNIT ( * ) PLANE_ANGLE_UNIT ( ) SI_UNIT ( $, .RADIAN. ) );
#1022 = STYLED_ITEM ( 'NONE', ( #2268 ), #5974 ) ;
#1023 = ORIENTED_EDGE ( 'NONE', *, *, #787, .T. ) ;
#1024 = EDGE_CURVE ( 'NONE', #4664, #5380, #3909, .T. ) ;
#1025 = FILL_AREA_STYLE_COLOUR ( '', #3013 ) ;
#1026 = FILL_AREA_STYLE_COLOUR ( '', #6804 ) ;
#1027 = PRESENTATION_STYLE_ASSIGNMENT (( #3677 ) ) ;
#1028 = CARTESIAN_POINT ( 'NONE',  ( -4.250000000000000000, 1.399999999999999911, 0.5999999999999999778 ) ) ;
#1029 = CARTESIAN_POINT ( 'NONE',  ( -2.750000000000000000, 1.399999999999999911, 2.500000000000000000 ) ) ;
#1030 = SURFACE_STYLE_FILL_AREA ( #6055 ) ;
#1031 = EDGE_LOOP ( 'NONE', ( #4077, #5733, #6060, #305 ) ) ;
#1032 = ORIENTED_EDGE ( 'NONE', *, *, #3314, .F. ) ;
#1033 = CARTESIAN_POINT ( 'NONE',  ( 0.1600000000000000033, 5.100000000000000533, 1.525000000000000133 ) ) ;
#1034 = ORIENTED_EDGE ( 'NONE', *, *, #2461, .T. ) ;
#1035 = UNCERTAINTY_MEASURE_WITH_UNIT (LENGTH_MEASURE( 1.000000000000000082E-05 ), #4967, 'distance_accuracy_value', 'NONE');
#1036 = DIRECTION ( 'NONE',  ( 0.000000000000000000, 0.000000000000000000, 1.000000000000000000 ) ) ;
#1037 = CARTESIAN_POINT ( 'NONE',  ( -2.050000000000000266, 5.200000000000000178, -0.2000000000000000111 ) ) ;
#1038 = FACE_OUTER_BOUND ( 'NONE', #6004, .T. ) ;
#1039 = VERTEX_POINT ( 'NONE', #3364 ) ;
#1040 = CARTESIAN_POINT ( 'NONE',  ( -3.419999999999999929, 2.000000000000000000, -0.2000000000000000111 ) ) ;
#1041 = ORIENTED_EDGE ( 'NONE', *, *, #352, .F. ) ;
#1042 = FILL_AREA_STYLE ('',( #2095 ) ) ;
#1043 = SURFACE_STYLE_FILL_AREA ( #6006 ) ;
#1044 = LINE ( 'NONE', #3775, #6273 ) ;
#1045 = ADVANCED_FACE ( 'NONE', ( #5566 ), #1404, .F. ) ;
#1046 = EDGE_CURVE ( 'NONE', #1817, #3906, #3244, .T. ) ;
#1047 = EDGE_CURVE ( 'NONE', #6986, #1904, #914, .T. ) ;
#1048 = CARTESIAN_POINT ( 'NONE',  ( 2.750000000000000000, 2.000000000000000000, 2.799999999999999822 ) ) ;
#1049 = MECHANICAL_DESIGN_GEOMETRIC_PRESENTATION_REPRESENTATION (  '', ( #2670 ), #1749 ) ;
#1050 = CYLINDRICAL_SURFACE ( 'NONE', #4542, 0.1000000000000000472 ) ;
#1051 = DIRECTION ( 'NONE',  ( 0.000000000000000000, -1.000000000000000000, 0.000000000000000000 ) ) ;
#1052 =( NAMED_UNIT ( * ) PLANE_ANGLE_UNIT ( ) SI_UNIT ( $, .RADIAN. ) );
#1053 = CARTESIAN_POINT ( 'NONE',  ( -2.250000000000000000, 3.950000000000000178, 1.125000000000000000 ) ) ;
#1054 = AXIS2_PLACEMENT_3D ( 'NONE', #5296, #1535, #952 ) ;
#1055 =( LENGTH_UNIT ( ) NAMED_UNIT ( * ) SI_UNIT ( .MILLI., .METRE. ) );
#1056 = CARTESIAN_POINT ( 'NONE',  ( 2.149999999999999911, 2.000000000000000000, 3.000000000000000000 ) ) ;
#1057 = ORIENTED_EDGE ( 'NONE', *, *, #957, .T. ) ;
#1058 = AXIS2_PLACEMENT_3D ( 'NONE', #2951, #5126, #4121 ) ;
#1059 = PRESENTATION_LAYER_ASSIGNMENT (  '', '', ( #6334 ) ) ;
#1060 = DIRECTION ( 'NONE',  ( 0.000000000000000000, 3.614007241618349954E-15, -1.000000000000000000 ) ) ;
#1061 = EDGE_CURVE ( 'NONE', #739, #5633, #5337, .T. ) ;
#1062 = ADVANCED_FACE ( 'NONE', ( #5916 ), #5987, .F. ) ;
#1063 = VECTOR ( 'NONE', #1615, 1000.000000000000000 ) ;
#1064 = VECTOR ( 'NONE', #1583, 1000.000000000000000 ) ;
#1065 = LINE ( 'NONE', #1211, #5307 ) ;
#1066 = LINE ( 'NONE', #6562, #6179 ) ;
#1067 = ORIENTED_EDGE ( 'NONE', *, *, #2589, .F. ) ;
#1068 = ORIENTED_EDGE ( 'NONE', *, *, #1069, .F. ) ;
#1069 = EDGE_CURVE ( 'NONE', #6868, #2884, #2049, .T. ) ;
#1070 = VECTOR ( 'NONE', #2148, 1000.000000000000000 ) ;
#1071 = STYLED_ITEM ( 'NONE', ( #5622 ), #2909 ) ;
#1072 = VECTOR ( 'NONE', #6816, 1000.000000000000000 ) ;
#1073 = VERTEX_POINT ( 'NONE', #1501 ) ;
#1074 =( NAMED_UNIT ( * ) PLANE_ANGLE_UNIT ( ) SI_UNIT ( $, .RADIAN. ) );
#1075 = DIRECTION ( 'NONE',  ( 0.000000000000000000, 1.355252715606880049E-16, -1.000000000000000000 ) ) ;
#1076 = SURFACE_SIDE_STYLE ('',( #1622 ) ) ;
#1077 = EDGE_CURVE ( 'NONE', #4504, #992, #7008, .T. ) ;
#1078 =( NAMED_UNIT ( * ) SI_UNIT ( $, .STERADIAN. ) SOLID_ANGLE_UNIT ( ) );
#1079 = ORIENTED_EDGE ( 'NONE', *, *, #6556, .T. ) ;
#1080 = SURFACE_SIDE_STYLE ('',( #5900 ) ) ;
#1081 = ORIENTED_EDGE ( 'NONE', *, *, #3107, .T. ) ;
#1082 = CARTESIAN_POINT ( 'NONE',  ( -0.5500000000000000444, 2.449999999999999734, -3.559999999999999609 ) ) ;
#1083 = PRESENTATION_STYLE_ASSIGNMENT (( #3227 ) ) ;
#1084 = MECHANICAL_DESIGN_GEOMETRIC_PRESENTATION_REPRESENTATION (  '', ( #169 ), #963 ) ;
#1085 =( LENGTH_UNIT ( ) NAMED_UNIT ( * ) SI_UNIT ( .MILLI., .METRE. ) );
#1086 = LINE ( 'NONE', #3263, #605 ) ;
#1087 = FILL_AREA_STYLE ('',( #4840 ) ) ;
#1088 = SURFACE_SIDE_STYLE ('',( #3856 ) ) ;
#1089 = CARTESIAN_POINT ( 'NONE',  ( -1.090000000000000080, 3.950000000000000178, 1.125000000000000000 ) ) ;
#1090 = LINE ( 'NONE', #4495, #2258 ) ;
#1091 = EDGE_CURVE ( 'NONE', #854, #3586, #411, .T. ) ;
#1092 = SURFACE_STYLE_USAGE ( .BOTH. , #1707 ) ;
#1093 = CARTESIAN_POINT ( 'NONE',  ( -0.1600000000000000033, 5.200000000000000178, 8.881784197001250351E-16 ) ) ;
#1094 = SURFACE_SIDE_STYLE ('',( #2179 ) ) ;
#1095 = DIRECTION ( 'NONE',  ( -0.8121631077622942785, -0.5414420718415300371, 0.2173282522587510202 ) ) ;
#1096 =( NAMED_UNIT ( * ) PLANE_ANGLE_UNIT ( ) SI_UNIT ( $, .RADIAN. ) );
#1097 = SURFACE_STYLE_USAGE ( .BOTH. , #1639 ) ;
#1098 = VERTEX_POINT ( 'NONE', #4785 ) ;
#1099 = EDGE_CURVE ( 'NONE', #4123, #5675, #2085, .T. ) ;
#1100 = DIRECTION ( 'NONE',  ( 1.000000000000000000, 0.000000000000000000, 0.000000000000000000 ) ) ;
#1101 = PRESENTATION_STYLE_ASSIGNMENT (( #3148 ) ) ;
#1102 = COLOUR_RGB ( '',1.000000000000000000, 1.000000000000000000, 0.7529411764705882248 ) ;
#1103 = DIRECTION ( 'NONE',  ( 0.8320502943378430549, 0.5547001962252299245, 0.000000000000000000 ) ) ;
#1104 = ORIENTED_EDGE ( 'NONE', *, *, #4118, .F. ) ;
#1105 = EDGE_CURVE ( 'NONE', #4701, #2832, #6485, .T. ) ;
#1106 = ORIENTED_EDGE ( 'NONE', *, *, #1388, .T. ) ;
#1107 =( LENGTH_UNIT ( ) NAMED_UNIT ( * ) SI_UNIT ( .MILLI., .METRE. ) );
#1108 = EDGE_LOOP ( 'NONE', ( #1894, #6860, #2952, #6522 ) ) ;
#1109 = UNCERTAINTY_MEASURE_WITH_UNIT (LENGTH_MEASURE( 1.000000000000000082E-05 ), #3439, 'distance_accuracy_value', 'NONE');
#1110 = AXIS2_PLACEMENT_3D ( 'NONE', #226, #6714, #4025 ) ;
#1111 = PLANE ( 'NONE',  #704 ) ;
#1112 = AXIS2_PLACEMENT_3D ( 'NONE', #256, #3022, #5757 ) ;
#1113 = ORIENTED_EDGE ( 'NONE', *, *, #2682, .F. ) ;
#1114 = FILL_AREA_STYLE ('',( #5458 ) ) ;
#1115 = ORIENTED_EDGE ( 'NONE', *, *, #1270, .F. ) ;
#1116 = DIRECTION ( 'NONE',  ( -4.336808689942020201E-16, -1.000000000000000000, -1.709941712034280011E-15 ) ) ;
#1117 = CIRCLE ( 'NONE', #73, 0.4499999999999999001 ) ;
#1118 = VECTOR ( 'NONE', #4368, 1000.000000000000114 ) ;
#1119 = DIRECTION ( 'NONE',  ( -0.000000000000000000, 1.000000000000000000, 0.000000000000000000 ) ) ;
#1120 = FACE_OUTER_BOUND ( 'NONE', #6555, .T. ) ;
#1121 = DIRECTION ( 'NONE',  ( 0.000000000000000000, 0.000000000000000000, 1.000000000000000000 ) ) ;
#1122 = DIRECTION ( 'NONE',  ( -1.000000000000000000, 0.000000000000000000, 0.000000000000000000 ) ) ;
#1123 = SURFACE_STYLE_FILL_AREA ( #5468 ) ;
#1124 = ORIENTED_EDGE ( 'NONE', *, *, #4637, .F. ) ;
#1125 = UNCERTAINTY_MEASURE_WITH_UNIT (LENGTH_MEASURE( 1.000000000000000082E-05 ), #1868, 'distance_accuracy_value', 'NONE');
#1126 = FILL_AREA_STYLE ('',( #5575 ) ) ;
#1127 = STYLED_ITEM ( 'NONE', ( #5100 ), #5417 ) ;
#1128 = STYLED_ITEM ( 'NONE', ( #6786 ), #1800 ) ;
#1129 = DIRECTION ( 'NONE',  ( 1.000000000000000000, 0.000000000000000000, 0.000000000000000000 ) ) ;
#1130 = SURFACE_STYLE_USAGE ( .BOTH. , #6595 ) ;
#1131 = PRESENTATION_STYLE_ASSIGNMENT (( #6673 ) ) ;
#1132 = ORIENTED_EDGE ( 'NONE', *, *, #6582, .T. ) ;
#1133 = COLOUR_RGB ( '',1.000000000000000000, 1.000000000000000000, 0.7529411764705882248 ) ;
#1134 = CARTESIAN_POINT ( 'NONE',  ( 4.349999999999999645, 2.100000000000000089, -0.2000000000000000111 ) ) ;
#1135 = COLOUR_RGB ( '',1.000000000000000000, 1.000000000000000000, 0.7529411764705882248 ) ;
#1136 = ORIENTED_EDGE ( 'NONE', *, *, #4591, .F. ) ;
#1137 =( NAMED_UNIT ( * ) SI_UNIT ( $, .STERADIAN. ) SOLID_ANGLE_UNIT ( ) );
#1138 = PRESENTATION_STYLE_ASSIGNMENT (( #3346 ) ) ;
#1139 = VECTOR ( 'NONE', #2557, 1000.000000000000114 ) ;
#1140 = EDGE_CURVE ( 'NONE', #5229, #1767, #2752, .T. ) ;
#1141 = DIRECTION ( 'NONE',  ( 1.000000000000000000, 6.168736498624420216E-16, 0.000000000000000000 ) ) ;
#1142 = ORIENTED_EDGE ( 'NONE', *, *, #5780, .T. ) ;
#1143 = ORIENTED_EDGE ( 'NONE', *, *, #6386, .T. ) ;
#1144 = ORIENTED_EDGE ( 'NONE', *, *, #2340, .F. ) ;
#1145 = LINE ( 'NONE', #3391, #248 ) ;
#1146 = ORIENTED_EDGE ( 'NONE', *, *, #7034, .F. ) ;
#1147 = VERTEX_POINT ( 'NONE', #2185 ) ;
#1148 = DIRECTION ( 'NONE',  ( -0.7071067811865500152, 0.000000000000000000, 0.7071067811865450192 ) ) ;
#1149 = DIRECTION ( 'NONE',  ( 1.000000000000000000, 0.000000000000000000, 0.000000000000000000 ) ) ;
#1150 = EDGE_CURVE ( 'NONE', #5228, #2415, #4506, .T. ) ;
#1151 = ADVANCED_FACE ( 'NONE', ( #1680 ), #5512, .T. ) ;
#1152 =( NAMED_UNIT ( * ) SI_UNIT ( $, .STERADIAN. ) SOLID_ANGLE_UNIT ( ) );
#1153 = LINE ( 'NONE', #2173, #6580 ) ;
#1154 = DIRECTION ( 'NONE',  ( 0.000000000000000000, -3.419883424068560022E-16, 1.000000000000000000 ) ) ;
#1155 = LINE ( 'NONE', #3916, #3985 ) ;
#1156 = ORIENTED_EDGE ( 'NONE', *, *, #3191, .F. ) ;
#1157 = FILL_AREA_STYLE_COLOUR ( '', #3731 ) ;
#1158 = CARTESIAN_POINT ( 'NONE',  ( -2.250000000000000000, 3.950000000000000178, 1.125000000000000000 ) ) ;
#1159 =( NAMED_UNIT ( * ) PLANE_ANGLE_UNIT ( ) SI_UNIT ( $, .RADIAN. ) );
#1160 = PLANE ( 'NONE',  #6114 ) ;
#1161 =( NAMED_UNIT ( * ) PLANE_ANGLE_UNIT ( ) SI_UNIT ( $, .RADIAN. ) );
#1162 = SURFACE_STYLE_FILL_AREA ( #6634 ) ;
#1163 = VERTEX_POINT ( 'NONE', #3869 ) ;
#1164 = SURFACE_SIDE_STYLE ('',( #6636 ) ) ;
#1165 = EDGE_LOOP ( 'NONE', ( #865, #1728, #3728, #6947, #6640, #2948, #5970, #1143, #5932, #5041 ) ) ;
#1166 = PRESENTATION_LAYER_ASSIGNMENT (  '', '', ( #2670 ) ) ;
#1167 = DIRECTION ( 'NONE',  ( 1.000000000000000000, 0.000000000000000000, 0.000000000000000000 ) ) ;
#1168 = VERTEX_POINT ( 'NONE', #6123 ) ;
#1169 = CARTESIAN_POINT ( 'NONE',  ( 0.1600000000000000033, 5.100000000000000533, 0.5999999999999999778 ) ) ;
#1170 = VERTEX_POINT ( 'NONE', #3416 ) ;
#1171 = CARTESIAN_POINT ( 'NONE',  ( -4.250000000000000000, 4.200000000000000178, 1.879283765641539862E-14 ) ) ;
#1172 = COLOUR_RGB ( '',1.000000000000000000, 1.000000000000000000, 0.7529411764705882248 ) ;
#1173 = VECTOR ( 'NONE', #710, 1000.000000000000000 ) ;
#1174 = ORIENTED_EDGE ( 'NONE', *, *, #2211, .F. ) ;
#1175 = ORIENTED_EDGE ( 'NONE', *, *, #3601, .F. ) ;
#1176 = ORIENTED_EDGE ( 'NONE', *, *, #211, .F. ) ;
#1177 = MECHANICAL_DESIGN_GEOMETRIC_PRESENTATION_REPRESENTATION (  '', ( #4606 ), #5183 ) ;
#1178 = ADVANCED_FACE ( 'NONE', ( #5628 ), #4395, .F. ) ;
#1179 = VECTOR ( 'NONE', #5383, 1000.000000000000000 ) ;
#1180 = UNCERTAINTY_MEASURE_WITH_UNIT (LENGTH_MEASURE( 1.000000000000000082E-05 ), #2849, 'distance_accuracy_value', 'NONE');
#1181 = CARTESIAN_POINT ( 'NONE',  ( 2.250000000000000000, 1.133333333333329973, 1.224999999999999867 ) ) ;
#1182 = VECTOR ( 'NONE', #342, 1000.000000000000000 ) ;
#1183 = EDGE_LOOP ( 'NONE', ( #353, #1214, #1828, #1402, #409, #415 ) ) ;
#1184 = DIRECTION ( 'NONE',  ( -1.000000000000000000, 0.000000000000000000, 0.000000000000000000 ) ) ;
#1185 = VERTEX_POINT ( 'NONE', #622 ) ;
#1186 = LINE ( 'NONE', #2353, #5375 ) ;
#1187 = DIRECTION ( 'NONE',  ( -8.673617379884039416E-16, -1.000000000000000000, -1.709941712034280011E-15 ) ) ;
#1188 = EDGE_CURVE ( 'NONE', #4589, #3758, #5006, .T. ) ;
#1189 = MECHANICAL_DESIGN_GEOMETRIC_PRESENTATION_REPRESENTATION (  '', ( #4613 ), #4617 ) ;
#1190 = EDGE_CURVE ( 'NONE', #2193, #1786, #131, .T. ) ;
#1191 = STYLED_ITEM ( 'NONE', ( #183 ), #4075 ) ;
#1192 = CARTESIAN_POINT ( 'NONE',  ( 2.449999999999999734, 1.000000000000000000, 2.799999999999999822 ) ) ;
#1193 = SURFACE_STYLE_USAGE ( .BOTH. , #1264 ) ;
#1194 = PLANE ( 'NONE',  #773 ) ;
#1195 = DIRECTION ( 'NONE',  ( 0.000000000000000000, -0.9805806756909203337, -0.1961161351381830731 ) ) ;
#1196 = EDGE_CURVE ( 'NONE', #2054, #4850, #3560, .T. ) ;
#1197 = DIRECTION ( 'NONE',  ( 0.000000000000000000, 0.000000000000000000, 1.000000000000000000 ) ) ;
#1198 = COLOUR_RGB ( '',0.7529411764705882248, 0.7529411764705882248, 0.7529411764705882248 ) ;
#1199 = UNCERTAINTY_MEASURE_WITH_UNIT (LENGTH_MEASURE( 1.000000000000000082E-05 ), #635, 'distance_accuracy_value', 'NONE');
#1200 = FILL_AREA_STYLE_COLOUR ( '', #4770 ) ;
#1201 = FILL_AREA_STYLE ('',( #1849 ) ) ;
#1202 = FILL_AREA_STYLE ('',( #1232 ) ) ;
#1203 = SURFACE_STYLE_FILL_AREA ( #3956 ) ;
#1204 = STYLED_ITEM ( 'NONE', ( #5578 ), #4481 ) ;
#1205 = VERTEX_POINT ( 'NONE', #2469 ) ;
#1206 = CARTESIAN_POINT ( 'NONE',  ( -3.419999999999999929, 2.000000000000000000, -0.2000000000000000111 ) ) ;
#1207 = ORIENTED_EDGE ( 'NONE', *, *, #3373, .F. ) ;
#1208 = ORIENTED_EDGE ( 'NONE', *, *, #3121, .T. ) ;
#1209 =( NAMED_UNIT ( * ) PLANE_ANGLE_UNIT ( ) SI_UNIT ( $, .RADIAN. ) );
#1210 = EDGE_CURVE ( 'NONE', #6538, #6188, #5699, .T. ) ;
#1211 = CARTESIAN_POINT ( 'NONE',  ( 2.750000000000000000, 5.200000000000000178, 8.881784197001250351E-16 ) ) ;
#1212 = CARTESIAN_POINT ( 'NONE',  ( 1.090000000000000080, 5.599999999999999645, -0.2000000000000000111 ) ) ;
#1213 = ORIENTED_EDGE ( 'NONE', *, *, #5079, .T. ) ;
#1214 = ORIENTED_EDGE ( 'NONE', *, *, #6637, .T. ) ;
#1215 = CARTESIAN_POINT ( 'NONE',  ( -2.050000000000000266, 1.000000000000000000, -0.2000000000000060063 ) ) ;
#1216 = COLOUR_RGB ( '',0.7529411764705882248, 0.7529411764705882248, 0.7529411764705882248 ) ;
#1217 = FACE_BOUND ( 'NONE', #7031, .T. ) ;
#1218 = PRESENTATION_LAYER_ASSIGNMENT (  '', '', ( #3381 ) ) ;
#1219 = VERTEX_POINT ( 'NONE', #1857 ) ;
#1220 = CARTESIAN_POINT ( 'NONE',  ( 2.750000000000000000, 2.000000000000000000, 2.799999999999999822 ) ) ;
#1221 = SURFACE_STYLE_FILL_AREA ( #6696 ) ;
#1222 = MECHANICAL_DESIGN_GEOMETRIC_PRESENTATION_REPRESENTATION (  '', ( #6981 ), #6039 ) ;
#1223 = DIRECTION ( 'NONE',  ( 0.000000000000000000, 0.7071067811865480168, 0.7071067811865470176 ) ) ;
#1224 = PRESENTATION_STYLE_ASSIGNMENT (( #3399 ) ) ;
#1225 = CARTESIAN_POINT ( 'NONE',  ( 2.750000000000000000, 0.000000000000000000, 0.000000000000000000 ) ) ;
#1226 = PRESENTATION_LAYER_ASSIGNMENT (  '', '', ( #5470 ) ) ;
#1227 = VECTOR ( 'NONE', #932, 1000.000000000000000 ) ;
#1228 = LINE ( 'NONE', #6776, #1589 ) ;
#1229 = ORIENTED_EDGE ( 'NONE', *, *, #1815, .F. ) ;
#1230 = DIRECTION ( 'NONE',  ( 0.000000000000000000, 0.000000000000000000, -1.000000000000000000 ) ) ;
#1231 = VECTOR ( 'NONE', #5335, 1000.000000000000000 ) ;
#1232 = FILL_AREA_STYLE_COLOUR ( '', #6818 ) ;
#1233 = CARTESIAN_POINT ( 'NONE',  ( -2.250000000000000000, 3.950000000000000178, 1.224999999999999867 ) ) ;
#1234 = LINE ( 'NONE', #6781, #5425 ) ;
#1235 = PLANE ( 'NONE',  #6622 ) ;
#1236 = VERTEX_POINT ( 'NONE', #2971 ) ;
#1237 = PLANE ( 'NONE',  #2015 ) ;
#1238 =( GEOMETRIC_REPRESENTATION_CONTEXT ( 3 ) GLOBAL_UNCERTAINTY_ASSIGNED_CONTEXT ( ( #6215 ) ) GLOBAL_UNIT_ASSIGNED_CONTEXT ( ( #2252, #4635, #2898 ) ) REPRESENTATION_CONTEXT ( 'NONE', 'WORKASPACE' ) );
#1239 = PRESENTATION_STYLE_ASSIGNMENT (( #690 ) ) ;
#1240 = PRESENTATION_LAYER_ASSIGNMENT (  '', '', ( #317 ) ) ;
#1241 = PRESENTATION_LAYER_ASSIGNMENT (  '', '', ( #1127 ) ) ;
#1242 = DIRECTION ( 'NONE',  ( 0.000000000000000000, 0.7071067811865480168, 0.7071067811865470176 ) ) ;
#1243 = LINE ( 'NONE', #2376, #4952 ) ;
#1244 = EDGE_CURVE ( 'NONE', #906, #6112, #6333, .T. ) ;
#1245 = CARTESIAN_POINT ( 'NONE',  ( 2.750000000000000000, 1.399999999999999911, 2.500000000000000000 ) ) ;
#1246 = DIRECTION ( 'NONE',  ( 0.000000000000000000, 1.000000000000000000, 0.000000000000000000 ) ) ;
#1247 = VECTOR ( 'NONE', #2278, 1000.000000000000000 ) ;
#1248 =( GEOMETRIC_REPRESENTATION_CONTEXT ( 3 ) GLOBAL_UNCERTAINTY_ASSIGNED_CONTEXT ( ( #6280 ) ) GLOBAL_UNIT_ASSIGNED_CONTEXT ( ( #3930, #1209, #764 ) ) REPRESENTATION_CONTEXT ( 'NONE', 'WORKASPACE' ) );
#1249 = ORIENTED_EDGE ( 'NONE', *, *, #6738, .T. ) ;
#1250 = ORIENTED_EDGE ( 'NONE', *, *, #6169, .F. ) ;
#1251 = SURFACE_SIDE_STYLE ('',( #5084 ) ) ;
#1252 = PRESENTATION_LAYER_ASSIGNMENT (  '', '', ( #107 ) ) ;
#1253 = VECTOR ( 'NONE', #5854, 1000.000000000000000 ) ;
#1254 = UNCERTAINTY_MEASURE_WITH_UNIT (LENGTH_MEASURE( 1.000000000000000082E-05 ), #5812, 'distance_accuracy_value', 'NONE');
#1255 = LINE ( 'NONE', #5087, #5995 ) ;
#1256 = VERTEX_POINT ( 'NONE', #6785 ) ;
#1257 = AXIS2_PLACEMENT_3D ( 'NONE', #3446, #2471, #832 ) ;
#1258 = ORIENTED_EDGE ( 'NONE', *, *, #4984, .T. ) ;
#1259 = ORIENTED_EDGE ( 'NONE', *, *, #49, .F. ) ;
#1260 = PRESENTATION_LAYER_ASSIGNMENT (  '', '', ( #4342 ) ) ;
#1261 =( LENGTH_UNIT ( ) NAMED_UNIT ( * ) SI_UNIT ( .MILLI., .METRE. ) );
#1262 = CARTESIAN_POINT ( 'NONE',  ( 1.090000000000000080, 1.699999999999999956, 0.9250000000000000444 ) ) ;
#1263 = DIRECTION ( 'NONE',  ( -1.000000000000000000, 0.000000000000000000, 0.000000000000000000 ) ) ;
#1264 = SURFACE_SIDE_STYLE ('',( #6109 ) ) ;
#1265 = PLANE ( 'NONE',  #2405 ) ;
#1266 = CARTESIAN_POINT ( 'NONE',  ( -1.409999999999999920, 5.100000000000000533, 0.5999999999999999778 ) ) ;
#1267 = ORIENTED_EDGE ( 'NONE', *, *, #1470, .T. ) ;
#1268 =( NAMED_UNIT ( * ) PLANE_ANGLE_UNIT ( ) SI_UNIT ( $, .RADIAN. ) );
#1269 = UNCERTAINTY_MEASURE_WITH_UNIT (LENGTH_MEASURE( 1.000000000000000082E-05 ), #795, 'distance_accuracy_value', 'NONE');
#1270 = EDGE_CURVE ( 'NONE', #4936, #6768, #4102, .T. ) ;
#1271 = SURFACE_STYLE_FILL_AREA ( #2495 ) ;
#1272 = ADVANCED_FACE ( 'NONE', ( #228 ), #3029, .T. ) ;
#1273 = EDGE_CURVE ( 'NONE', #2384, #5490, #4071, .T. ) ;
#1274 = LINE ( 'NONE', #851, #5608 ) ;
#1275 = CYLINDRICAL_SURFACE ( 'NONE', #5544, 0.1000000000000000472 ) ;
#1276 = PRESENTATION_STYLE_ASSIGNMENT (( #1891 ) ) ;
#1277 = LINE ( 'NONE', #1392, #2920 ) ;
#1278 = PRESENTATION_STYLE_ASSIGNMENT (( #5696 ) ) ;
#1279 = EDGE_LOOP ( 'NONE', ( #4654, #769, #695, #3377 ) ) ;
#1280 =( NAMED_UNIT ( * ) SI_UNIT ( $, .STERADIAN. ) SOLID_ANGLE_UNIT ( ) );
#1281 = SURFACE_SIDE_STYLE ('',( #4178 ) ) ;
#1282 = DIRECTION ( 'NONE',  ( -0.000000000000000000, 1.000000000000000000, 0.000000000000000000 ) ) ;
#1283 = LINE ( 'NONE', #3967, #2000 ) ;
#1284 = LINE ( 'NONE', #3968, #2364 ) ;
#1285 = DIRECTION ( 'NONE',  ( 0.000000000000000000, 1.000000000000000000, 0.000000000000000000 ) ) ;
#1286 = LINE ( 'NONE', #1497, #4097 ) ;
#1287 = VERTEX_POINT ( 'NONE', #4030 ) ;
#1288 = PRESENTATION_STYLE_ASSIGNMENT (( #6762 ) ) ;
#1289 =( NAMED_UNIT ( * ) SI_UNIT ( $, .STERADIAN. ) SOLID_ANGLE_UNIT ( ) );
#1290 = EDGE_CURVE ( 'NONE', #4078, #6245, #5072, .T. ) ;
#1291 = ADVANCED_FACE ( 'NONE', ( #2401 ), #4675, .F. ) ;
#1292 = STYLED_ITEM ( 'NONE', ( #6010 ), #2994 ) ;
#1293 = VECTOR ( 'NONE', #657, 1000.000000000000000 ) ;
#1294 = EDGE_CURVE ( 'NONE', #4494, #5166, #403, .T. ) ;
#1295 = EDGE_LOOP ( 'NONE', ( #5453, #3428, #2203, #3429, #3181 ) ) ;
#1296 = ORIENTED_EDGE ( 'NONE', *, *, #6465, .T. ) ;
#1297 = ORIENTED_EDGE ( 'NONE', *, *, #2659, .F. ) ;
#1298 = CARTESIAN_POINT ( 'NONE',  ( 1.090000000000000080, 5.599999999999999645, -0.2000000000000000111 ) ) ;
#1299 = VECTOR ( 'NONE', #310, 1000.000000000000000 ) ;
#1300 = DIRECTION ( 'NONE',  ( 0.000000000000000000, -1.000000000000000000, -1.807003620809169702E-16 ) ) ;
#1301 = VECTOR ( 'NONE', #5896, 1000.000000000000000 ) ;
#1302 = COLOUR_RGB ( '',1.000000000000000000, 1.000000000000000000, 0.7529411764705882248 ) ;
#1303 = VECTOR ( 'NONE', #5405, 1000.000000000000000 ) ;
#1304 = MECHANICAL_DESIGN_GEOMETRIC_PRESENTATION_REPRESENTATION (  '', ( #3699 ), #5779 ) ;
#1305 = EDGE_CURVE ( 'NONE', #2750, #6426, #4709, .T. ) ;
#1306 = DIRECTION ( 'NONE',  ( 0.000000000000000000, 1.000000000000000000, 0.000000000000000000 ) ) ;
#1307 = CARTESIAN_POINT ( 'NONE',  ( -1.409999999999999920, 0.000000000000000000, 0.000000000000000000 ) ) ;
#1308 = SURFACE_STYLE_FILL_AREA ( #218 ) ;
#1309 = VERTEX_POINT ( 'NONE', #2139 ) ;
#1310 = MECHANICAL_DESIGN_GEOMETRIC_PRESENTATION_REPRESENTATION (  '', ( #2108 ), #2225 ) ;
#1311 = VECTOR ( 'NONE', #4424, 1000.000000000000000 ) ;
#1312 = VECTOR ( 'NONE', #5804, 1000.000000000000000 ) ;
#1313 = DIRECTION ( 'NONE',  ( 1.000000000000000000, 0.000000000000000000, 0.000000000000000000 ) ) ;
#1314 = SURFACE_STYLE_USAGE ( .BOTH. , #160 ) ;
#1315 = DIRECTION ( 'NONE',  ( 0.000000000000000000, -3.975407965780180295E-15, 1.000000000000000000 ) ) ;
#1316 = LINE ( 'NONE', #5693, #2595 ) ;
#1317 = FILL_AREA_STYLE ('',( #6222 ) ) ;
#1318 = FILL_AREA_STYLE_COLOUR ( '', #4895 ) ;
#1319 = ORIENTED_EDGE ( 'NONE', *, *, #3875, .T. ) ;
#1320 = COLOUR_RGB ( '',0.7529411764705882248, 0.7529411764705882248, 0.7529411764705882248 ) ;
#1321 = EDGE_CURVE ( 'NONE', #5293, #3858, #6262, .T. ) ;
#1322 = DIRECTION ( 'NONE',  ( 0.000000000000000000, 5.421010862427510337E-16, -1.000000000000000000 ) ) ;
#1323 = EDGE_LOOP ( 'NONE', ( #5193, #5484, #5552, #2007 ) ) ;
#1324 = COLOUR_RGB ( '',1.000000000000000000, 1.000000000000000000, 0.7529411764705882248 ) ;
#1325 =( LENGTH_UNIT ( ) NAMED_UNIT ( * ) SI_UNIT ( .MILLI., .METRE. ) );
#1326 = CARTESIAN_POINT ( 'NONE',  ( -2.250000000000000000, 3.950000000000000178, 2.075000000000000178 ) ) ;
#1327 = CARTESIAN_POINT ( 'NONE',  ( 1.409999999999999920, 1.699999999999999956, 1.324999999999999956 ) ) ;
#1328 = PRESENTATION_LAYER_ASSIGNMENT (  '', '', ( #5329 ) ) ;
#1329 = LINE ( 'NONE', #3486, #479 ) ;
#1330 = CARTESIAN_POINT ( 'NONE',  ( 2.750000000000000000, 1.399999999999999911, 2.500000000000000000 ) ) ;
#1331 = EDGE_CURVE ( 'NONE', #6041, #1098, #2539, .T. ) ;
#1332 = VERTEX_POINT ( 'NONE', #3637 ) ;
#1333 = ORIENTED_EDGE ( 'NONE', *, *, #3579, .F. ) ;
#1334 = PRESENTATION_LAYER_ASSIGNMENT (  '', '', ( #975 ) ) ;
#1335 = LINE ( 'NONE', #3039, #4600 ) ;
#1336 = EDGE_CURVE ( 'NONE', #2824, #419, #6967, .T. ) ;
#1337 = ORIENTED_EDGE ( 'NONE', *, *, #2249, .T. ) ;
#1338 = ORIENTED_EDGE ( 'NONE', *, *, #4250, .T. ) ;
#1339 = VERTEX_POINT ( 'NONE', #4775 ) ;
#1340 = CARTESIAN_POINT ( 'NONE',  ( 2.050000000000000266, 4.200000000000000178, -0.2000000000000000111 ) ) ;
#1341 = UNCERTAINTY_MEASURE_WITH_UNIT (LENGTH_MEASURE( 1.000000000000000082E-05 ), #7062, 'distance_accuracy_value', 'NONE');
#1342 =( GEOMETRIC_REPRESENTATION_CONTEXT ( 3 ) GLOBAL_UNCERTAINTY_ASSIGNED_CONTEXT ( ( #5196 ) ) GLOBAL_UNIT_ASSIGNED_CONTEXT ( ( #2118, #5882, #7011 ) ) REPRESENTATION_CONTEXT ( 'NONE', 'WORKASPACE' ) );
#1343 = DIRECTION ( 'NONE',  ( 0.7071067811865470176, -0.7071067811865480168, 9.303964907059288657E-18 ) ) ;
#1344 =( NAMED_UNIT ( * ) SI_UNIT ( $, .STERADIAN. ) SOLID_ANGLE_UNIT ( ) );
#1345 = PLANE ( 'NONE',  #4215 ) ;
#1346 = VECTOR ( 'NONE', #2724, 1000.000000000000000 ) ;
#1347 = CARTESIAN_POINT ( 'NONE',  ( -1.409999999999999920, 6.200000000000000178, 0.2999999999999999889 ) ) ;
#1348 = VERTEX_POINT ( 'NONE', #3204 ) ;
#1349 = DIRECTION ( 'NONE',  ( 0.000000000000000000, 1.000000000000000000, 0.000000000000000000 ) ) ;
#1350 = UNCERTAINTY_MEASURE_WITH_UNIT (LENGTH_MEASURE( 1.000000000000000082E-05 ), #465, 'distance_accuracy_value', 'NONE');
#1351 = AXIS2_PLACEMENT_3D ( 'NONE', #939, #4237, #1926 ) ;
#1352 =( GEOMETRIC_REPRESENTATION_CONTEXT ( 3 ) GLOBAL_UNCERTAINTY_ASSIGNED_CONTEXT ( ( #3627 ) ) GLOBAL_UNIT_ASSIGNED_CONTEXT ( ( #1858, #6853, #1929 ) ) REPRESENTATION_CONTEXT ( 'NONE', 'WORKASPACE' ) );
#1353 = DIRECTION ( 'NONE',  ( 0.000000000000000000, 1.000000000000000000, 0.000000000000000000 ) ) ;
#1354 = EDGE_LOOP ( 'NONE', ( #2723, #1733, #455, #586 ) ) ;
#1355 = SURFACE_STYLE_FILL_AREA ( #6257 ) ;
#1356 = SURFACE_STYLE_USAGE ( .BOTH. , #794 ) ;
#1357 =( GEOMETRIC_REPRESENTATION_CONTEXT ( 3 ) GLOBAL_UNCERTAINTY_ASSIGNED_CONTEXT ( ( #3904 ) ) GLOBAL_UNIT_ASSIGNED_CONTEXT ( ( #5462, #1665, #4945 ) ) REPRESENTATION_CONTEXT ( 'NONE', 'WORKASPACE' ) );
#1358 = CARTESIAN_POINT ( 'NONE',  ( -2.550000000000000266, 4.200000000000000178, -9.397244887005778583E-16 ) ) ;
#1359 = STYLED_ITEM ( 'NONE', ( #3522 ), #277 ) ;
#1360 = LINE ( 'NONE', #2404, #2915 ) ;
#1361 = FILL_AREA_STYLE ('',( #3383 ) ) ;
#1362 = CARTESIAN_POINT ( 'NONE',  ( -0.1600000000000000033, 5.899999999999999467, 0.2999999999999999889 ) ) ;
#1363 = CARTESIAN_POINT ( 'NONE',  ( 2.191421356237309492, 1.172385762508457052, 1.224999999999999867 ) ) ;
#1364 = ORIENTED_EDGE ( 'NONE', *, *, #6047, .F. ) ;
#1365 =( NAMED_UNIT ( * ) PLANE_ANGLE_UNIT ( ) SI_UNIT ( $, .RADIAN. ) );
#1366 = SURFACE_SIDE_STYLE ('',( #307 ) ) ;
#1367 = EDGE_CURVE ( 'NONE', #4702, #5340, #4842, .T. ) ;
#1368 = AXIS2_PLACEMENT_3D ( 'NONE', #5688, #117, #5613 ) ;
#1369 = PRESENTATION_LAYER_ASSIGNMENT (  '', '', ( #6646 ) ) ;
#1370 = CARTESIAN_POINT ( 'NONE',  ( -2.750000000000000000, 4.200000000000000178, 0.1000000000000000056 ) ) ;
#1371 = ORIENTED_EDGE ( 'NONE', *, *, #6244, .T. ) ;
#1372 = VERTEX_POINT ( 'NONE', #1015 ) ;
#1373 = EDGE_LOOP ( 'NONE', ( #3566, #556, #42, #1624 ) ) ;
#1374 = SURFACE_SIDE_STYLE ('',( #6276 ) ) ;
#1375 = VECTOR ( 'NONE', #5093, 1000.000000000000000 ) ;
#1376 = MECHANICAL_DESIGN_GEOMETRIC_PRESENTATION_REPRESENTATION (  '', ( #777 ), #3530 ) ;
#1377 =( GEOMETRIC_REPRESENTATION_CONTEXT ( 3 ) GLOBAL_UNCERTAINTY_ASSIGNED_CONTEXT ( ( #1544 ) ) GLOBAL_UNIT_ASSIGNED_CONTEXT ( ( #1986, #3371, #3994 ) ) REPRESENTATION_CONTEXT ( 'NONE', 'WORKASPACE' ) );
#1378 = AXIS2_PLACEMENT_3D ( 'NONE', #2872, #4000, #4533 ) ;
#1379 = VECTOR ( 'NONE', #4971, 1000.000000000000000 ) ;
#1380 = CARTESIAN_POINT ( 'NONE',  ( -2.149999999999999911, 3.075000000000000178, 1.925000000000000044 ) ) ;
#1381 = CARTESIAN_POINT ( 'NONE',  ( 0.1600000000000000033, 1.699999999999999956, 1.324999999999999956 ) ) ;
#1382 = SURFACE_STYLE_FILL_AREA ( #6914 ) ;
#1383 = CARTESIAN_POINT ( 'NONE',  ( -4.049999999999999822, 4.200000000000000178, 2.000000000000000000 ) ) ;
#1384 = CARTESIAN_POINT ( 'NONE',  ( 0.5500000000000000444, 3.600000000000000089, 0.000000000000000000 ) ) ;
#1385 = ADVANCED_FACE ( 'NONE', ( #6996 ), #2649, .F. ) ;
#1386 = VERTEX_POINT ( 'NONE', #3063 ) ;
#1387 = DIRECTION ( 'NONE',  ( -1.000000000000000000, 0.000000000000000000, 0.000000000000000000 ) ) ;
#1388 = EDGE_CURVE ( 'NONE', #4504, #2832, #5840, .T. ) ;
#1389 = PRESENTATION_STYLE_ASSIGNMENT (( #4062 ) ) ;
#1390 = CARTESIAN_POINT ( 'NONE',  ( 1.800000000000000044, 2.399999999999999911, 3.200000000000000178 ) ) ;
#1391 = CARTESIAN_POINT ( 'NONE',  ( 2.149999999999999911, 1.199999999999999956, 0.4000000000000000222 ) ) ;
#1392 = CARTESIAN_POINT ( 'NONE',  ( 0.1600000000000000033, 5.200000000000000178, 8.881784197001250351E-16 ) ) ;
#1393 = CARTESIAN_POINT ( 'NONE',  ( 4.250000000000000000, 4.200000000000000178, -0.2000000000000000111 ) ) ;
#1394 = VERTEX_POINT ( 'NONE', #7022 ) ;
#1395 = PRESENTATION_STYLE_ASSIGNMENT (( #689 ) ) ;
#1396 = CARTESIAN_POINT ( 'NONE',  ( 4.049999999999999822, 4.200000000000000178, 2.000000000000000000 ) ) ;
#1397 = CARTESIAN_POINT ( 'NONE',  ( 2.750000000000000000, 5.200000000000000178, 3.200000000000000178 ) ) ;
#1398 = CARTESIAN_POINT ( 'NONE',  ( -1.090000000000000080, 2.700000000000000178, 1.525000000000000133 ) ) ;
#1399 = CARTESIAN_POINT ( 'NONE',  ( 1.090000000000000080, 1.699999999999999956, 1.324999999999999956 ) ) ;
#1400 = DIRECTION ( 'NONE',  ( 0.000000000000000000, 0.000000000000000000, 1.000000000000000000 ) ) ;
#1401 = LINE ( 'NONE', #560, #5134 ) ;
#1402 = ORIENTED_EDGE ( 'NONE', *, *, #4004, .T. ) ;
#1403 = FILL_AREA_STYLE_COLOUR ( '', #4783 ) ;
#1404 = PLANE ( 'NONE',  #1054 ) ;
#1405 = CARTESIAN_POINT ( 'NONE',  ( 1.409999999999999920, 6.200000000000000178, 7.216449660063520471E-16 ) ) ;
#1406 = SURFACE_SIDE_STYLE ('',( #2515 ) ) ;
#1407 = ORIENTED_EDGE ( 'NONE', *, *, #6277, .F. ) ;
#1408 = ORIENTED_EDGE ( 'NONE', *, *, #35, .F. ) ;
#1409 = EDGE_CURVE ( 'NONE', #960, #612, #2039, .T. ) ;
#1410 = EDGE_CURVE ( 'NONE', #1994, #2409, #3139, .T. ) ;
#1411 = MECHANICAL_DESIGN_GEOMETRIC_PRESENTATION_REPRESENTATION (  '', ( #6688 ), #809 ) ;
#1412 = UNCERTAINTY_MEASURE_WITH_UNIT (LENGTH_MEASURE( 1.000000000000000082E-05 ), #6441, 'distance_accuracy_value', 'NONE');
#1413 = ORIENTED_EDGE ( 'NONE', *, *, #5664, .T. ) ;
#1414 = LINE ( 'NONE', #322, #2341 ) ;
#1415 = AXIS2_PLACEMENT_3D ( 'NONE', #1048, #6471, #464 ) ;
#1416 = SURFACE_STYLE_USAGE ( .BOTH. , #1915 ) ;
#1417 = EDGE_CURVE ( 'NONE', #621, #155, #43, .T. ) ;
#1418 = VECTOR ( 'NONE', #367, 1000.000000000000000 ) ;
#1419 =( LENGTH_UNIT ( ) NAMED_UNIT ( * ) SI_UNIT ( .MILLI., .METRE. ) );
#1420 = LINE ( 'NONE', #1483, #927 ) ;
#1421 =( LENGTH_UNIT ( ) NAMED_UNIT ( * ) SI_UNIT ( .MILLI., .METRE. ) );
#1422 =( NAMED_UNIT ( * ) SI_UNIT ( $, .STERADIAN. ) SOLID_ANGLE_UNIT ( ) );
#1423 = VECTOR ( 'NONE', #1075, 1000.000000000000000 ) ;
#1424 = FILL_AREA_STYLE_COLOUR ( '', #2919 ) ;
#1425 = SURFACE_SIDE_STYLE ('',( #5281 ) ) ;
#1426 = LINE ( 'NONE', #4670, #3938 ) ;
#1427 = ADVANCED_FACE ( 'NONE', ( #6707 ), #4382, .F. ) ;
#1428 = EDGE_LOOP ( 'NONE', ( #2377, #5794, #668, #5798 ) ) ;
#1429 = AXIS2_PLACEMENT_3D ( 'NONE', #4853, #7068, #879 ) ;
#1430 = DIRECTION ( 'NONE',  ( 0.000000000000000000, 0.000000000000000000, -1.000000000000000000 ) ) ;
#1431 = PRESENTATION_STYLE_ASSIGNMENT (( #4142 ) ) ;
#1432 = FILL_AREA_STYLE_COLOUR ( '', #7100 ) ;
#1433 = SURFACE_STYLE_USAGE ( .BOTH. , #6415 ) ;
#1434 = VECTOR ( 'NONE', #5611, 1000.000000000000000 ) ;
#1435 = DIRECTION ( 'NONE',  ( 0.000000000000000000, -1.000000000000000000, 0.000000000000000000 ) ) ;
#1436 = SURFACE_SIDE_STYLE ('',( #5369 ) ) ;
#1437 = VERTEX_POINT ( 'NONE', #3331 ) ;
#1438 = ORIENTED_EDGE ( 'NONE', *, *, #1952, .F. ) ;
#1439 = DIRECTION ( 'NONE',  ( 0.000000000000000000, -1.000000000000000000, 0.000000000000000000 ) ) ;
#1440 = VECTOR ( 'NONE', #5752, 1000.000000000000000 ) ;
#1441 = SURFACE_STYLE_FILL_AREA ( #2629 ) ;
#1442 = FACE_OUTER_BOUND ( 'NONE', #5317, .T. ) ;
#1443 = ORIENTED_EDGE ( 'NONE', *, *, #1305, .T. ) ;
#1444 = STYLED_ITEM ( 'NONE', ( #3743 ), #4421 ) ;
#1445 = EDGE_LOOP ( 'NONE', ( #386, #4299, #1705, #4392 ) ) ;
#1446 =( LENGTH_UNIT ( ) NAMED_UNIT ( * ) SI_UNIT ( .MILLI., .METRE. ) );
#1447 = CYLINDRICAL_SURFACE ( 'NONE', #2642, 0.09999999999999982514 ) ;
#1448 = DIRECTION ( 'NONE',  ( 3.565798643449708932E-17, 0.7071067811865470176, -0.7071067811865480168 ) ) ;
#1449 = LINE ( 'NONE', #3619, #5089 ) ;
#1450 = DIRECTION ( 'NONE',  ( 0.000000000000000000, -1.000000000000000000, -1.807003620809169702E-16 ) ) ;
#1451 = ORIENTED_EDGE ( 'NONE', *, *, #1024, .F. ) ;
#1452 = CARTESIAN_POINT ( 'NONE',  ( -2.995735931288070031, 2.000000000000000000, 0.1000000000000000056 ) ) ;
#1453 = ORIENTED_EDGE ( 'NONE', *, *, #4120, .T. ) ;
#1454 = CARTESIAN_POINT ( 'NONE',  ( -0.1600000000000000033, 5.200000000000000178, 0.5999999999999999778 ) ) ;
#1455 = FILL_AREA_STYLE_COLOUR ( '', #6756 ) ;
#1456 = FACE_OUTER_BOUND ( 'NONE', #1481, .T. ) ;
#1457 =( LENGTH_UNIT ( ) NAMED_UNIT ( * ) SI_UNIT ( .MILLI., .METRE. ) );
#1458 = VERTEX_POINT ( 'NONE', #6548 ) ;
#1459 = CARTESIAN_POINT ( 'NONE',  ( -1.090000000000000080, 6.200000000000000178, 0.2999999999999999889 ) ) ;
#1460 = VERTEX_POINT ( 'NONE', #4951 ) ;
#1461 = PLANE ( 'NONE',  #68 ) ;
#1462 = FILL_AREA_STYLE ('',( #3104 ) ) ;
#1463 = FILL_AREA_STYLE_COLOUR ( '', #4727 ) ;
#1464 = DIRECTION ( 'NONE',  ( 0.000000000000000000, 0.000000000000000000, 1.000000000000000000 ) ) ;
#1465 = FILL_AREA_STYLE_COLOUR ( '', #5820 ) ;
#1466 = ORIENTED_EDGE ( 'NONE', *, *, #4081, .T. ) ;
#1467 = DIRECTION ( 'NONE',  ( -1.000000000000000000, 0.000000000000000000, 0.000000000000000000 ) ) ;
#1468 =( NAMED_UNIT ( * ) PLANE_ANGLE_UNIT ( ) SI_UNIT ( $, .RADIAN. ) );
#1469 = VECTOR ( 'NONE', #5355, 1000.000000000000000 ) ;
#1470 = EDGE_CURVE ( 'NONE', #4794, #6940, #2324, .T. ) ;
#1471 = DIRECTION ( 'NONE',  ( 0.000000000000000000, -1.000000000000000000, 0.000000000000000000 ) ) ;
#1472 = DIRECTION ( 'NONE',  ( -1.000000000000000000, 0.000000000000000000, 0.000000000000000000 ) ) ;
#1473 = AXIS2_PLACEMENT_3D ( 'NONE', #247, #5792, #3091 ) ;
#1474 = ORIENTED_EDGE ( 'NONE', *, *, #6507, .F. ) ;
#1475 = ORIENTED_EDGE ( 'NONE', *, *, #3378, .T. ) ;
#1476 = PRESENTATION_STYLE_ASSIGNMENT (( #5270 ) ) ;
#1477 = SURFACE_STYLE_USAGE ( .BOTH. , #2988 ) ;
#1478 = CARTESIAN_POINT ( 'NONE',  ( -2.250000000000000000, 3.950000000000000178, 1.125000000000000000 ) ) ;
#1479 = VECTOR ( 'NONE', #1103, 1000.000000000000114 ) ;
#1480 = DIRECTION ( 'NONE',  ( 0.000000000000000000, 0.000000000000000000, -1.000000000000000000 ) ) ;
#1481 = EDGE_LOOP ( 'NONE', ( #3710, #581, #3426, #1443 ) ) ;
#1482 = SURFACE_STYLE_USAGE ( .BOTH. , #6397 ) ;
#1483 = CARTESIAN_POINT ( 'NONE',  ( 0.1600000000000000033, 6.200000000000000178, 0.2999999999999999889 ) ) ;
#1484 =( NAMED_UNIT ( * ) PLANE_ANGLE_UNIT ( ) SI_UNIT ( $, .RADIAN. ) );
#1485 = SURFACE_STYLE_USAGE ( .BOTH. , #2034 ) ;
#1486 = LINE ( 'NONE', #5326, #3479 ) ;
#1487 = LINE ( 'NONE', #6437, #6514 ) ;
#1488 = CARTESIAN_POINT ( 'NONE',  ( -2.149999999999999911, 3.950000000000000178, 2.799999999999999822 ) ) ;
#1489 = EDGE_CURVE ( 'NONE', #3312, #4293, #1633, .T. ) ;
#1490 = CARTESIAN_POINT ( 'NONE',  ( -2.050000000000000266, 5.200000000000000178, -0.2000000000000000111 ) ) ;
#1491 = EDGE_CURVE ( 'NONE', #4664, #4647, #6078, .T. ) ;
#1492 = EDGE_CURVE ( 'NONE', #2567, #847, #1090, .T. ) ;
#1493 = CARTESIAN_POINT ( 'NONE',  ( 3.419999999999999929, 4.200000000000000178, 0.2500000000000000000 ) ) ;
#1494 = SURFACE_SIDE_STYLE ('',( #5769 ) ) ;
#1495 =( NAMED_UNIT ( * ) PLANE_ANGLE_UNIT ( ) SI_UNIT ( $, .RADIAN. ) );
#1496 = PRESENTATION_STYLE_ASSIGNMENT (( #1433 ) ) ;
#1497 = CARTESIAN_POINT ( 'NONE',  ( 4.250000000000000000, 1.399999999999999911, 1.800000000000000044 ) ) ;
#1498 = ORIENTED_EDGE ( 'NONE', *, *, #3829, .F. ) ;
#1499 = SURFACE_STYLE_USAGE ( .BOTH. , #345 ) ;
#1500 = LINE ( 'NONE', #4346, #6990 ) ;
#1501 = CARTESIAN_POINT ( 'NONE',  ( 2.149999999999999911, 3.950000000000000178, 2.075000000000000178 ) ) ;
#1502 = SURFACE_STYLE_FILL_AREA ( #2050 ) ;
#1503 = EDGE_CURVE ( 'NONE', #1170, #1458, #1672, .T. ) ;
#1504 = DIRECTION ( 'NONE',  ( 2.032879073410324758E-16, 0.000000000000000000, 1.000000000000000000 ) ) ;
#1505 = ORIENTED_EDGE ( 'NONE', *, *, #1491, .T. ) ;
#1506 = ORIENTED_EDGE ( 'NONE', *, *, #650, .F. ) ;
#1507 = ADVANCED_FACE ( 'NONE', ( #3370 ), #4919, .T. ) ;
#1508 = PRESENTATION_STYLE_ASSIGNMENT (( #5343 ) ) ;
#1509 =( NAMED_UNIT ( * ) SI_UNIT ( $, .STERADIAN. ) SOLID_ANGLE_UNIT ( ) );
#1510 = DIRECTION ( 'NONE',  ( 0.000000000000000000, 0.000000000000000000, 1.000000000000000000 ) ) ;
#1511 = PLANE ( 'NONE',  #3839 ) ;
#1512 = CARTESIAN_POINT ( 'NONE',  ( -4.250000000000000000, 4.200000000000000178, 0.05000000000000090483 ) ) ;
#1513 = VECTOR ( 'NONE', #428, 1000.000000000000000 ) ;
#1514 = ORIENTED_EDGE ( 'NONE', *, *, #4603, .F. ) ;
#1515 = CARTESIAN_POINT ( 'NONE',  ( -2.449999999999999734, 1.000000000000000000, 2.024999999999999911 ) ) ;
#1516 = LINE ( 'NONE', #394, #5172 ) ;
#1517 = LINE ( 'NONE', #3196, #5009 ) ;
#1518 = ADVANCED_FACE ( 'NONE', ( #5105 ), #3553, .F. ) ;
#1519 = PRESENTATION_LAYER_ASSIGNMENT (  '', '', ( #1870 ) ) ;
#1520 = PRESENTATION_LAYER_ASSIGNMENT (  '', '', ( #5895 ) ) ;
#1521 = COLOUR_RGB ( '',0.7529411764705882248, 0.7529411764705882248, 0.7529411764705882248 ) ;
#1522 = CARTESIAN_POINT ( 'NONE',  ( 2.550000000000000266, 5.200000000000000178, -0.2000000000000000111 ) ) ;
#1523 = PLANE ( 'NONE',  #5786 ) ;
#1524 = DIRECTION ( 'NONE',  ( 0.000000000000000000, -0.9805806756909203337, -0.1961161351381830731 ) ) ;
#1525 = DIRECTION ( 'NONE',  ( -0.9660120648150551936, 0.000000000000000000, 0.2584969837962400874 ) ) ;
#1526 = MECHANICAL_DESIGN_GEOMETRIC_PRESENTATION_REPRESENTATION (  '', ( #592 ), #372 ) ;
#1527 = CARTESIAN_POINT ( 'NONE',  ( 1.090000000000000080, 0.000000000000000000, 0.000000000000000000 ) ) ;
#1528 = DIRECTION ( 'NONE',  ( 0.000000000000000000, -1.355252715606880049E-16, 1.000000000000000000 ) ) ;
#1529 = FILL_AREA_STYLE_COLOUR ( '', #1198 ) ;
#1530 = AXIS2_PLACEMENT_3D ( 'NONE', #5473, #3268, #3742 ) ;
#1531 = VECTOR ( 'NONE', #5660, 1000.000000000000000 ) ;
#1532 =( NAMED_UNIT ( * ) SI_UNIT ( $, .STERADIAN. ) SOLID_ANGLE_UNIT ( ) );
#1533 = ORIENTED_EDGE ( 'NONE', *, *, #4572, .F. ) ;
#1534 = CARTESIAN_POINT ( 'NONE',  ( -2.750000000000000000, 1.000000000000000000, -8.673617379884039416E-16 ) ) ;
#1535 = DIRECTION ( 'NONE',  ( 0.000000000000000000, 0.1961161351381831008, -0.9805806756909204447 ) ) ;
#1536 =( GEOMETRIC_REPRESENTATION_CONTEXT ( 3 ) GLOBAL_UNCERTAINTY_ASSIGNED_CONTEXT ( ( #7077 ) ) GLOBAL_UNIT_ASSIGNED_CONTEXT ( ( #1085, #4913, #6543 ) ) REPRESENTATION_CONTEXT ( 'NONE', 'WORKASPACE' ) );
#1537 = STYLED_ITEM ( 'NONE', ( #1737 ), #4017 ) ;
#1538 = EDGE_CURVE ( 'NONE', #235, #628, #2396, .T. ) ;
#1539 = DIRECTION ( 'NONE',  ( -0.9660120648150580802, 0.000000000000000000, -0.2584969837962290407 ) ) ;
#1540 = VERTEX_POINT ( 'NONE', #5616 ) ;
#1541 = ORIENTED_EDGE ( 'NONE', *, *, #4239, .F. ) ;
#1542 =( LENGTH_UNIT ( ) NAMED_UNIT ( * ) SI_UNIT ( .MILLI., .METRE. ) );
#1543 = PRESENTATION_LAYER_ASSIGNMENT (  '', '', ( #6721 ) ) ;
#1544 = UNCERTAINTY_MEASURE_WITH_UNIT (LENGTH_MEASURE( 1.000000000000000082E-05 ), #1986, 'distance_accuracy_value', 'NONE');
#1545 = ADVANCED_FACE ( 'NONE', ( #4665 ), #752, .F. ) ;
#1546 = VERTEX_POINT ( 'NONE', #4590 ) ;
#1547 = PRESENTATION_STYLE_ASSIGNMENT (( #3088 ) ) ;
#1548 = PRESENTATION_LAYER_ASSIGNMENT (  '', '', ( #1444 ) ) ;
#1549 = CARTESIAN_POINT ( 'NONE',  ( 2.050000000000000266, 5.200000000000000178, -0.2000000000000000111 ) ) ;
#1550 =( NAMED_UNIT ( * ) PLANE_ANGLE_UNIT ( ) SI_UNIT ( $, .RADIAN. ) );
#1551 = ORIENTED_EDGE ( 'NONE', *, *, #1715, .F. ) ;
#1552 = CARTESIAN_POINT ( 'NONE',  ( 0.1500000000000029921, 1.000000000000000000, -4.336808689942019708E-16 ) ) ;
#1553 = ORIENTED_EDGE ( 'NONE', *, *, #3690, .F. ) ;
#1554 = DIRECTION ( 'NONE',  ( 0.7071067811865489050, -7.359808400080179297E-15, 0.7071067811865460184 ) ) ;
#1555 = EDGE_CURVE ( 'NONE', #5005, #2054, #6845, .T. ) ;
#1556 = CARTESIAN_POINT ( 'NONE',  ( -2.750000000000000000, 2.000000000000000000, 0.1000000000000000056 ) ) ;
#1557 = FACE_OUTER_BOUND ( 'NONE', #6607, .T. ) ;
#1558 = COLOUR_RGB ( '',0.7529411764705882248, 0.7529411764705882248, 0.7529411764705882248 ) ;
#1559 = FACE_BOUND ( 'NONE', #5690, .T. ) ;
#1560 = DIRECTION ( 'NONE',  ( 0.000000000000000000, 1.807003620809169702E-16, -1.000000000000000000 ) ) ;
#1561 = LINE ( 'NONE', #3740, #4307 ) ;
#1562 = PRESENTATION_LAYER_ASSIGNMENT (  '', '', ( #631 ) ) ;
#1563 = SURFACE_STYLE_FILL_AREA ( #6083 ) ;
#1564 =( LENGTH_UNIT ( ) NAMED_UNIT ( * ) SI_UNIT ( .MILLI., .METRE. ) );
#1565 = SURFACE_STYLE_FILL_AREA ( #4715 ) ;
#1566 = VERTEX_POINT ( 'NONE', #4058 ) ;
#1567 = SURFACE_STYLE_FILL_AREA ( #3746 ) ;
#1568 =( NAMED_UNIT ( * ) PLANE_ANGLE_UNIT ( ) SI_UNIT ( $, .RADIAN. ) );
#1569 = MECHANICAL_DESIGN_GEOMETRIC_PRESENTATION_REPRESENTATION (  '', ( #754 ), #1917 ) ;
#1570 =( NAMED_UNIT ( * ) SI_UNIT ( $, .STERADIAN. ) SOLID_ANGLE_UNIT ( ) );
#1571 = PLANE ( 'NONE',  #3408 ) ;
#1572 = CARTESIAN_POINT ( 'NONE',  ( -2.750000000000000000, 1.000000000000000000, 2.799999999999999822 ) ) ;
#1573 = FILL_AREA_STYLE_COLOUR ( '', #4333 ) ;
#1574 = EDGE_LOOP ( 'NONE', ( #7108, #7075, #1758, #4825, #33, #5451 ) ) ;
#1575 =( GEOMETRIC_REPRESENTATION_CONTEXT ( 3 ) GLOBAL_UNCERTAINTY_ASSIGNED_CONTEXT ( ( #1180 ) ) GLOBAL_UNIT_ASSIGNED_CONTEXT ( ( #2849, #216, #6620 ) ) REPRESENTATION_CONTEXT ( 'NONE', 'WORKASPACE' ) );
#1576 = VERTEX_POINT ( 'NONE', #4094 ) ;
#1577 = EDGE_CURVE ( 'NONE', #2309, #1581, #6291, .T. ) ;
#1578 = ADVANCED_FACE ( 'NONE', ( #5060 ), #5865, .F. ) ;
#1579 = EDGE_CURVE ( 'NONE', #3906, #555, #4739, .T. ) ;
#1580 = PRESENTATION_LAYER_ASSIGNMENT (  '', '', ( #2843 ) ) ;
#1581 = VERTEX_POINT ( 'NONE', #1454 ) ;
#1582 = CYLINDRICAL_SURFACE ( 'NONE', #5150, 0.1999999999999999833 ) ;
#1583 = DIRECTION ( 'NONE',  ( 0.000000000000000000, 0.7071067811865480168, 0.7071067811865470176 ) ) ;
#1584 = FILL_AREA_STYLE_COLOUR ( '', #4622 ) ;
#1585 = ORIENTED_EDGE ( 'NONE', *, *, #298, .T. ) ;
#1586 = DIRECTION ( 'NONE',  ( 0.7071067811865450192, 0.000000000000000000, 0.7071067811865500152 ) ) ;
#1587 = VECTOR ( 'NONE', #4646, 1000.000000000000000 ) ;
#1588 = ORIENTED_EDGE ( 'NONE', *, *, #1294, .T. ) ;
#1589 = VECTOR ( 'NONE', #645, 1000.000000000000000 ) ;
#1590 =( LENGTH_UNIT ( ) NAMED_UNIT ( * ) SI_UNIT ( .MILLI., .METRE. ) );
#1591 = CARTESIAN_POINT ( 'NONE',  ( -2.550000000000000266, 5.200000000000000178, -0.2000000000000000111 ) ) ;
#1592 = AXIS2_PLACEMENT_3D ( 'NONE', #5419, #7082, #4371 ) ;
#1593 =( NAMED_UNIT ( * ) SI_UNIT ( $, .STERADIAN. ) SOLID_ANGLE_UNIT ( ) );
#1594 = CARTESIAN_POINT ( 'NONE',  ( 2.050000000000000266, 1.000000000000000000, -0.2000000000000060063 ) ) ;
#1595 = FILL_AREA_STYLE_COLOUR ( '', #6285 ) ;
#1596 = DIRECTION ( 'NONE',  ( 0.000000000000000000, -1.000000000000000000, 0.000000000000000000 ) ) ;
#1597 = ADVANCED_FACE ( 'NONE', ( #3054 ), #1977, .F. ) ;
#1598 = STYLED_ITEM ( 'NONE', ( #550 ), #6705 ) ;
#1599 = VECTOR ( 'NONE', #3972, 1000.000000000000000 ) ;
#1600 = SURFACE_STYLE_USAGE ( .BOTH. , #2650 ) ;
#1601 = DIRECTION ( 'NONE',  ( 0.7071067811865475727, 0.000000000000000000, 0.7071067811865475727 ) ) ;
#1602 = ADVANCED_FACE ( 'NONE', ( #3678 ), #915, .F. ) ;
#1603 = DIRECTION ( 'NONE',  ( -1.000000000000000000, 0.000000000000000000, 0.000000000000000000 ) ) ;
#1604 = FILL_AREA_STYLE_COLOUR ( '', #6475 ) ;
#1605 = COLOUR_RGB ( '',0.7529411764705882248, 0.7529411764705882248, 0.7529411764705882248 ) ;
#1606 = SURFACE_STYLE_FILL_AREA ( #2146 ) ;
#1607 = COLOUR_RGB ( '',1.000000000000000000, 1.000000000000000000, 0.7529411764705882248 ) ;
#1608 = CARTESIAN_POINT ( 'NONE',  ( 1.409999999999999920, 2.399999999999999911, 0.7750000000000000222 ) ) ;
#1609 = VERTEX_POINT ( 'NONE', #3150 ) ;
#1610 = CARTESIAN_POINT ( 'NONE',  ( -4.250000000000000000, 2.000000000000000000, 0.2500000000000000000 ) ) ;
#1611 = PRESENTATION_STYLE_ASSIGNMENT (( #3210 ) ) ;
#1612 =( NAMED_UNIT ( * ) PLANE_ANGLE_UNIT ( ) SI_UNIT ( $, .RADIAN. ) );
#1613 = FILL_AREA_STYLE_COLOUR ( '', #5338 ) ;
#1614 = EDGE_CURVE ( 'NONE', #3901, #5162, #3609, .T. ) ;
#1615 = DIRECTION ( 'NONE',  ( 0.000000000000000000, 0.000000000000000000, 1.000000000000000000 ) ) ;
#1616 = VERTEX_POINT ( 'NONE', #7036 ) ;
#1617 = ORIENTED_EDGE ( 'NONE', *, *, #4120, .F. ) ;
#1618 = PLANE ( 'NONE',  #2870 ) ;
#1619 = ORIENTED_EDGE ( 'NONE', *, *, #1188, .T. ) ;
#1620 = UNCERTAINTY_MEASURE_WITH_UNIT (LENGTH_MEASURE( 1.000000000000000082E-05 ), #4205, 'distance_accuracy_value', 'NONE');
#1621 = DIRECTION ( 'NONE',  ( 0.000000000000000000, 0.000000000000000000, -1.000000000000000000 ) ) ;
#1622 = SURFACE_STYLE_FILL_AREA ( #6537 ) ;
#1623 = ADVANCED_FACE ( 'NONE', ( #5851 ), #451, .F. ) ;
#1624 = ORIENTED_EDGE ( 'NONE', *, *, #1091, .T. ) ;
#1625 = FACE_OUTER_BOUND ( 'NONE', #1574, .T. ) ;
#1626 = ORIENTED_EDGE ( 'NONE', *, *, #3966, .F. ) ;
#1627 =( NAMED_UNIT ( * ) SI_UNIT ( $, .STERADIAN. ) SOLID_ANGLE_UNIT ( ) );
#1628 = EDGE_CURVE ( 'NONE', #634, #3758, #5341, .T. ) ;
#1629 = CARTESIAN_POINT ( 'NONE',  ( -2.050000000000000266, 4.200000000000000178, -0.2000000000000000111 ) ) ;
#1630 = VECTOR ( 'NONE', #646, 1000.000000000000000 ) ;
#1631 = FACE_OUTER_BOUND ( 'NONE', #136, .T. ) ;
#1632 = PRESENTATION_STYLE_ASSIGNMENT (( #4915 ) ) ;
#1633 = LINE ( 'NONE', #77, #7074 ) ;
#1634 = SURFACE_STYLE_FILL_AREA ( #6015 ) ;
#1635 = CARTESIAN_POINT ( 'NONE',  ( -2.250000000000000000, 1.133333333333329973, 1.224999999999999867 ) ) ;
#1636 = CARTESIAN_POINT ( 'NONE',  ( -1.090000000000000080, 5.899999999999999467, 0.2999999999999999889 ) ) ;
#1637 = FILL_AREA_STYLE_COLOUR ( '', #848 ) ;
#1638 = DIRECTION ( 'NONE',  ( 0.000000000000000000, 0.000000000000000000, 1.000000000000000000 ) ) ;
#1639 = SURFACE_SIDE_STYLE ('',( #1162 ) ) ;
#1640 = ORIENTED_EDGE ( 'NONE', *, *, #6637, .F. ) ;
#1641 = COLOUR_RGB ( '',1.000000000000000000, 1.000000000000000000, 0.7529411764705882248 ) ;
#1642 = MECHANICAL_DESIGN_GEOMETRIC_PRESENTATION_REPRESENTATION (  '', ( #6001 ), #2565 ) ;
#1643 = DIRECTION ( 'NONE',  ( 0.000000000000000000, 1.000000000000000000, 0.000000000000000000 ) ) ;
#1644 = PRESENTATION_LAYER_ASSIGNMENT (  '', '', ( #6931 ) ) ;
#1645 = CARTESIAN_POINT ( 'NONE',  ( 3.834999999999999964, 1.584999999999999964, 0.05000000000000100198 ) ) ;
#1646 = CARTESIAN_POINT ( 'NONE',  ( 2.050000000000000266, 2.000000000000000000, -0.2000000000000050071 ) ) ;
#1647 = STYLED_ITEM ( 'NONE', ( #2080 ), #2761 ) ;
#1648 = MECHANICAL_DESIGN_GEOMETRIC_PRESENTATION_REPRESENTATION (  '', ( #2454 ), #3817 ) ;
#1649 = DIRECTION ( 'NONE',  ( -0.000000000000000000, 0.2095290887308729477, 0.9778024140774096429 ) ) ;
#1650 = CARTESIAN_POINT ( 'NONE',  ( 2.750000000000000000, 1.000000000000000000, -8.673617379884039416E-16 ) ) ;
#1651 = VERTEX_POINT ( 'NONE', #1028 ) ;
#1652 = ORIENTED_EDGE ( 'NONE', *, *, #844, .T. ) ;
#1653 = COLOUR_RGB ( '',1.000000000000000000, 1.000000000000000000, 0.7529411764705882248 ) ;
#1654 = MECHANICAL_DESIGN_GEOMETRIC_PRESENTATION_REPRESENTATION (  '', ( #5669 ), #3463 ) ;
#1655 = EDGE_LOOP ( 'NONE', ( #805, #5960, #4402, #2500, #849 ) ) ;
#1656 = MECHANICAL_DESIGN_GEOMETRIC_PRESENTATION_REPRESENTATION (  '', ( #1890 ), #6349 ) ;
#1657 =( NAMED_UNIT ( * ) SI_UNIT ( $, .STERADIAN. ) SOLID_ANGLE_UNIT ( ) );
#1658 = VECTOR ( 'NONE', #1480, 1000.000000000000000 ) ;
#1659 = ORIENTED_EDGE ( 'NONE', *, *, #4138, .F. ) ;
#1660 = CARTESIAN_POINT ( 'NONE',  ( -2.750000000000000000, 1.000000000000000000, 2.799999999999999822 ) ) ;
#1661 = VECTOR ( 'NONE', #3703, 1000.000000000000000 ) ;
#1662 = ORIENTED_EDGE ( 'NONE', *, *, #4349, .F. ) ;
#1663 = CARTESIAN_POINT ( 'NONE',  ( -2.050000000000000266, 2.000000000000000000, -4.701596255175999207E-15 ) ) ;
#1664 = FILL_AREA_STYLE_COLOUR ( '', #249 ) ;
#1665 =( NAMED_UNIT ( * ) PLANE_ANGLE_UNIT ( ) SI_UNIT ( $, .RADIAN. ) );
#1666 = CARTESIAN_POINT ( 'NONE',  ( 2.275849698379619923, 3.950000000000000178, 1.221601206481510049 ) ) ;
#1667 = PLANE ( 'NONE',  #1010 ) ;
#1668 = VECTOR ( 'NONE', #653, 1000.000000000000000 ) ;
#1669 =( NAMED_UNIT ( * ) SI_UNIT ( $, .STERADIAN. ) SOLID_ANGLE_UNIT ( ) );
#1670 = CARTESIAN_POINT ( 'NONE',  ( -1.090000000000000080, 2.399999999999999911, 0.7750000000000000222 ) ) ;
#1671 = ORIENTED_EDGE ( 'NONE', *, *, #5842, .F. ) ;
#1672 = LINE ( 'NONE', #2745, #3964 ) ;
#1673 = SURFACE_STYLE_USAGE ( .BOTH. , #5505 ) ;
#1674 = PRESENTATION_STYLE_ASSIGNMENT (( #3741 ) ) ;
#1675 = PRESENTATION_STYLE_ASSIGNMENT (( #3207 ) ) ;
#1676 = CARTESIAN_POINT ( 'NONE',  ( -2.449999999999999734, 3.950000000000000178, 2.024999999999999911 ) ) ;
#1677 =( NAMED_UNIT ( * ) PLANE_ANGLE_UNIT ( ) SI_UNIT ( $, .RADIAN. ) );
#1678 = EDGE_LOOP ( 'NONE', ( #3464, #5130, #4169, #6667 ) ) ;
#1679 = LINE ( 'NONE', #3867, #3862 ) ;
#1680 = FACE_OUTER_BOUND ( 'NONE', #5830, .T. ) ;
#1681 = VECTOR ( 'NONE', #5447, 1000.000000000000000 ) ;
#1682 =( LENGTH_UNIT ( ) NAMED_UNIT ( * ) SI_UNIT ( .MILLI., .METRE. ) );
#1683 = DIRECTION ( 'NONE',  ( 0.000000000000000000, -5.421010862427520198E-16, 1.000000000000000000 ) ) ;
#1684 = FILL_AREA_STYLE_COLOUR ( '', #1723 ) ;
#1685 = ORIENTED_EDGE ( 'NONE', *, *, #6444, .F. ) ;
#1686 = ORIENTED_EDGE ( 'NONE', *, *, #1047, .F. ) ;
#1687 =( NAMED_UNIT ( * ) PLANE_ANGLE_UNIT ( ) SI_UNIT ( $, .RADIAN. ) );
#1688 = ADVANCED_FACE ( 'NONE', ( #5555 ), #93, .F. ) ;
#1689 = ORIENTED_EDGE ( 'NONE', *, *, #5672, .F. ) ;
#1690 = UNCERTAINTY_MEASURE_WITH_UNIT (LENGTH_MEASURE( 1.000000000000000082E-05 ), #1564, 'distance_accuracy_value', 'NONE');
#1691 = DIRECTION ( 'NONE',  ( 1.000000000000000000, 0.000000000000000000, 8.236574643688339870E-16 ) ) ;
#1692 = MECHANICAL_DESIGN_GEOMETRIC_PRESENTATION_REPRESENTATION (  '', ( #757 ), #993 ) ;
#1693 = CARTESIAN_POINT ( 'NONE',  ( -1.090000000000000080, 2.399999999999999911, 0.7750000000000000222 ) ) ;
#1694 = ORIENTED_EDGE ( 'NONE', *, *, #4018, .F. ) ;
#1695 = FILL_AREA_STYLE_COLOUR ( '', #3406 ) ;
#1696 = ORIENTED_EDGE ( 'NONE', *, *, #7023, .F. ) ;
#1697 = SURFACE_SIDE_STYLE ('',( #3882 ) ) ;
#1698 = VECTOR ( 'NONE', #6392, 1000.000000000000000 ) ;
#1699 = EDGE_LOOP ( 'NONE', ( #898, #740, #4084, #5788 ) ) ;
#1700 =( GEOMETRIC_REPRESENTATION_CONTEXT ( 3 ) GLOBAL_UNCERTAINTY_ASSIGNED_CONTEXT ( ( #6147 ) ) GLOBAL_UNIT_ASSIGNED_CONTEXT ( ( #4297, #5897, #4869 ) ) REPRESENTATION_CONTEXT ( 'NONE', 'WORKASPACE' ) );
#1701 = PRESENTATION_STYLE_ASSIGNMENT (( #642 ) ) ;
#1702 = CARTESIAN_POINT ( 'NONE',  ( -2.275849698379619923, 1.116100201080249876, 1.221601206481500057 ) ) ;
#1703 = CARTESIAN_POINT ( 'NONE',  ( 2.050000000000000266, 4.200000000000000178, -0.2000000000000000111 ) ) ;
#1704 = SURFACE_STYLE_USAGE ( .BOTH. , #74 ) ;
#1705 = ORIENTED_EDGE ( 'NONE', *, *, #6386, .F. ) ;
#1706 = UNCERTAINTY_MEASURE_WITH_UNIT (LENGTH_MEASURE( 1.000000000000000082E-05 ), #4781, 'distance_accuracy_value', 'NONE');
#1707 = SURFACE_SIDE_STYLE ('',( #7 ) ) ;
#1708 = PRESENTATION_LAYER_ASSIGNMENT (  '', '', ( #5482 ) ) ;
#1709 = VECTOR ( 'NONE', #6969, 1000.000000000000000 ) ;
#1710 = PLANE ( 'NONE',  #6882 ) ;
#1711 = LINE ( 'NONE', #504, #6943 ) ;
#1712 = DIRECTION ( 'NONE',  ( 0.000000000000000000, 0.7071067811865480168, 0.7071067811865470176 ) ) ;
#1713 = CARTESIAN_POINT ( 'NONE',  ( 2.050000000000000266, 4.200000000000000178, -9.397244887005778583E-16 ) ) ;
#1714 = ORIENTED_EDGE ( 'NONE', *, *, #552, .T. ) ;
#1715 = EDGE_CURVE ( 'NONE', #3313, #3621, #2827, .T. ) ;
#1716 = ADVANCED_FACE ( 'NONE', ( #5404 ), #2696, .F. ) ;
#1717 = PRESENTATION_STYLE_ASSIGNMENT (( #2254 ) ) ;
#1718 = CIRCLE ( 'NONE', #1592, 0.2000000000000000944 ) ;
#1719 = MECHANICAL_DESIGN_GEOMETRIC_PRESENTATION_REPRESENTATION (  '', ( #4111 ), #1377 ) ;
#1720 = PRESENTATION_STYLE_ASSIGNMENT (( #6558 ) ) ;
#1721 = VERTEX_POINT ( 'NONE', #2754 ) ;
#1722 = DIRECTION ( 'NONE',  ( -1.000000000000000000, 0.000000000000000000, 0.000000000000000000 ) ) ;
#1723 = COLOUR_RGB ( '',1.000000000000000000, 1.000000000000000000, 0.7529411764705882248 ) ;
#1724 = EDGE_CURVE ( 'NONE', #2775, #3386, #6025, .T. ) ;
#1725 = ORIENTED_EDGE ( 'NONE', *, *, #6160, .T. ) ;
#1726 = ORIENTED_EDGE ( 'NONE', *, *, #1024, .T. ) ;
#1727 =( NAMED_UNIT ( * ) PLANE_ANGLE_UNIT ( ) SI_UNIT ( $, .RADIAN. ) );
#1728 = ORIENTED_EDGE ( 'NONE', *, *, #6920, .T. ) ;
#1729 = EDGE_CURVE ( 'NONE', #1147, #618, #6489, .T. ) ;
#1730 = CARTESIAN_POINT ( 'NONE',  ( -2.149999999999999911, 3.950000000000000178, 2.799999999999999822 ) ) ;
#1731 = EDGE_LOOP ( 'NONE', ( #3305, #751, #1506, #219 ) ) ;
#1732 = DIRECTION ( 'NONE',  ( 0.000000000000000000, -1.000000000000000000, 0.000000000000000000 ) ) ;
#1733 = ORIENTED_EDGE ( 'NONE', *, *, #4496, .T. ) ;
#1734 = FILL_AREA_STYLE ('',( #636 ) ) ;
#1735 = ORIENTED_EDGE ( 'NONE', *, *, #923, .F. ) ;
#1736 = PRESENTATION_STYLE_ASSIGNMENT (( #2318 ) ) ;
#1737 = PRESENTATION_STYLE_ASSIGNMENT (( #2243 ) ) ;
#1738 = FILL_AREA_STYLE ('',( #6803 ) ) ;
#1739 = PRESENTATION_STYLE_ASSIGNMENT (( #4948 ) ) ;
#1740 =( NAMED_UNIT ( * ) PLANE_ANGLE_UNIT ( ) SI_UNIT ( $, .RADIAN. ) );
#1741 = ADVANCED_FACE ( 'NONE', ( #6603 ), #1571, .F. ) ;
#1742 = FACE_BOUND ( 'NONE', #3935, .T. ) ;
#1743 = DIRECTION ( 'NONE',  ( 0.000000000000000000, 1.000000000000000000, 0.000000000000000000 ) ) ;
#1744 = DIRECTION ( 'NONE',  ( 0.000000000000000000, 1.000000000000000000, 0.000000000000000000 ) ) ;
#1745 = PRESENTATION_STYLE_ASSIGNMENT (( #1130 ) ) ;
#1746 = EDGE_LOOP ( 'NONE', ( #518, #5744, #5283, #4007 ) ) ;
#1747 = CARTESIAN_POINT ( 'NONE',  ( 1.800000000000000044, 2.000000000000000000, 2.799999999999999822 ) ) ;
#1748 = VERTEX_POINT ( 'NONE', #1898 ) ;
#1749 =( GEOMETRIC_REPRESENTATION_CONTEXT ( 3 ) GLOBAL_UNCERTAINTY_ASSIGNED_CONTEXT ( ( #319 ) ) GLOBAL_UNIT_ASSIGNED_CONTEXT ( ( #118, #6805, #5650 ) ) REPRESENTATION_CONTEXT ( 'NONE', 'WORKASPACE' ) );
#1750 = DIRECTION ( 'NONE',  ( 1.000000000000000000, 0.000000000000000000, 0.000000000000000000 ) ) ;
#1751 = LINE ( 'NONE', #3417, #5035 ) ;
#1752 = ORIENTED_EDGE ( 'NONE', *, *, #6788, .T. ) ;
#1753 = FILL_AREA_STYLE ('',( #6054 ) ) ;
#1754 = PRESENTATION_STYLE_ASSIGNMENT (( #3449 ) ) ;
#1755 = VECTOR ( 'NONE', #673, 1000.000000000000000 ) ;
#1756 = VECTOR ( 'NONE', #3810, 1000.000000000000000 ) ;
#1757 = CARTESIAN_POINT ( 'NONE',  ( -2.149999999999999911, 3.950000000000000178, 2.075000000000000178 ) ) ;
#1758 = ORIENTED_EDGE ( 'NONE', *, *, #4087, .T. ) ;
#1759 = VECTOR ( 'NONE', #4208, 1000.000000000000000 ) ;
#1760 = ORIENTED_EDGE ( 'NONE', *, *, #3084, .F. ) ;
#1761 = DIRECTION ( 'NONE',  ( 0.000000000000000000, 3.975407965780180295E-15, -1.000000000000000000 ) ) ;
#1762 = PRESENTATION_LAYER_ASSIGNMENT (  '', '', ( #4606 ) ) ;
#1763 = AXIS2_PLACEMENT_3D ( 'NONE', #198, #6163, #1246 ) ;
#1764 = UNCERTAINTY_MEASURE_WITH_UNIT (LENGTH_MEASURE( 1.000000000000000082E-05 ), #4554, 'distance_accuracy_value', 'NONE');
#1765 = DIRECTION ( 'NONE',  ( 0.000000000000000000, -0.7071067811865470176, 0.7071067811865480168 ) ) ;
#1766 = AXIS2_PLACEMENT_3D ( 'NONE', #2207, #4997, #1603 ) ;
#1767 = VERTEX_POINT ( 'NONE', #3525 ) ;
#1768 = CARTESIAN_POINT ( 'NONE',  ( -1.409999999999999920, 5.100000000000000533, 1.525000000000000133 ) ) ;
#1769 = VERTEX_POINT ( 'NONE', #660 ) ;
#1770 = DIRECTION ( 'NONE',  ( 0.000000000000000000, 0.000000000000000000, -1.000000000000000000 ) ) ;
#1771 = EDGE_LOOP ( 'NONE', ( #1652, #4899, #1174, #6833 ) ) ;
#1772 = VECTOR ( 'NONE', #3326, 1000.000000000000000 ) ;
#1773 = CARTESIAN_POINT ( 'NONE',  ( 0.1600000000000000033, 6.000000000000000000, -0.2000000000000000111 ) ) ;
#1774 = SURFACE_SIDE_STYLE ('',( #3433 ) ) ;
#1775 = DIRECTION ( 'NONE',  ( 0.000000000000000000, 1.000000000000000000, 0.000000000000000000 ) ) ;
#1776 = FACE_OUTER_BOUND ( 'NONE', #6495, .T. ) ;
#1777 = SURFACE_STYLE_USAGE ( .BOTH. , #6741 ) ;
#1778 = VERTEX_POINT ( 'NONE', #691 ) ;
#1779 = FILL_AREA_STYLE ('',( #1157 ) ) ;
#1780 = EDGE_CURVE ( 'NONE', #676, #4752, #230, .T. ) ;
#1781 = UNCERTAINTY_MEASURE_WITH_UNIT (LENGTH_MEASURE( 1.000000000000000082E-05 ), #2321, 'distance_accuracy_value', 'NONE');
#1782 = LINE ( 'NONE', #755, #3014 ) ;
#1783 = CARTESIAN_POINT ( 'NONE',  ( -2.449999999999999734, 1.000000000000000000, 3.200000000000000178 ) ) ;
#1784 = PRESENTATION_STYLE_ASSIGNMENT (( #4067 ) ) ;
#1785 = ORIENTED_EDGE ( 'NONE', *, *, #6169, .T. ) ;
#1786 = VERTEX_POINT ( 'NONE', #3485 ) ;
#1787 = SURFACE_SIDE_STYLE ('',( #6600 ) ) ;
#1788 = LINE ( 'NONE', #1358, #6178 ) ;
#1789 = CARTESIAN_POINT ( 'NONE',  ( 2.050000000000000266, 2.000000000000000000, -0.2000000000000050071 ) ) ;
#1790 =( NAMED_UNIT ( * ) PLANE_ANGLE_UNIT ( ) SI_UNIT ( $, .RADIAN. ) );
#1791 =( NAMED_UNIT ( * ) PLANE_ANGLE_UNIT ( ) SI_UNIT ( $, .RADIAN. ) );
#1792 = ORIENTED_EDGE ( 'NONE', *, *, #6906, .F. ) ;
#1793 = ORIENTED_EDGE ( 'NONE', *, *, #3274, .F. ) ;
#1794 = DIRECTION ( 'NONE',  ( 2.155072976507530017E-30, 1.000000000000000000, 3.975407965780180295E-15 ) ) ;
#1795 = AXIS2_PLACEMENT_3D ( 'NONE', #4220, #6905, #5264 ) ;
#1796 = SURFACE_STYLE_USAGE ( .BOTH. , #1406 ) ;
#1797 = MECHANICAL_DESIGN_GEOMETRIC_PRESENTATION_REPRESENTATION (  '', ( #3381 ), #5226 ) ;
#1798 = VERTEX_POINT ( 'NONE', #2944 ) ;
#1799 = CARTESIAN_POINT ( 'NONE',  ( -1.800000000000000044, 2.600000000000000089, 3.200000000000000178 ) ) ;
#1800 = ADVANCED_FACE ( 'NONE', ( #4534 ), #5588, .T. ) ;
#1801 = EDGE_CURVE ( 'NONE', #5162, #1339, #2375, .T. ) ;
#1802 = CARTESIAN_POINT ( 'NONE',  ( -2.550000000000000266, 2.000000000000000000, -0.2000000000000050071 ) ) ;
#1803 = DIRECTION ( 'NONE',  ( -0.7071067811865480168, 0.7071067811865470176, 0.000000000000000000 ) ) ;
#1804 = EDGE_CURVE ( 'NONE', #1546, #1185, #1788, .T. ) ;
#1805 = MECHANICAL_DESIGN_GEOMETRIC_PRESENTATION_REPRESENTATION (  '', ( #3983 ), #1238 ) ;
#1806 = FACE_OUTER_BOUND ( 'NONE', #2516, .T. ) ;
#1807 = ORIENTED_EDGE ( 'NONE', *, *, #333, .T. ) ;
#1808 = FILL_AREA_STYLE ('',( #2459 ) ) ;
#1809 = PLANE ( 'NONE',  #3977 ) ;
#1810 = DIRECTION ( 'NONE',  ( -0.7071067811865489050, 0.000000000000000000, 0.7071067811865460184 ) ) ;
#1811 = SURFACE_STYLE_FILL_AREA ( #4527 ) ;
#1812 = CARTESIAN_POINT ( 'NONE',  ( -2.149999999999999911, 3.950000000000000178, 0.4000000000000000222 ) ) ;
#1813 = EDGE_CURVE ( 'NONE', #4652, #5767, #3078, .T. ) ;
#1814 = ORIENTED_EDGE ( 'NONE', *, *, #4442, .F. ) ;
#1815 = EDGE_CURVE ( 'NONE', #6112, #3571, #6193, .T. ) ;
#1816 = DIRECTION ( 'NONE',  ( 0.000000000000000000, 0.000000000000000000, 1.000000000000000000 ) ) ;
#1817 = VERTEX_POINT ( 'NONE', #1327 ) ;
#1818 = CARTESIAN_POINT ( 'NONE',  ( -2.750000000000000000, 5.200000000000000178, 8.881784197001250351E-16 ) ) ;
#1819 = MECHANICAL_DESIGN_GEOMETRIC_PRESENTATION_REPRESENTATION (  '', ( #2509 ), #6872 ) ;
#1820 = STYLED_ITEM ( 'NONE', ( #609 ), #5371 ) ;
#1821 = DIRECTION ( 'NONE',  ( -1.000000000000000000, 0.000000000000000000, 0.000000000000000000 ) ) ;
#1822 = ADVANCED_FACE ( 'NONE', ( #3562 ), #5218, .T. ) ;
#1823 = CARTESIAN_POINT ( 'NONE',  ( -3.419999999999999929, 4.200000000000000178, 0.2500000000000000000 ) ) ;
#1824 = DIRECTION ( 'NONE',  ( 0.000000000000000000, 0.000000000000000000, -1.000000000000000000 ) ) ;
#1825 = COLOUR_RGB ( '',1.000000000000000000, 1.000000000000000000, 0.7529411764705882248 ) ;
#1826 =( NAMED_UNIT ( * ) SI_UNIT ( $, .STERADIAN. ) SOLID_ANGLE_UNIT ( ) );
#1827 = MECHANICAL_DESIGN_GEOMETRIC_PRESENTATION_REPRESENTATION (  '', ( #3993 ), #6772 ) ;
#1828 = ORIENTED_EDGE ( 'NONE', *, *, #3414, .T. ) ;
#1829 = FILL_AREA_STYLE ('',( #6763 ) ) ;
#1830 = AXIS2_PLACEMENT_3D ( 'NONE', #7072, #6605, #4317 ) ;
#1831 = EDGE_CURVE ( 'NONE', #5605, #1874, #4106, .T. ) ;
#1832 = FILL_AREA_STYLE ('',( #4541 ) ) ;
#1833 = ORIENTED_EDGE ( 'NONE', *, *, #4165, .F. ) ;
#1834 = VERTEX_POINT ( 'NONE', #4641 ) ;
#1835 = VERTEX_POINT ( 'NONE', #3031 ) ;
#1836 = CARTESIAN_POINT ( 'NONE',  ( 1.409999999999999920, 1.699999999999999956, 0.9250000000000000444 ) ) ;
#1837 = CARTESIAN_POINT ( 'NONE',  ( -2.550000000000000266, 1.000000000000000000, -0.2000000000000060063 ) ) ;
#1838 = UNCERTAINTY_MEASURE_WITH_UNIT (LENGTH_MEASURE( 1.000000000000000082E-05 ), #14, 'distance_accuracy_value', 'NONE');
#1839 = EDGE_CURVE ( 'NONE', #4057, #4792, #6854, .T. ) ;
#1840 = CARTESIAN_POINT ( 'NONE',  ( 2.275849698379619923, 1.116100201080249876, 1.221601206481500057 ) ) ;
#1841 = CARTESIAN_POINT ( 'NONE',  ( -1.409999999999999920, 5.400000000000000355, 0.5999999999999999778 ) ) ;
#1842 =( NAMED_UNIT ( * ) PLANE_ANGLE_UNIT ( ) SI_UNIT ( $, .RADIAN. ) );
#1843 = PRESENTATION_STYLE_ASSIGNMENT (( #5612 ) ) ;
#1844 = DIRECTION ( 'NONE',  ( 0.000000000000000000, 1.000000000000000000, 0.000000000000000000 ) ) ;
#1845 = EDGE_LOOP ( 'NONE', ( #4649, #1319, #3320, #67, #4248, #708, #3343 ) ) ;
#1846 = UNCERTAINTY_MEASURE_WITH_UNIT (LENGTH_MEASURE( 1.000000000000000082E-05 ), #3157, 'distance_accuracy_value', 'NONE');
#1847 = PRESENTATION_STYLE_ASSIGNMENT (( #4666 ) ) ;
#1848 = ADVANCED_FACE ( 'NONE', ( #4678 ), #2079, .F. ) ;
#1849 = FILL_AREA_STYLE_COLOUR ( '', #3531 ) ;
#1850 = CARTESIAN_POINT ( 'NONE',  ( 0.1499999999999999944, 2.449999999999999734, -4.336808689942019708E-16 ) ) ;
#1851 = DIRECTION ( 'NONE',  ( 0.000000000000000000, 1.000000000000000000, 0.000000000000000000 ) ) ;
#1852 = CARTESIAN_POINT ( 'NONE',  ( 3.419999999999999929, 4.200000000000000178, 0.2500000000000000000 ) ) ;
#1853 = DIRECTION ( 'NONE',  ( 0.000000000000000000, -1.000000000000000000, -1.807003620809169702E-16 ) ) ;
#1854 = ORIENTED_EDGE ( 'NONE', *, *, #2693, .T. ) ;
#1855 =( NAMED_UNIT ( * ) SI_UNIT ( $, .STERADIAN. ) SOLID_ANGLE_UNIT ( ) );
#1856 = ORIENTED_EDGE ( 'NONE', *, *, #2900, .F. ) ;
#1857 = CARTESIAN_POINT ( 'NONE',  ( -3.750000000000000000, 4.200000000000000178, 0.1000000000000000056 ) ) ;
#1858 =( LENGTH_UNIT ( ) NAMED_UNIT ( * ) SI_UNIT ( .MILLI., .METRE. ) );
#1859 = EDGE_CURVE ( 'NONE', #4647, #2775, #4243, .T. ) ;
#1860 =( NAMED_UNIT ( * ) PLANE_ANGLE_UNIT ( ) SI_UNIT ( $, .RADIAN. ) );
#1861 = SURFACE_SIDE_STYLE ('',( #6787 ) ) ;
#1862 = DIRECTION ( 'NONE',  ( 0.000000000000000000, -1.000000000000000000, 0.000000000000000000 ) ) ;
#1863 = SURFACE_STYLE_FILL_AREA ( #5080 ) ;
#1864 = CARTESIAN_POINT ( 'NONE',  ( 4.250000000000000000, 2.000000000000000000, -0.2000000000000000111 ) ) ;
#1865 = VERTEX_POINT ( 'NONE', #4210 ) ;
#1866 = VECTOR ( 'NONE', #5277, 1000.000000000000000 ) ;
#1867 = ORIENTED_EDGE ( 'NONE', *, *, #2356, .F. ) ;
#1868 =( LENGTH_UNIT ( ) NAMED_UNIT ( * ) SI_UNIT ( .MILLI., .METRE. ) );
#1869 = AXIS2_PLACEMENT_3D ( 'NONE', #4116, #5602, #1803 ) ;
#1870 = STYLED_ITEM ( 'NONE', ( #5782 ), #2338 ) ;
#1871 = COLOUR_RGB ( '',1.000000000000000000, 1.000000000000000000, 0.7529411764705882248 ) ;
#1872 = STYLED_ITEM ( 'NONE', ( #1611 ), #1062 ) ;
#1873 =( NAMED_UNIT ( * ) PLANE_ANGLE_UNIT ( ) SI_UNIT ( $, .RADIAN. ) );
#1874 = VERTEX_POINT ( 'NONE', #1969 ) ;
#1875 = ORIENTED_EDGE ( 'NONE', *, *, #640, .F. ) ;
#1876 = DIRECTION ( 'NONE',  ( 0.000000000000000000, 0.000000000000000000, -1.000000000000000000 ) ) ;
#1877 = AXIS2_PLACEMENT_3D ( 'NONE', #2586, #3105, #444 ) ;
#1878 = AXIS2_PLACEMENT_3D ( 'NONE', #694, #4536, #5118 ) ;
#1879 = VECTOR ( 'NONE', #5989, 1000.000000000000000 ) ;
#1880 = PRESENTATION_LAYER_ASSIGNMENT (  '', '', ( #3699 ) ) ;
#1881 = CARTESIAN_POINT ( 'NONE',  ( -0.1600000000000000033, 3.950000000000000178, 1.125000000000000000 ) ) ;
#1882 =( NAMED_UNIT ( * ) PLANE_ANGLE_UNIT ( ) SI_UNIT ( $, .RADIAN. ) );
#1883 =( LENGTH_UNIT ( ) NAMED_UNIT ( * ) SI_UNIT ( .MILLI., .METRE. ) );
#1884 =( LENGTH_UNIT ( ) NAMED_UNIT ( * ) SI_UNIT ( .MILLI., .METRE. ) );
#1885 = PLANE ( 'NONE',  #1979 ) ;
#1886 = ORIENTED_EDGE ( 'NONE', *, *, #210, .F. ) ;
#1887 = COLOUR_RGB ( '',1.000000000000000000, 1.000000000000000000, 0.7529411764705882248 ) ;
#1888 = STYLED_ITEM ( 'NONE', ( #1675 ), #2809 ) ;
#1889 = AXIS2_PLACEMENT_3D ( 'NONE', #6297, #5245, #6922 ) ;
#1890 = STYLED_ITEM ( 'NONE', ( #4275 ), #3898 ) ;
#1891 = SURFACE_STYLE_USAGE ( .BOTH. , #4465 ) ;
#1892 = DIRECTION ( 'NONE',  ( 0.000000000000000000, -1.000000000000000000, 0.000000000000000000 ) ) ;
#1893 = FILL_AREA_STYLE ('',( #687 ) ) ;
#1894 = ORIENTED_EDGE ( 'NONE', *, *, #860, .T. ) ;
#1895 = EDGE_CURVE ( 'NONE', #5697, #5005, #5809, .T. ) ;
#1896 = FILL_AREA_STYLE ('',( #6895 ) ) ;
#1897 = LINE ( 'NONE', #5666, #1939 ) ;
#1898 = CARTESIAN_POINT ( 'NONE',  ( -1.409999999999999920, 3.950000000000000178, 0.7750000000000000222 ) ) ;
#1899 =( GEOMETRIC_REPRESENTATION_CONTEXT ( 3 ) GLOBAL_UNCERTAINTY_ASSIGNED_CONTEXT ( ( #3841 ) ) GLOBAL_UNIT_ASSIGNED_CONTEXT ( ( #7095, #4998, #6750 ) ) REPRESENTATION_CONTEXT ( 'NONE', 'WORKASPACE' ) );
#1900 = LINE ( 'NONE', #132, #3235 ) ;
#1901 = LINE ( 'NONE', #3452, #4943 ) ;
#1902 = DIRECTION ( 'NONE',  ( 0.000000000000000000, 0.000000000000000000, 1.000000000000000000 ) ) ;
#1903 = ORIENTED_EDGE ( 'NONE', *, *, #6904, .F. ) ;
#1904 = VERTEX_POINT ( 'NONE', #6414 ) ;
#1905 = PRESENTATION_STYLE_ASSIGNMENT (( #6903 ) ) ;
#1906 =( LENGTH_UNIT ( ) NAMED_UNIT ( * ) SI_UNIT ( .MILLI., .METRE. ) );
#1907 = ORIENTED_EDGE ( 'NONE', *, *, #135, .F. ) ;
#1908 = ORIENTED_EDGE ( 'NONE', *, *, #422, .T. ) ;
#1909 = ORIENTED_EDGE ( 'NONE', *, *, #2572, .F. ) ;
#1910 = FACE_OUTER_BOUND ( 'NONE', #759, .T. ) ;
#1911 = ADVANCED_FACE ( 'NONE', ( #3670 ), #6518, .F. ) ;
#1912 = UNCERTAINTY_MEASURE_WITH_UNIT (LENGTH_MEASURE( 1.000000000000000082E-05 ), #4473, 'distance_accuracy_value', 'NONE');
#1913 = COLOUR_RGB ( '',0.7529411764705882248, 0.7529411764705882248, 0.7529411764705882248 ) ;
#1914 = LINE ( 'NONE', #3472, #1434 ) ;
#1915 = SURFACE_SIDE_STYLE ('',( #1382 ) ) ;
#1916 = DIRECTION ( 'NONE',  ( 0.000000000000000000, 1.000000000000000000, 0.000000000000000000 ) ) ;
#1917 =( GEOMETRIC_REPRESENTATION_CONTEXT ( 3 ) GLOBAL_UNCERTAINTY_ASSIGNED_CONTEXT ( ( #1706 ) ) GLOBAL_UNIT_ASSIGNED_CONTEXT ( ( #4781, #839, #877 ) ) REPRESENTATION_CONTEXT ( 'NONE', 'WORKASPACE' ) );
#1918 = EDGE_LOOP ( 'NONE', ( #4312, #1068, #1793, #996, #1686, #5747, #3883, #3093, #5862, #1113, #3425, #1132, #288, #6684, #5091, #3461, #3454, #2822, #6850, #5485, #4363, #3284, #1533, #5203, #793, #4320, #6982, #4923 ) ) ;
#1919 = DIRECTION ( 'NONE',  ( -6.168736498624420216E-16, 1.000000000000000000, 0.000000000000000000 ) ) ;
#1920 = COLOUR_RGB ( '',1.000000000000000000, 1.000000000000000000, 0.7529411764705882248 ) ;
#1921 =( LENGTH_UNIT ( ) NAMED_UNIT ( * ) SI_UNIT ( .MILLI., .METRE. ) );
#1922 = DIRECTION ( 'NONE',  ( 0.000000000000000000, 0.000000000000000000, -1.000000000000000000 ) ) ;
#1923 = SURFACE_STYLE_USAGE ( .BOTH. , #1425 ) ;
#1924 = AXIS2_PLACEMENT_3D ( 'NONE', #5242, #6746, #5935 ) ;
#1925 = SURFACE_SIDE_STYLE ('',( #5763 ) ) ;
#1926 = DIRECTION ( 'NONE',  ( 1.000000000000000000, 0.000000000000000000, 0.000000000000000000 ) ) ;
#1927 = VERTEX_POINT ( 'NONE', #3782 ) ;
#1928 = DIRECTION ( 'NONE',  ( 1.000000000000000000, 0.000000000000000000, 4.065758146820629795E-16 ) ) ;
#1929 =( NAMED_UNIT ( * ) SI_UNIT ( $, .STERADIAN. ) SOLID_ANGLE_UNIT ( ) );
#1930 = DIRECTION ( 'NONE',  ( 0.000000000000000000, 1.000000000000000000, 0.000000000000000000 ) ) ;
#1931 = LINE ( 'NONE', #2436, #2574 ) ;
#1932 = ADVANCED_FACE ( 'NONE', ( #4423 ), #1710, .T. ) ;
#1933 = DIRECTION ( 'NONE',  ( 0.000000000000000000, -1.000000000000000000, 0.000000000000000000 ) ) ;
#1934 = EDGE_CURVE ( 'NONE', #618, #6346, #6081, .T. ) ;
#1935 = CARTESIAN_POINT ( 'NONE',  ( -2.149999999999999911, 3.950000000000000178, 0.4000000000000000222 ) ) ;
#1936 = CARTESIAN_POINT ( 'NONE',  ( 0.1600000000000000033, 2.399999999999999911, 0.7750000000000000222 ) ) ;
#1937 = VERTEX_POINT ( 'NONE', #4884 ) ;
#1938 = PRESENTATION_LAYER_ASSIGNMENT (  '', '', ( #1001 ) ) ;
#1939 = VECTOR ( 'NONE', #5808, 1000.000000000000000 ) ;
#1940 =( GEOMETRIC_REPRESENTATION_CONTEXT ( 3 ) GLOBAL_UNCERTAINTY_ASSIGNED_CONTEXT ( ( #4134 ) ) GLOBAL_UNIT_ASSIGNED_CONTEXT ( ( #3147, #5467, #1669 ) ) REPRESENTATION_CONTEXT ( 'NONE', 'WORKASPACE' ) );
#1941 = ORIENTED_EDGE ( 'NONE', *, *, #659, .T. ) ;
#1942 = STYLED_ITEM ( 'NONE', ( #5827 ), #5448 ) ;
#1943 = DIRECTION ( 'NONE',  ( 0.000000000000000000, 0.000000000000000000, -1.000000000000000000 ) ) ;
#1944 = PRESENTATION_LAYER_ASSIGNMENT (  '', '', ( #3528 ) ) ;
#1945 = EDGE_CURVE ( 'NONE', #4792, #1205, #48, .T. ) ;
#1946 = CARTESIAN_POINT ( 'NONE',  ( 2.750000000000000000, 1.399999999999999911, 0.1000000000000000056 ) ) ;
#1947 = ORIENTED_EDGE ( 'NONE', *, *, #5758, .T. ) ;
#1948 = ORIENTED_EDGE ( 'NONE', *, *, #296, .F. ) ;
#1949 = SURFACE_STYLE_FILL_AREA ( #3613 ) ;
#1950 = VECTOR ( 'NONE', #2529, 1000.000000000000000 ) ;
#1951 = PRESENTATION_LAYER_ASSIGNMENT (  '', '', ( #2520 ) ) ;
#1952 = EDGE_CURVE ( 'NONE', #3934, #5293, #2303, .T. ) ;
#1953 =( GEOMETRIC_REPRESENTATION_CONTEXT ( 3 ) GLOBAL_UNCERTAINTY_ASSIGNED_CONTEXT ( ( #2857 ) ) GLOBAL_UNIT_ASSIGNED_CONTEXT ( ( #378, #4786, #2087 ) ) REPRESENTATION_CONTEXT ( 'NONE', 'WORKASPACE' ) );
#1954 = MECHANICAL_DESIGN_GEOMETRIC_PRESENTATION_REPRESENTATION (  '', ( #1022 ), #6888 ) ;
#1955 = LINE ( 'NONE', #1380, #6695 ) ;
#1956 = DIRECTION ( 'NONE',  ( 0.000000000000000000, 5.421010862427510337E-16, -1.000000000000000000 ) ) ;
#1957 = FILL_AREA_STYLE ('',( #970 ) ) ;
#1958 = CARTESIAN_POINT ( 'NONE',  ( -0.1600000000000000033, 5.100000000000000533, 1.525000000000000133 ) ) ;
#1959 = LINE ( 'NONE', #3161, #1866 ) ;
#1960 = VERTEX_POINT ( 'NONE', #2250 ) ;
#1961 = PRESENTATION_STYLE_ASSIGNMENT (( #3588 ) ) ;
#1962 = DIRECTION ( 'NONE',  ( 1.000000000000000000, 0.000000000000000000, 0.000000000000000000 ) ) ;
#1963 = LINE ( 'NONE', #2617, #1312 ) ;
#1964 = DIRECTION ( 'NONE',  ( 0.000000000000000000, 1.000000000000000000, 0.000000000000000000 ) ) ;
#1965 = EDGE_LOOP ( 'NONE', ( #5410, #3643, #3242, #577 ) ) ;
#1966 = EDGE_CURVE ( 'NONE', #1581, #4701, #3819, .T. ) ;
#1967 = LINE ( 'NONE', #3138, #2234 ) ;
#1968 = DIRECTION ( 'NONE',  ( 0.000000000000000000, 1.000000000000000000, 0.000000000000000000 ) ) ;
#1969 = CARTESIAN_POINT ( 'NONE',  ( -2.449999999999999734, 1.000000000000000000, 2.799999999999999822 ) ) ;
#1970 =( NAMED_UNIT ( * ) SI_UNIT ( $, .STERADIAN. ) SOLID_ANGLE_UNIT ( ) );
#1971 = FACE_OUTER_BOUND ( 'NONE', #53, .T. ) ;
#1972 = CARTESIAN_POINT ( 'NONE',  ( 4.250000000000000000, 1.399999999999999911, 1.800000000000000044 ) ) ;
#1973 = ORIENTED_EDGE ( 'NONE', *, *, #7037, .F. ) ;
#1974 = LINE ( 'NONE', #5175, #4095 ) ;
#1975 = CARTESIAN_POINT ( 'NONE',  ( 1.800000000000000044, 2.799999999999999822, 2.799999999999999822 ) ) ;
#1976 = CARTESIAN_POINT ( 'NONE',  ( -2.149999999999999911, 1.199999999999999956, 2.799999999999999822 ) ) ;
#1977 = PLANE ( 'NONE',  #1795 ) ;
#1978 = DIRECTION ( 'NONE',  ( 0.000000000000000000, 0.9778024140774096429, -0.2095290887308729200 ) ) ;
#1979 = AXIS2_PLACEMENT_3D ( 'NONE', #3988, #5689, #2322 ) ;
#1980 = ORIENTED_EDGE ( 'NONE', *, *, #1294, .F. ) ;
#1981 = VERTEX_POINT ( 'NONE', #6629 ) ;
#1982 = CARTESIAN_POINT ( 'NONE',  ( 2.149999999999999911, 3.950000000000000178, 1.125000000000000000 ) ) ;
#1983 = STYLED_ITEM ( 'NONE', ( #1083 ), #875 ) ;
#1984 = VECTOR ( 'NONE', #2694, 1000.000000000000000 ) ;
#1985 = UNCERTAINTY_MEASURE_WITH_UNIT (LENGTH_MEASURE( 1.000000000000000082E-05 ), #750, 'distance_accuracy_value', 'NONE');
#1986 =( LENGTH_UNIT ( ) NAMED_UNIT ( * ) SI_UNIT ( .MILLI., .METRE. ) );
#1987 = CARTESIAN_POINT ( 'NONE',  ( 2.275849698379619923, 1.116100201080249876, 1.221601206481500057 ) ) ;
#1988 = DIRECTION ( 'NONE',  ( -1.000000000000000000, 0.000000000000000000, 0.000000000000000000 ) ) ;
#1989 = VECTOR ( 'NONE', #921, 1000.000000000000000 ) ;
#1990 = VECTOR ( 'NONE', #3912, 1000.000000000000000 ) ;
#1991 = PRESENTATION_STYLE_ASSIGNMENT (( #6284 ) ) ;
#1992 = ORIENTED_EDGE ( 'NONE', *, *, #3945, .T. ) ;
#1993 = COLOUR_RGB ( '',0.7529411764705882248, 0.7529411764705882248, 0.7529411764705882248 ) ;
#1994 = VERTEX_POINT ( 'NONE', #4955 ) ;
#1995 = DIRECTION ( 'NONE',  ( 0.000000000000000000, 2.551063935260009998E-16, -1.000000000000000000 ) ) ;
#1996 = SURFACE_STYLE_FILL_AREA ( #2645 ) ;
#1997 = VERTEX_POINT ( 'NONE', #6911 ) ;
#1998 = SURFACE_STYLE_FILL_AREA ( #5799 ) ;
#1999 = UNCERTAINTY_MEASURE_WITH_UNIT (LENGTH_MEASURE( 1.000000000000000082E-05 ), #7054, 'distance_accuracy_value', 'NONE');
#2000 = VECTOR ( 'NONE', #5158, 1000.000000000000000 ) ;
#2001 = LINE ( 'NONE', #6847, #2447 ) ;
#2002 = DIRECTION ( 'NONE',  ( -1.000000000000000000, 0.000000000000000000, 0.000000000000000000 ) ) ;
#2003 =( LENGTH_UNIT ( ) NAMED_UNIT ( * ) SI_UNIT ( .MILLI., .METRE. ) );
#2004 = ORIENTED_EDGE ( 'NONE', *, *, #6244, .F. ) ;
#2005 = PLANE ( 'NONE',  #2592 ) ;
#2006 = EDGE_CURVE ( 'NONE', #2730, #854, #4695, .T. ) ;
#2007 = ORIENTED_EDGE ( 'NONE', *, *, #5966, .T. ) ;
#2008 = FACE_OUTER_BOUND ( 'NONE', #5476, .T. ) ;
#2009 = DIRECTION ( 'NONE',  ( -4.361955409530290545E-16, 0.7071067811865480168, 0.7071067811865470176 ) ) ;
#2010 = CARTESIAN_POINT ( 'NONE',  ( 4.450000000000000178, 2.200000000000000178, 0.05000000000000100198 ) ) ;
#2011 = CARTESIAN_POINT ( 'NONE',  ( 2.250000000000000000, 3.950000000000000178, 1.125000000000000000 ) ) ;
#2012 = MECHANICAL_DESIGN_GEOMETRIC_PRESENTATION_REPRESENTATION (  '', ( #3832 ), #2925 ) ;
#2013 = DIRECTION ( 'NONE',  ( 0.2584969837962278749, 0.000000000000000000, 0.9660120648150585243 ) ) ;
#2014 = VERTEX_POINT ( 'NONE', #2816 ) ;
#2015 = AXIS2_PLACEMENT_3D ( 'NONE', #4175, #4708, #6928 ) ;
#2016 = LINE ( 'NONE', #2626, #4046 ) ;
#2017 = LINE ( 'NONE', #2444, #1009 ) ;
#2018 = MECHANICAL_DESIGN_GEOMETRIC_PRESENTATION_REPRESENTATION (  '', ( #6127 ), #3027 ) ;
#2019 = PRESENTATION_STYLE_ASSIGNMENT (( #4152 ) ) ;
#2020 = PRESENTATION_STYLE_ASSIGNMENT (( #2088 ) ) ;
#2021 = VERTEX_POINT ( 'NONE', #5037 ) ;
#2022 = ORIENTED_EDGE ( 'NONE', *, *, #3373, .T. ) ;
#2023 = LINE ( 'NONE', #1340, #665 ) ;
#2024 = ADVANCED_FACE ( 'NONE', ( #5576 ), #1447, .T. ) ;
#2025 = SURFACE_STYLE_USAGE ( .BOTH. , #4733 ) ;
#2026 = EDGE_CURVE ( 'NONE', #596, #1651, #4526, .T. ) ;
#2027 = DIRECTION ( 'NONE',  ( -1.000000000000000000, 0.000000000000000000, 0.000000000000000000 ) ) ;
#2028 = EDGE_CURVE ( 'NONE', #4550, #5228, #3955, .T. ) ;
#2029 = SURFACE_STYLE_FILL_AREA ( #3620 ) ;
#2030 = VERTEX_POINT ( 'NONE', #615 ) ;
#2031 = CARTESIAN_POINT ( 'NONE',  ( 1.409999999999999920, 0.000000000000000000, 0.000000000000000000 ) ) ;
#2032 = FILL_AREA_STYLE ('',( #6324 ) ) ;
#2033 = COLOUR_RGB ( '',1.000000000000000000, 1.000000000000000000, 0.7529411764705882248 ) ;
#2034 = SURFACE_SIDE_STYLE ('',( #3590 ) ) ;
#2035 = CARTESIAN_POINT ( 'NONE',  ( -4.450000000000000178, 2.200000000000000178, -0.2000000000000000111 ) ) ;
#2036 = SURFACE_STYLE_USAGE ( .BOTH. , #1925 ) ;
#2037 =( NAMED_UNIT ( * ) SI_UNIT ( $, .STERADIAN. ) SOLID_ANGLE_UNIT ( ) );
#2038 = LINE ( 'NONE', #1488, #1661 ) ;
#2039 = LINE ( 'NONE', #5871, #369 ) ;
#2040 = PRESENTATION_STYLE_ASSIGNMENT (( #2718 ) ) ;
#2041 = PRESENTATION_LAYER_ASSIGNMENT (  '', '', ( #754 ) ) ;
#2042 = COLOUR_RGB ( '',0.7529411764705882248, 0.7529411764705882248, 0.7529411764705882248 ) ;
#2043 = FACE_OUTER_BOUND ( 'NONE', #1771, .T. ) ;
#2044 =( LENGTH_UNIT ( ) NAMED_UNIT ( * ) SI_UNIT ( .MILLI., .METRE. ) );
#2045 = CARTESIAN_POINT ( 'NONE',  ( -1.090000000000000080, 5.100000000000000533, 1.525000000000000133 ) ) ;
#2046 = ORIENTED_EDGE ( 'NONE', *, *, #4353, .T. ) ;
#2047 = SURFACE_STYLE_USAGE ( .BOTH. , #4184 ) ;
#2048 = CARTESIAN_POINT ( 'NONE',  ( -2.995735931288070031, 2.000000000000000000, 0.1000000000000000056 ) ) ;
#2049 = LINE ( 'NONE', #5444, #3805 ) ;
#2050 = FILL_AREA_STYLE ('',( #4218 ) ) ;
#2051 = SURFACE_STYLE_FILL_AREA ( #6383 ) ;
#2052 = DIRECTION ( 'NONE',  ( 0.000000000000000000, 1.196361017915040028E-15, -1.000000000000000000 ) ) ;
#2053 = VECTOR ( 'NONE', #4445, 1000.000000000000000 ) ;
#2054 = VERTEX_POINT ( 'NONE', #5789 ) ;
#2055 = ORIENTED_EDGE ( 'NONE', *, *, #401, .F. ) ;
#2056 = FILL_AREA_STYLE ('',( #6029 ) ) ;
#2057 = EDGE_CURVE ( 'NONE', #1721, #3403, #3922, .T. ) ;
#2058 = STYLED_ITEM ( 'NONE', ( #2392 ), #6180 ) ;
#2059 = VECTOR ( 'NONE', #4276, 1000.000000000000000 ) ;
#2060 = COLOUR_RGB ( '',0.7529411764705882248, 0.7529411764705882248, 0.7529411764705882248 ) ;
#2061 = UNCERTAINTY_MEASURE_WITH_UNIT (LENGTH_MEASURE( 1.000000000000000082E-05 ), #289, 'distance_accuracy_value', 'NONE');
#2062 = ORIENTED_EDGE ( 'NONE', *, *, #2986, .F. ) ;
#2063 = FACE_OUTER_BOUND ( 'NONE', #4898, .T. ) ;
#2064 = AXIS2_PLACEMENT_3D ( 'NONE', #6072, #1148, #3194 ) ;
#2065 = DIRECTION ( 'NONE',  ( 0.000000000000000000, 1.000000000000000000, 0.000000000000000000 ) ) ;
#2066 = VECTOR ( 'NONE', #4129, 1000.000000000000000 ) ;
#2067 = CARTESIAN_POINT ( 'NONE',  ( 4.250000000000000000, 4.200000000000000178, 1.800000000000000044 ) ) ;
#2068 = VECTOR ( 'NONE', #122, 1000.000000000000000 ) ;
#2069 = ORIENTED_EDGE ( 'NONE', *, *, #1503, .F. ) ;
#2070 = CARTESIAN_POINT ( 'NONE',  ( -1.800000000000000044, 2.600000000000000089, 3.200000000000000178 ) ) ;
#2071 = COLOUR_RGB ( '',1.000000000000000000, 1.000000000000000000, 0.7529411764705882248 ) ;
#2072 = STYLED_ITEM ( 'NONE', ( #5748 ), #5884 ) ;
#2073 = CARTESIAN_POINT ( 'NONE',  ( -3.287712434446770082, 2.000000000000000000, 0.1000000000000000056 ) ) ;
#2074 = PRESENTATION_STYLE_ASSIGNMENT (( #6993 ) ) ;
#2075 = SURFACE_STYLE_FILL_AREA ( #5805 ) ;
#2076 = CARTESIAN_POINT ( 'NONE',  ( 1.409999999999999920, 2.700000000000000178, 1.525000000000000133 ) ) ;
#2077 = CARTESIAN_POINT ( 'NONE',  ( 0.1600000000000000033, 6.000000000000000000, -0.2000000000000000111 ) ) ;
#2078 = EDGE_CURVE ( 'NONE', #6346, #2799, #2863, .T. ) ;
#2079 = PLANE ( 'NONE',  #4452 ) ;
#2080 = PRESENTATION_STYLE_ASSIGNMENT (( #873 ) ) ;
#2081 = CARTESIAN_POINT ( 'NONE',  ( -2.275849698379619923, 1.116100201080249876, 1.978398793518490129 ) ) ;
#2082 = LINE ( 'NONE', #2544, #3388 ) ;
#2083 = VERTEX_POINT ( 'NONE', #6117 ) ;
#2084 = DIRECTION ( 'NONE',  ( 0.000000000000000000, -1.000000000000000000, 0.000000000000000000 ) ) ;
#2085 = LINE ( 'NONE', #6450, #4032 ) ;
#2086 = EDGE_CURVE ( 'NONE', #4338, #4724, #1274, .T. ) ;
#2087 =( NAMED_UNIT ( * ) SI_UNIT ( $, .STERADIAN. ) SOLID_ANGLE_UNIT ( ) );
#2088 = SURFACE_STYLE_USAGE ( .BOTH. , #6946 ) ;
#2089 = ORIENTED_EDGE ( 'NONE', *, *, #2486, .T. ) ;
#2090 = ORIENTED_EDGE ( 'NONE', *, *, #5727, .T. ) ;
#2091 = EDGE_LOOP ( 'NONE', ( #6432, #392, #127, #2899 ) ) ;
#2092 = DIRECTION ( 'NONE',  ( 0.000000000000000000, -5.421010862427520198E-16, 1.000000000000000000 ) ) ;
#2093 = CARTESIAN_POINT ( 'NONE',  ( -3.419999999999999929, 2.000000000000000000, -0.2000000000000000111 ) ) ;
#2094 = ORIENTED_EDGE ( 'NONE', *, *, #4658, .T. ) ;
#2095 = FILL_AREA_STYLE_COLOUR ( '', #663 ) ;
#2096 = LINE ( 'NONE', #3628, #1469 ) ;
#2097 = VECTOR ( 'NONE', #1978, 1000.000000000000114 ) ;
#2098 = FILL_AREA_STYLE_COLOUR ( '', #6447 ) ;
#2099 =( GEOMETRIC_REPRESENTATION_CONTEXT ( 3 ) GLOBAL_UNCERTAINTY_ASSIGNED_CONTEXT ( ( #3468 ) ) GLOBAL_UNIT_ASSIGNED_CONTEXT ( ( #843, #146, #2842 ) ) REPRESENTATION_CONTEXT ( 'NONE', 'WORKASPACE' ) );
#2100 = CARTESIAN_POINT ( 'NONE',  ( 0.5500000000000000444, 3.600000000000000089, 0.000000000000000000 ) ) ;
#2101 =( NAMED_UNIT ( * ) PLANE_ANGLE_UNIT ( ) SI_UNIT ( $, .RADIAN. ) );
#2102 = CARTESIAN_POINT ( 'NONE',  ( -4.049999999999999822, 1.399999999999999911, 2.000000000000000000 ) ) ;
#2103 = DIRECTION ( 'NONE',  ( 0.000000000000000000, 0.000000000000000000, -1.000000000000000000 ) ) ;
#2104 = CARTESIAN_POINT ( 'NONE',  ( 1.800000000000000044, 2.000000000000000000, 3.200000000000000178 ) ) ;
#2105 = VECTOR ( 'NONE', #6425, 1000.000000000000000 ) ;
#2106 = VECTOR ( 'NONE', #3090, 1000.000000000000000 ) ;
#2107 =( NAMED_UNIT ( * ) PLANE_ANGLE_UNIT ( ) SI_UNIT ( $, .RADIAN. ) );
#2108 = STYLED_ITEM ( 'NONE', ( #6381 ), #103 ) ;
#2109 = STYLED_ITEM ( 'NONE', ( #5981 ), #2883 ) ;
#2110 = DIRECTION ( 'NONE',  ( 0.000000000000000000, 1.000000000000000000, 0.000000000000000000 ) ) ;
#2111 = CARTESIAN_POINT ( 'NONE',  ( 0.5500000000000000444, 2.449999999999999734, 0.4000000000000000222 ) ) ;
#2112 = ORIENTED_EDGE ( 'NONE', *, *, #5227, .T. ) ;
#2113 = ADVANCED_FACE ( 'NONE', ( #3437 ), #717, .F. ) ;
#2114 = ADVANCED_FACE ( 'NONE', ( #5414 ), #1582, .F. ) ;
#2115 = DIRECTION ( 'NONE',  ( 1.000000000000000000, 0.000000000000000000, 0.000000000000000000 ) ) ;
#2116 = ADVANCED_FACE ( 'NONE', ( #4191 ), #488, .F. ) ;
#2117 = DIRECTION ( 'NONE',  ( 0.000000000000000000, 0.000000000000000000, -1.000000000000000000 ) ) ;
#2118 =( LENGTH_UNIT ( ) NAMED_UNIT ( * ) SI_UNIT ( .MILLI., .METRE. ) );
#2119 = LINE ( 'NONE', #1572, #1303 ) ;
#2120 = ORIENTED_EDGE ( 'NONE', *, *, #1934, .F. ) ;
#2121 = VERTEX_POINT ( 'NONE', #4330 ) ;
#2122 = PRESENTATION_STYLE_ASSIGNMENT (( #416 ) ) ;
#2123 = AXIS2_PLACEMENT_3D ( 'NONE', #357, #6357, #5200 ) ;
#2124 = ORIENTED_EDGE ( 'NONE', *, *, #1489, .F. ) ;
#2125 = UNCERTAINTY_MEASURE_WITH_UNIT (LENGTH_MEASURE( 1.000000000000000082E-05 ), #4855, 'distance_accuracy_value', 'NONE');
#2126 = ORIENTED_EDGE ( 'NONE', *, *, #5672, .T. ) ;
#2127 = MECHANICAL_DESIGN_GEOMETRIC_PRESENTATION_REPRESENTATION (  '', ( #2598 ), #3946 ) ;
#2128 = LINE ( 'NONE', #134, #1064 ) ;
#2129 = EDGE_CURVE ( 'NONE', #5380, #5886, #4263, .T. ) ;
#2130 = DIRECTION ( 'NONE',  ( -1.000000000000000000, 0.000000000000000000, 0.000000000000000000 ) ) ;
#2131 = ORIENTED_EDGE ( 'NONE', *, *, #3714, .T. ) ;
#2132 = PLANE ( 'NONE',  #6771 ) ;
#2133 = ORIENTED_EDGE ( 'NONE', *, *, #3579, .T. ) ;
#2134 =( NAMED_UNIT ( * ) SI_UNIT ( $, .STERADIAN. ) SOLID_ANGLE_UNIT ( ) );
#2135 = FILL_AREA_STYLE ('',( #7084 ) ) ;
#2136 = EDGE_CURVE ( 'NONE', #628, #5697, #354, .T. ) ;
#2137 =( NAMED_UNIT ( * ) PLANE_ANGLE_UNIT ( ) SI_UNIT ( $, .RADIAN. ) );
#2138 = DIRECTION ( 'NONE',  ( -1.000000000000000000, -7.228014483236700500E-16, -1.008560160451629879E-16 ) ) ;
#2139 = CARTESIAN_POINT ( 'NONE',  ( -2.550000000000000266, 4.200000000000000178, -0.2000000000000000111 ) ) ;
#2140 = ADVANCED_FACE ( 'NONE', ( #2063 ), #967, .F. ) ;
#2141 =( NAMED_UNIT ( * ) PLANE_ANGLE_UNIT ( ) SI_UNIT ( $, .RADIAN. ) );
#2142 = PRESENTATION_STYLE_ASSIGNMENT (( #3891 ) ) ;
#2143 = VECTOR ( 'NONE', #2492, 1000.000000000000000 ) ;
#2144 = CARTESIAN_POINT ( 'NONE',  ( -2.250000000000000000, 3.950000000000000178, 0.7750000000000000222 ) ) ;
#2145 = DIRECTION ( 'NONE',  ( 0.000000000000000000, -1.000000000000000000, 0.000000000000000000 ) ) ;
#2146 = FILL_AREA_STYLE ('',( #6481 ) ) ;
#2147 = EDGE_LOOP ( 'NONE', ( #5582, #1081, #4823, #3482, #4873, #2982 ) ) ;
#2148 = DIRECTION ( 'NONE',  ( 0.000000000000000000, 1.000000000000000000, 0.000000000000000000 ) ) ;
#2149 =( NAMED_UNIT ( * ) SI_UNIT ( $, .STERADIAN. ) SOLID_ANGLE_UNIT ( ) );
#2150 = VECTOR ( 'NONE', #6995, 1000.000000000000000 ) ;
#2151 = CARTESIAN_POINT ( 'NONE',  ( -4.049999999999999822, 1.399999999999999911, 2.000000000000000000 ) ) ;
#2152 = CIRCLE ( 'NONE', #3974, 0.09999999999999982514 ) ;
#2153 = EDGE_CURVE ( 'NONE', #5767, #6588, #2882, .T. ) ;
#2154 = ADVANCED_FACE ( 'NONE', ( #1217, #3842, #2763, #559 ), #1111, .F. ) ;
#2155 = PRESENTATION_STYLE_ASSIGNMENT (( #4896 ) ) ;
#2156 = ORIENTED_EDGE ( 'NONE', *, *, #5842, .T. ) ;
#2157 = VERTEX_POINT ( 'NONE', #6609 ) ;
#2158 = DIRECTION ( 'NONE',  ( 0.000000000000000000, 0.000000000000000000, 1.000000000000000000 ) ) ;
#2159 = VERTEX_POINT ( 'NONE', #6689 ) ;
#2160 = EDGE_CURVE ( 'NONE', #1769, #4537, #1145, .T. ) ;
#2161 = VECTOR ( 'NONE', #4112, 1000.000000000000000 ) ;
#2162 = DIRECTION ( 'NONE',  ( 0.000000000000000000, -1.000000000000000000, 0.000000000000000000 ) ) ;
#2163 = LINE ( 'NONE', #6129, #149 ) ;
#2164 = EDGE_CURVE ( 'NONE', #6469, #4724, #3798, .T. ) ;
#2165 = ORIENTED_EDGE ( 'NONE', *, *, #6496, .F. ) ;
#2166 =( GEOMETRIC_REPRESENTATION_CONTEXT ( 3 ) GLOBAL_UNCERTAINTY_ASSIGNED_CONTEXT ( ( #255 ) ) GLOBAL_UNIT_ASSIGNED_CONTEXT ( ( #3208, #3865, #4849 ) ) REPRESENTATION_CONTEXT ( 'NONE', 'WORKASPACE' ) );
#2167 = VERTEX_POINT ( 'NONE', #1181 ) ;
#2168 = SURFACE_SIDE_STYLE ('',( #5494 ) ) ;
#2169 =( NAMED_UNIT ( * ) PLANE_ANGLE_UNIT ( ) SI_UNIT ( $, .RADIAN. ) );
#2170 = AXIS2_PLACEMENT_3D ( 'NONE', #329, #5902, #6361 ) ;
#2171 = AXIS2_PLACEMENT_3D ( 'NONE', #4508, #6720, #5157 ) ;
#2172 = CARTESIAN_POINT ( 'NONE',  ( 1.090000000000000080, 6.200000000000000178, 7.318364664277149999E-16 ) ) ;
#2173 = CARTESIAN_POINT ( 'NONE',  ( -0.1600000000000000033, 6.200000000000000178, 0.2999999999999999889 ) ) ;
#2174 = DIRECTION ( 'NONE',  ( -1.000000000000000000, 0.000000000000000000, 0.000000000000000000 ) ) ;
#2175 = PRESENTATION_STYLE_ASSIGNMENT (( #572 ) ) ;
#2176 = AXIS2_PLACEMENT_3D ( 'NONE', #6559, #4252, #7069 ) ;
#2177 =( NAMED_UNIT ( * ) SI_UNIT ( $, .STERADIAN. ) SOLID_ANGLE_UNIT ( ) );
#2178 = CARTESIAN_POINT ( 'NONE',  ( -2.267406316945910660, 1.121729122036056125, 1.223860586786526428 ) ) ;
#2179 = SURFACE_STYLE_FILL_AREA ( #6671 ) ;
#2180 = SURFACE_STYLE_USAGE ( .BOTH. , #4812 ) ;
#2181 = VECTOR ( 'NONE', #1821, 1000.000000000000000 ) ;
#2182 = FILL_AREA_STYLE_COLOUR ( '', #830 ) ;
#2183 = DIRECTION ( 'NONE',  ( 0.000000000000000000, 1.355252715606880049E-16, -1.000000000000000000 ) ) ;
#2184 = VERTEX_POINT ( 'NONE', #5526 ) ;
#2185 = CARTESIAN_POINT ( 'NONE',  ( -2.149999999999999911, 2.000000000000000000, 2.799999999999999822 ) ) ;
#2186 = LINE ( 'NONE', #2151, #2412 ) ;
#2187 =( NAMED_UNIT ( * ) SI_UNIT ( $, .STERADIAN. ) SOLID_ANGLE_UNIT ( ) );
#2188 = SURFACE_STYLE_FILL_AREA ( #6604 ) ;
#2189 = PLANE ( 'NONE',  #4227 ) ;
#2190 = ORIENTED_EDGE ( 'NONE', *, *, #818, .T. ) ;
#2191 = ORIENTED_EDGE ( 'NONE', *, *, #2164, .T. ) ;
#2192 = SURFACE_SIDE_STYLE ('',( #3216 ) ) ;
#2193 = VERTEX_POINT ( 'NONE', #2800 ) ;
#2194 = UNCERTAINTY_MEASURE_WITH_UNIT (LENGTH_MEASURE( 1.000000000000000082E-05 ), #133, 'distance_accuracy_value', 'NONE');
#2195 = CARTESIAN_POINT ( 'NONE',  ( -3.419999999999999929, 4.200000000000000178, -0.2000000000000000111 ) ) ;
#2196 = VERTEX_POINT ( 'NONE', #6135 ) ;
#2197 =( NAMED_UNIT ( * ) SI_UNIT ( $, .STERADIAN. ) SOLID_ANGLE_UNIT ( ) );
#2198 = VERTEX_POINT ( 'NONE', #5597 ) ;
#2199 =( LENGTH_UNIT ( ) NAMED_UNIT ( * ) SI_UNIT ( .MILLI., .METRE. ) );
#2200 =( LENGTH_UNIT ( ) NAMED_UNIT ( * ) SI_UNIT ( .MILLI., .METRE. ) );
#2201 = FILL_AREA_STYLE_COLOUR ( '', #7091 ) ;
#2202 = SURFACE_STYLE_USAGE ( .BOTH. , #6547 ) ;
#2203 = ORIENTED_EDGE ( 'NONE', *, *, #703, .T. ) ;
#2204 = COLOUR_RGB ( '',1.000000000000000000, 1.000000000000000000, 0.7529411764705882248 ) ;
#2205 = VECTOR ( 'NONE', #6583, 1000.000000000000000 ) ;
#2206 = FILL_AREA_STYLE_COLOUR ( '', #432 ) ;
#2207 = CARTESIAN_POINT ( 'NONE',  ( 1.409999999999999920, 6.000000000000000000, -0.2000000000000000111 ) ) ;
#2208 = FILL_AREA_STYLE ('',( #2182 ) ) ;
#2209 = PLANE ( 'NONE',  #3624 ) ;
#2210 = VERTEX_POINT ( 'NONE', #3357 ) ;
#2211 = EDGE_CURVE ( 'NONE', #1236, #1721, #4444, .T. ) ;
#2212 = VECTOR ( 'NONE', #6314, 1000.000000000000000 ) ;
#2213 = AXIS2_PLACEMENT_3D ( 'NONE', #1037, #626, #3219 ) ;
#2214 =( NAMED_UNIT ( * ) PLANE_ANGLE_UNIT ( ) SI_UNIT ( $, .RADIAN. ) );
#2215 = CARTESIAN_POINT ( 'NONE',  ( 2.995735931288070031, 2.000000000000000000, 0.1000000000000000056 ) ) ;
#2216 = FILL_AREA_STYLE ('',( #2904 ) ) ;
#2217 = CARTESIAN_POINT ( 'NONE',  ( -2.149999999999999911, 2.000000000000000000, 2.799999999999999822 ) ) ;
#2218 = VECTOR ( 'NONE', #6306, 1000.000000000000000 ) ;
#2219 = VECTOR ( 'NONE', #6254, 1000.000000000000000 ) ;
#2220 = DIRECTION ( 'NONE',  ( -0.000000000000000000, 0.7071067811865470176, 0.7071067811865480168 ) ) ;
#2221 = DIRECTION ( 'NONE',  ( -6.168736498624420216E-16, 1.000000000000000000, 0.000000000000000000 ) ) ;
#2222 = EDGE_LOOP ( 'NONE', ( #4364, #721, #1909, #4557, #3282, #6795, #3286, #4016, #3896, #3786, #3385, #4183 ) ) ;
#2223 = ORIENTED_EDGE ( 'NONE', *, *, #7113, .F. ) ;
#2224 =( NAMED_UNIT ( * ) SI_UNIT ( $, .STERADIAN. ) SOLID_ANGLE_UNIT ( ) );
#2225 =( GEOMETRIC_REPRESENTATION_CONTEXT ( 3 ) GLOBAL_UNCERTAINTY_ASSIGNED_CONTEXT ( ( #6874 ) ) GLOBAL_UNIT_ASSIGNED_CONTEXT ( ( #2546, #7007, #6975 ) ) REPRESENTATION_CONTEXT ( 'NONE', 'WORKASPACE' ) );
#2226 = VECTOR ( 'NONE', #616, 1000.000000000000000 ) ;
#2227 = VECTOR ( 'NONE', #3059, 1000.000000000000000 ) ;
#2228 = VERTEX_POINT ( 'NONE', #1946 ) ;
#2229 = CARTESIAN_POINT ( 'NONE',  ( 2.750000000000000000, 5.200000000000000178, 8.881784197001250351E-16 ) ) ;
#2230 = DIRECTION ( 'NONE',  ( -1.000000000000000000, 0.000000000000000000, 0.000000000000000000 ) ) ;
#2231 = PRESENTATION_LAYER_ASSIGNMENT (  '', '', ( #5323 ) ) ;
#2232 = ORIENTED_EDGE ( 'NONE', *, *, #6030, .T. ) ;
#2233 = CARTESIAN_POINT ( 'NONE',  ( 3.287712434446770082, 2.000000000000000000, 0.1000000000000000056 ) ) ;
#2234 = VECTOR ( 'NONE', #3061, 1000.000000000000000 ) ;
#2235 = ORIENTED_EDGE ( 'NONE', *, *, #2480, .T. ) ;
#2236 = FACE_OUTER_BOUND ( 'NONE', #6827, .T. ) ;
#2237 = CARTESIAN_POINT ( 'NONE',  ( 2.050000000000000266, 1.000000000000000000, -0.2000000000000060063 ) ) ;
#2238 = EDGE_CURVE ( 'NONE', #5192, #4082, #2481, .T. ) ;
#2239 = EDGE_CURVE ( 'NONE', #199, #1219, #846, .T. ) ;
#2240 = EDGE_CURVE ( 'NONE', #7109, #1163, #1335, .T. ) ;
#2241 = SURFACE_STYLE_USAGE ( .BOTH. , #36 ) ;
#2242 = FACE_OUTER_BOUND ( 'NONE', #4255, .T. ) ;
#2243 = SURFACE_STYLE_USAGE ( .BOTH. , #2772 ) ;
#2244 = DIRECTION ( 'NONE',  ( 0.000000000000000000, 0.000000000000000000, 1.000000000000000000 ) ) ;
#2245 = AXIS2_PLACEMENT_3D ( 'NONE', #4742, #3591, #6891 ) ;
#2246 =( LENGTH_UNIT ( ) NAMED_UNIT ( * ) SI_UNIT ( .MILLI., .METRE. ) );
#2247 = ORIENTED_EDGE ( 'NONE', *, *, #4158, .F. ) ;
#2248 = DIRECTION ( 'NONE',  ( 0.000000000000000000, 0.000000000000000000, 1.000000000000000000 ) ) ;
#2249 = EDGE_CURVE ( 'NONE', #1039, #2803, #4060, .T. ) ;
#2250 = CARTESIAN_POINT ( 'NONE',  ( 0.5500000000000000444, 3.600000000000000089, 0.4000000000000000222 ) ) ;
#2251 = LINE ( 'NONE', #4845, #6228 ) ;
#2252 =( LENGTH_UNIT ( ) NAMED_UNIT ( * ) SI_UNIT ( .MILLI., .METRE. ) );
#2253 = VERTEX_POINT ( 'NONE', #176 ) ;
#2254 = SURFACE_STYLE_USAGE ( .BOTH. , #1164 ) ;
#2255 = ORIENTED_EDGE ( 'NONE', *, *, #2828, .T. ) ;
#2256 = SURFACE_STYLE_FILL_AREA ( #6676 ) ;
#2257 = LINE ( 'NONE', #92, #2181 ) ;
#2258 = VECTOR ( 'NONE', #6013, 1000.000000000000000 ) ;
#2259 = EDGE_CURVE ( 'NONE', #380, #527, #239, .T. ) ;
#2260 = VERTEX_POINT ( 'NONE', #4008 ) ;
#2261 = FILL_AREA_STYLE_COLOUR ( '', #3494 ) ;
#2262 = ORIENTED_EDGE ( 'NONE', *, *, #2239, .F. ) ;
#2263 = SURFACE_SIDE_STYLE ('',( #3931 ) ) ;
#2264 = FACE_OUTER_BOUND ( 'NONE', #279, .T. ) ;
#2265 = ORIENTED_EDGE ( 'NONE', *, *, #6156, .F. ) ;
#2266 = STYLED_ITEM ( 'NONE', ( #1717 ), #258 ) ;
#2267 = ORIENTED_EDGE ( 'NONE', *, *, #5495, .T. ) ;
#2268 = PRESENTATION_STYLE_ASSIGNMENT (( #629 ) ) ;
#2269 = AXIS2_PLACEMENT_3D ( 'NONE', #1158, #121, #2815 ) ;
#2270 = ORIENTED_EDGE ( 'NONE', *, *, #3830, .T. ) ;
#2271 = UNCERTAINTY_MEASURE_WITH_UNIT (LENGTH_MEASURE( 1.000000000000000082E-05 ), #6789, 'distance_accuracy_value', 'NONE');
#2272 = VECTOR ( 'NONE', #5909, 1000.000000000000000 ) ;
#2273 = FILL_AREA_STYLE ('',( #5998 ) ) ;
#2274 = STYLED_ITEM ( 'NONE', ( #5619 ), #6926 ) ;
#2275 = CARTESIAN_POINT ( 'NONE',  ( -1.409999999999999920, 2.399999999999999911, 0.7750000000000000222 ) ) ;
#2276 = EDGE_CURVE ( 'NONE', #1865, #4725, #1255, .T. ) ;
#2277 = VERTEX_POINT ( 'NONE', #3570 ) ;
#2278 = DIRECTION ( 'NONE',  ( 0.000000000000000000, 0.000000000000000000, 1.000000000000000000 ) ) ;
#2279 = ORIENTED_EDGE ( 'NONE', *, *, #4325, .T. ) ;
#2280 = CARTESIAN_POINT ( 'NONE',  ( 1.409999999999999920, 2.700000000000000178, 1.525000000000000133 ) ) ;
#2281 = LINE ( 'NONE', #462, #2902 ) ;
#2282 = VECTOR ( 'NONE', #1988, 1000.000000000000000 ) ;
#2283 = VECTOR ( 'NONE', #4471, 1000.000000000000000 ) ;
#2284 = DIRECTION ( 'NONE',  ( -1.000000000000000000, 0.000000000000000000, 0.000000000000000000 ) ) ;
#2285 = AXIS2_PLACEMENT_3D ( 'NONE', #1693, #3878, #4609 ) ;
#2286 = LINE ( 'NONE', #2391, #3508 ) ;
#2287 = SURFACE_STYLE_USAGE ( .BOTH. , #72 ) ;
#2288 = ORIENTED_EDGE ( 'NONE', *, *, #3787, .F. ) ;
#2289 = UNCERTAINTY_MEASURE_WITH_UNIT (LENGTH_MEASURE( 1.000000000000000082E-05 ), #4440, 'distance_accuracy_value', 'NONE');
#2290 = MECHANICAL_DESIGN_GEOMETRIC_PRESENTATION_REPRESENTATION (  '', ( #6170 ), #1940 ) ;
#2291 = PRESENTATION_LAYER_ASSIGNMENT (  '', '', ( #5373 ) ) ;
#2292 = CARTESIAN_POINT ( 'NONE',  ( 1.409999999999999920, 5.599999999999999645, -0.2000000000000000111 ) ) ;
#2293 = DIRECTION ( 'NONE',  ( 0.7276068751089981301, 0.4850712500726671039, 0.4850712500726661047 ) ) ;
#2294 = DIRECTION ( 'NONE',  ( -1.000000000000000000, 0.000000000000000000, 0.000000000000000000 ) ) ;
#2295 = DIRECTION ( 'NONE',  ( 0.000000000000000000, 1.000000000000000000, 1.355252715606880049E-16 ) ) ;
#2296 = FILL_AREA_STYLE ('',( #3785 ) ) ;
#2297 = EDGE_LOOP ( 'NONE', ( #5441, #1142, #3040, #3351 ) ) ;
#2298 = PRESENTATION_LAYER_ASSIGNMENT (  '', '', ( #5729 ) ) ;
#2299 =( NAMED_UNIT ( * ) SI_UNIT ( $, .STERADIAN. ) SOLID_ANGLE_UNIT ( ) );
#2300 = VECTOR ( 'NONE', #3359, 1000.000000000000000 ) ;
#2301 = DIRECTION ( 'NONE',  ( 0.000000000000000000, 1.000000000000000000, 0.000000000000000000 ) ) ;
#2302 = PLANE ( 'NONE',  #1378 ) ;
#2303 =( BOUNDED_CURVE ( )  B_SPLINE_CURVE ( 3, ( #7093, #2178, #4352, #1635 ),
 .UNSPECIFIED., .F., .F. ) 
 B_SPLINE_CURVE_WITH_KNOTS ( ( 4, 4 ),
 ( 1.309330346508277954, 1.570796326794896558 ),
 .UNSPECIFIED. ) 
 CURVE ( )  GEOMETRIC_REPRESENTATION_ITEM ( )  RATIONAL_B_SPLINE_CURVE ( ( 1.000000000000000000, 0.9943110712026979048, 0.9943110712026979048, 1.000000000000000000 ) ) 
 REPRESENTATION_ITEM ( '' )  );
#2304 = CARTESIAN_POINT ( 'NONE',  ( 2.550000000000000266, 4.200000000000000178, -9.397244887005778583E-16 ) ) ;
#2305 = MECHANICAL_DESIGN_GEOMETRIC_PRESENTATION_REPRESENTATION (  '', ( #107 ), #5734 ) ;
#2306 = PRESENTATION_STYLE_ASSIGNMENT (( #512 ) ) ;
#2307 = LINE ( 'NONE', #489, #257 ) ;
#2308 = ORIENTED_EDGE ( 'NONE', *, *, #141, .T. ) ;
#2309 = VERTEX_POINT ( 'NONE', #5745 ) ;
#2310 = SURFACE_SIDE_STYLE ('',( #736 ) ) ;
#2311 =( NAMED_UNIT ( * ) SI_UNIT ( $, .STERADIAN. ) SOLID_ANGLE_UNIT ( ) );
#2312 = ORIENTED_EDGE ( 'NONE', *, *, #2136, .F. ) ;
#2313 =( NAMED_UNIT ( * ) PLANE_ANGLE_UNIT ( ) SI_UNIT ( $, .RADIAN. ) );
#2314 = ADVANCED_FACE ( 'NONE', ( #738 ), #3427, .F. ) ;
#2315 = ORIENTED_EDGE ( 'NONE', *, *, #6461, .F. ) ;
#2316 = LINE ( 'NONE', #3467, #6176 ) ;
#2317 = CARTESIAN_POINT ( 'NONE',  ( 1.409999999999999920, 2.399999999999999911, 0.7750000000000000222 ) ) ;
#2318 = SURFACE_STYLE_USAGE ( .BOTH. , #3982 ) ;
#2319 = CARTESIAN_POINT ( 'NONE',  ( 4.450000000000000178, 4.000000000000000000, 0.05000000000000100198 ) ) ;
#2320 = FILL_AREA_STYLE_COLOUR ( '', #837 ) ;
#2321 =( LENGTH_UNIT ( ) NAMED_UNIT ( * ) SI_UNIT ( .MILLI., .METRE. ) );
#2322 = DIRECTION ( 'NONE',  ( 0.000000000000000000, -1.000000000000000000, 0.000000000000000000 ) ) ;
#2323 = ORIENTED_EDGE ( 'NONE', *, *, #4386, .F. ) ;
#2324 = LINE ( 'NONE', #536, #5921 ) ;
#2325 =( LENGTH_UNIT ( ) NAMED_UNIT ( * ) SI_UNIT ( .MILLI., .METRE. ) );
#2326 = DIRECTION ( 'NONE',  ( 1.000000000000000000, 0.000000000000000000, 0.000000000000000000 ) ) ;
#2327 = LINE ( 'NONE', #5695, #6344 ) ;
#2328 = SURFACE_SIDE_STYLE ('',( #3519 ) ) ;
#2329 = ORIENTED_EDGE ( 'NONE', *, *, #2571, .F. ) ;
#2330 = DIRECTION ( 'NONE',  ( 0.000000000000000000, -1.000000000000000000, -1.709941712034280011E-15 ) ) ;
#2331 = ORIENTED_EDGE ( 'NONE', *, *, #3690, .T. ) ;
#2332 = COLOUR_RGB ( '',0.7529411764705882248, 0.7529411764705882248, 0.7529411764705882248 ) ;
#2333 = CARTESIAN_POINT ( 'NONE',  ( 2.750000000000000000, 1.000000000000000000, -8.673617379884039416E-16 ) ) ;
#2334 = AXIS2_PLACEMENT_3D ( 'NONE', #6599, #1750, #6088 ) ;
#2335 = FACE_OUTER_BOUND ( 'NONE', #627, .T. ) ;
#2336 = SURFACE_SIDE_STYLE ('',( #2974 ) ) ;
#2337 = LINE ( 'NONE', #4073, #3924 ) ;
#2338 = ADVANCED_FACE ( 'NONE', ( #3538 ), #205, .F. ) ;
#2339 = LINE ( 'NONE', #5740, #2932 ) ;
#2340 = EDGE_CURVE ( 'NONE', #5550, #1205, #5958, .T. ) ;
#2341 = VECTOR ( 'NONE', #3016, 1000.000000000000000 ) ;
#2342 = CARTESIAN_POINT ( 'NONE',  ( 2.750000000000000000, 1.000000000000000000, 2.799999999999999822 ) ) ;
#2343 = ORIENTED_EDGE ( 'NONE', *, *, #815, .T. ) ;
#2344 = AXIS2_PLACEMENT_3D ( 'NONE', #6370, #1560, #6438 ) ;
#2345 = ORIENTED_EDGE ( 'NONE', *, *, #3806, .T. ) ;
#2346 = VECTOR ( 'NONE', #170, 1000.000000000000000 ) ;
#2347 = COLOUR_RGB ( '',1.000000000000000000, 1.000000000000000000, 0.7529411764705882248 ) ;
#2348 = UNCERTAINTY_MEASURE_WITH_UNIT (LENGTH_MEASURE( 1.000000000000000082E-05 ), #51, 'distance_accuracy_value', 'NONE');
#2349 = SURFACE_SIDE_STYLE ('',( #4799 ) ) ;
#2350 = COLOUR_RGB ( '',0.7529411764705882248, 0.7529411764705882248, 0.7529411764705882248 ) ;
#2351 = ORIENTED_EDGE ( 'NONE', *, *, #650, .T. ) ;
#2352 = PLANE ( 'NONE',  #6880 ) ;
#2353 = CARTESIAN_POINT ( 'NONE',  ( 1.409999999999999920, 5.400000000000000355, 0.5999999999999999778 ) ) ;
#2354 = CARTESIAN_POINT ( 'NONE',  ( 3.750000000000000000, 1.399999999999999911, 0.1000000000000000056 ) ) ;
#2355 = EDGE_CURVE ( 'NONE', #3906, #1798, #4186, .T. ) ;
#2356 = EDGE_CURVE ( 'NONE', #5340, #676, #5303, .T. ) ;
#2357 = PRESENTATION_LAYER_ASSIGNMENT (  '', '', ( #1191 ) ) ;
#2358 = DIRECTION ( 'NONE',  ( 0.000000000000000000, 0.9778024140774096429, -0.2095290887308729200 ) ) ;
#2359 = DIRECTION ( 'NONE',  ( 0.000000000000000000, 0.000000000000000000, -1.000000000000000000 ) ) ;
#2360 =( NAMED_UNIT ( * ) SI_UNIT ( $, .STERADIAN. ) SOLID_ANGLE_UNIT ( ) );
#2361 = ADVANCED_FACE ( 'NONE', ( #1442 ), #4689, .F. ) ;
#2362 = ORIENTED_EDGE ( 'NONE', *, *, #6698, .F. ) ;
#2363 = CARTESIAN_POINT ( 'NONE',  ( 2.250000000000000000, 3.950000000000000178, 2.075000000000000178 ) ) ;
#2364 = VECTOR ( 'NONE', #6162, 1000.000000000000000 ) ;
#2365 = DIRECTION ( 'NONE',  ( 0.000000000000000000, 1.000000000000000000, 0.000000000000000000 ) ) ;
#2366 = DIRECTION ( 'NONE',  ( -1.000000000000000000, 0.000000000000000000, 0.000000000000000000 ) ) ;
#2367 = PLANE ( 'NONE',  #4403 ) ;
#2368 =( GEOMETRIC_REPRESENTATION_CONTEXT ( 3 ) GLOBAL_UNCERTAINTY_ASSIGNED_CONTEXT ( ( #6655 ) ) GLOBAL_UNIT_ASSIGNED_CONTEXT ( ( #445, #1161, #3237 ) ) REPRESENTATION_CONTEXT ( 'NONE', 'WORKASPACE' ) );
#2369 = DIRECTION ( 'NONE',  ( 0.000000000000000000, 5.421010862427510337E-16, -1.000000000000000000 ) ) ;
#2370 = CARTESIAN_POINT ( 'NONE',  ( 2.995735931288070031, 2.000000000000000000, 0.1000000000000000056 ) ) ;
#2371 = ORIENTED_EDGE ( 'NONE', *, *, #3273, .T. ) ;
#2372 = EDGE_CURVE ( 'NONE', #5766, #1835, #4754, .T. ) ;
#2373 = DIRECTION ( 'NONE',  ( -5.421010862427519089E-17, 0.000000000000000000, -1.000000000000000000 ) ) ;
#2374 = CARTESIAN_POINT ( 'NONE',  ( -1.409999999999999920, 5.400000000000000355, 0.5999999999999999778 ) ) ;
#2375 = LINE ( 'NONE', #2435, #5252 ) ;
#2376 = CARTESIAN_POINT ( 'NONE',  ( -2.550000000000000266, 4.200000000000000178, -0.2000000000000000111 ) ) ;
#2377 = ORIENTED_EDGE ( 'NONE', *, *, #2525, .F. ) ;
#2378 = FACE_OUTER_BOUND ( 'NONE', #2941, .T. ) ;
#2379 = FILL_AREA_STYLE_COLOUR ( '', #5962 ) ;
#2380 = STYLED_ITEM ( 'NONE', ( #2727 ), #1688 ) ;
#2381 = EDGE_CURVE ( 'NONE', #4338, #5192, #4223, .T. ) ;
#2382 = FILL_AREA_STYLE_COLOUR ( '', #1172 ) ;
#2383 = ORIENTED_EDGE ( 'NONE', *, *, #2486, .F. ) ;
#2384 = VERTEX_POINT ( 'NONE', #882 ) ;
#2385 = LINE ( 'NONE', #1220, #7098 ) ;
#2386 = EDGE_CURVE ( 'NONE', #3858, #273, #3679, .T. ) ;
#2387 = ORIENTED_EDGE ( 'NONE', *, *, #2086, .F. ) ;
#2388 = PRESENTATION_LAYER_ASSIGNMENT (  '', '', ( #6748 ) ) ;
#2389 = PRESENTATION_LAYER_ASSIGNMENT (  '', '', ( #6981 ) ) ;
#2390 = CARTESIAN_POINT ( 'NONE',  ( -4.450000000000000178, 4.000000000000000000, -0.1999999999999920175 ) ) ;
#2391 = CARTESIAN_POINT ( 'NONE',  ( 0.5500000000000000444, 3.600000000000000089, 0.4000000000000000222 ) ) ;
#2392 = PRESENTATION_STYLE_ASSIGNMENT (( #185 ) ) ;
#2393 = CARTESIAN_POINT ( 'NONE',  ( -3.750000000000000000, 1.399999999999999911, 0.1000000000000000056 ) ) ;
#2394 = EDGE_CURVE ( 'NONE', #6754, #2953, #5265, .T. ) ;
#2395 = EDGE_LOOP ( 'NONE', ( #828, #6275, #3611, #2579 ) ) ;
#2396 = LINE ( 'NONE', #3021, #2143 ) ;
#2397 = PRESENTATION_LAYER_ASSIGNMENT (  '', '', ( #2503 ) ) ;
#2398 = LINE ( 'NONE', #2935, #2797 ) ;
#2399 = CARTESIAN_POINT ( 'NONE',  ( -2.050000000000000266, 5.200000000000000178, -0.2000000000000000111 ) ) ;
#2400 = ORIENTED_EDGE ( 'NONE', *, *, #1336, .F. ) ;
#2401 = FACE_OUTER_BOUND ( 'NONE', #1445, .T. ) ;
#2402 =( GEOMETRIC_REPRESENTATION_CONTEXT ( 3 ) GLOBAL_UNCERTAINTY_ASSIGNED_CONTEXT ( ( #4061 ) ) GLOBAL_UNIT_ASSIGNED_CONTEXT ( ( #1884, #4555, #6842 ) ) REPRESENTATION_CONTEXT ( 'NONE', 'WORKASPACE' ) );
#2403 = CARTESIAN_POINT ( 'NONE',  ( 1.409999999999999920, 5.400000000000000355, 0.5999999999999999778 ) ) ;
#2404 = CARTESIAN_POINT ( 'NONE',  ( -4.450000000000000178, 2.200000000000000178, -0.2000000000000000111 ) ) ;
#2405 = AXIS2_PLACEMENT_3D ( 'NONE', #6987, #2568, #6321 ) ;
#2406 = PLANE ( 'NONE',  #1763 ) ;
#2407 = PRESENTATION_LAYER_ASSIGNMENT (  '', '', ( #5722 ) ) ;
#2408 = CARTESIAN_POINT ( 'NONE',  ( 2.149999999999999911, 1.199999999999996625, 1.183578643762690286 ) ) ;
#2409 = VERTEX_POINT ( 'NONE', #2630 ) ;
#2410 = ORIENTED_EDGE ( 'NONE', *, *, #6488, .F. ) ;
#2411 = SURFACE_SIDE_STYLE ('',( #3073 ) ) ;
#2412 = VECTOR ( 'NONE', #6423, 1000.000000000000000 ) ;
#2413 =( GEOMETRIC_REPRESENTATION_CONTEXT ( 3 ) GLOBAL_UNCERTAINTY_ASSIGNED_CONTEXT ( ( #2776 ) ) GLOBAL_UNIT_ASSIGNED_CONTEXT ( ( #1542, #2666, #7044 ) ) REPRESENTATION_CONTEXT ( 'NONE', 'WORKASPACE' ) );
#2414 =( NAMED_UNIT ( * ) SI_UNIT ( $, .STERADIAN. ) SOLID_ANGLE_UNIT ( ) );
#2415 = VERTEX_POINT ( 'NONE', #4791 ) ;
#2416 = ORIENTED_EDGE ( 'NONE', *, *, #9, .T. ) ;
#2417 = DIRECTION ( 'NONE',  ( -0.000000000000000000, 0.2095290887308729477, 0.9778024140774096429 ) ) ;
#2418 = ORIENTED_EDGE ( 'NONE', *, *, #6403, .F. ) ;
#2419 = UNCERTAINTY_MEASURE_WITH_UNIT (LENGTH_MEASURE( 1.000000000000000082E-05 ), #2199, 'distance_accuracy_value', 'NONE');
#2420 = FACE_OUTER_BOUND ( 'NONE', #6726, .T. ) ;
#2421 = EDGE_CURVE ( 'NONE', #4611, #1834, #6453, .T. ) ;
#2422 = FACE_BOUND ( 'NONE', #7013, .T. ) ;
#2423 = PRESENTATION_STYLE_ASSIGNMENT (( #2960 ) ) ;
#2424 = PLANE ( 'NONE',  #5055 ) ;
#2425 = EDGE_LOOP ( 'NONE', ( #2131, #313, #3495, #4969 ) ) ;
#2426 = DIRECTION ( 'NONE',  ( 0.7071067811865480168, 0.7071067811865470176, 0.000000000000000000 ) ) ;
#2427 = UNCERTAINTY_MEASURE_WITH_UNIT (LENGTH_MEASURE( 1.000000000000000082E-05 ), #1107, 'distance_accuracy_value', 'NONE');
#2428 = LINE ( 'NONE', #1783, #2219 ) ;
#2429 = SURFACE_STYLE_FILL_AREA ( #1893 ) ;
#2430 = ORIENTED_EDGE ( 'NONE', *, *, #5855, .F. ) ;
#2431 = FACE_OUTER_BOUND ( 'NONE', #187, .T. ) ;
#2432 = CARTESIAN_POINT ( 'NONE',  ( 4.450000000000000178, 2.000000000000000000, -0.2000000000000000111 ) ) ;
#2433 = LINE ( 'NONE', #5217, #4912 ) ;
#2434 = EDGE_CURVE ( 'NONE', #928, #3283, #2663, .T. ) ;
#2435 = CARTESIAN_POINT ( 'NONE',  ( 2.149999999999999911, 3.437500000000000000, 1.562500000000000000 ) ) ;
#2436 = CARTESIAN_POINT ( 'NONE',  ( 2.750000000000000000, 1.399999999999999911, 2.500000000000000000 ) ) ;
#2437 = EDGE_CURVE ( 'NONE', #6310, #1874, #2119, .T. ) ;
#2438 =( NAMED_UNIT ( * ) SI_UNIT ( $, .STERADIAN. ) SOLID_ANGLE_UNIT ( ) );
#2439 = FACE_OUTER_BOUND ( 'NONE', #6504, .T. ) ;
#2440 = LINE ( 'NONE', #6826, #200 ) ;
#2441 = ORIENTED_EDGE ( 'NONE', *, *, #6556, .F. ) ;
#2442 = MECHANICAL_DESIGN_GEOMETRIC_PRESENTATION_REPRESENTATION (  '', ( #6798 ), #5759 ) ;
#2443 = FILL_AREA_STYLE ('',( #2980 ) ) ;
#2444 = CARTESIAN_POINT ( 'NONE',  ( -2.172994770206900128, 1.184670153195399811, 1.249124350000750061 ) ) ;
#2445 = AXIS2_PLACEMENT_3D ( 'NONE', #6140, #1439, #5189 ) ;
#2446 = STYLED_ITEM ( 'NONE', ( #1476 ), #2116 ) ;
#2447 = VECTOR ( 'NONE', #1922, 1000.000000000000000 ) ;
#2448 = VECTOR ( 'NONE', #2117, 1000.000000000000000 ) ;
#2449 = ORIENTED_EDGE ( 'NONE', *, *, #5334, .T. ) ;
#2450 = ORIENTED_EDGE ( 'NONE', *, *, #5968, .T. ) ;
#2451 = LINE ( 'NONE', #3500, #1139 ) ;
#2452 = VECTOR ( 'NONE', #1285, 1000.000000000000000 ) ;
#2453 = ORIENTED_EDGE ( 'NONE', *, *, #3191, .T. ) ;
#2454 = STYLED_ITEM ( 'NONE', ( #6972 ), #3581 ) ;
#2455 = DIRECTION ( 'NONE',  ( 0.000000000000000000, 1.709941712034280011E-15, -1.000000000000000000 ) ) ;
#2456 = PLANE ( 'NONE',  #6177 ) ;
#2457 = DIRECTION ( 'NONE',  ( 0.000000000000000000, -1.000000000000000000, -1.807003620809169702E-16 ) ) ;
#2458 = ORIENTED_EDGE ( 'NONE', *, *, #835, .T. ) ;
#2459 = FILL_AREA_STYLE_COLOUR ( '', #3616 ) ;
#2460 = PRESENTATION_LAYER_ASSIGNMENT (  '', '', ( #5547 ) ) ;
#2461 = EDGE_CURVE ( 'NONE', #1372, #5675, #480, .T. ) ;
#2462 = ADVANCED_FACE ( 'NONE', ( #57 ), #3897, .F. ) ;
#2463 = DIRECTION ( 'NONE',  ( 0.5547001962252300356, 0.8320502943378431659, 1.127638420922871074E-16 ) ) ;
#2464 = FACE_OUTER_BOUND ( 'NONE', #253, .T. ) ;
#2465 = ORIENTED_EDGE ( 'NONE', *, *, #3725, .T. ) ;
#2466 = MECHANICAL_DESIGN_GEOMETRIC_PRESENTATION_REPRESENTATION (  '', ( #6721 ), #3594 ) ;
#2467 = FACE_OUTER_BOUND ( 'NONE', #6778, .T. ) ;
#2468 = ORIENTED_EDGE ( 'NONE', *, *, #352, .T. ) ;
#2469 = CARTESIAN_POINT ( 'NONE',  ( -1.409999999999999920, 1.699999999999999956, 1.324999999999999956 ) ) ;
#2470 = EDGE_CURVE ( 'NONE', #6588, #5509, #6128, .T. ) ;
#2471 = DIRECTION ( 'NONE',  ( -0.000000000000000000, 1.000000000000000000, 0.000000000000000000 ) ) ;
#2472 = DIRECTION ( 'NONE',  ( -8.673617379884039416E-16, -1.000000000000000000, -1.709941712034280011E-15 ) ) ;
#2473 = MECHANICAL_DESIGN_GEOMETRIC_PRESENTATION_REPRESENTATION (  '', ( #1444 ), #2368 ) ;
#2474 = DIRECTION ( 'NONE',  ( -1.000000000000000000, 0.000000000000000000, 0.000000000000000000 ) ) ;
#2475 = CARTESIAN_POINT ( 'NONE',  ( 2.149999999999999911, 1.199999999999999956, 1.125000000000000000 ) ) ;
#2476 = ORIENTED_EDGE ( 'NONE', *, *, #5133, .F. ) ;
#2477 = ORIENTED_EDGE ( 'NONE', *, *, #3809, .F. ) ;
#2478 =( NAMED_UNIT ( * ) PLANE_ANGLE_UNIT ( ) SI_UNIT ( $, .RADIAN. ) );
#2479 = DIRECTION ( 'NONE',  ( 0.000000000000000000, 1.000000000000000000, 0.000000000000000000 ) ) ;
#2480 = EDGE_CURVE ( 'NONE', #3593, #4434, #1065, .T. ) ;
#2481 = LINE ( 'NONE', #6238, #934 ) ;
#2482 = ORIENTED_EDGE ( 'NONE', *, *, #7111, .T. ) ;
#2483 = ORIENTED_EDGE ( 'NONE', *, *, #6461, .T. ) ;
#2484 = CARTESIAN_POINT ( 'NONE',  ( -2.149999999999999911, 1.199999999999999956, 2.075000000000000178 ) ) ;
#2485 = UNCERTAINTY_MEASURE_WITH_UNIT (LENGTH_MEASURE( 1.000000000000000082E-05 ), #7103, 'distance_accuracy_value', 'NONE');
#2486 = EDGE_CURVE ( 'NONE', #4794, #3888, #6643, .T. ) ;
#2487 = DIRECTION ( 'NONE',  ( 0.000000000000000000, -1.000000000000000000, 0.000000000000000000 ) ) ;
#2488 = DIRECTION ( 'NONE',  ( 1.000000000000000000, 0.000000000000000000, 0.000000000000000000 ) ) ;
#2489 = DIRECTION ( 'NONE',  ( -1.000000000000000000, 0.000000000000000000, 0.000000000000000000 ) ) ;
#2490 = MECHANICAL_DESIGN_GEOMETRIC_PRESENTATION_REPRESENTATION (  '', ( #520 ), #3870 ) ;
#2491 = ORIENTED_EDGE ( 'NONE', *, *, #6579, .F. ) ;
#2492 = DIRECTION ( 'NONE',  ( -1.000000000000000000, 0.000000000000000000, 0.000000000000000000 ) ) ;
#2493 = CIRCLE ( 'NONE', #301, 0.2000000000000000944 ) ;
#2494 = UNCERTAINTY_MEASURE_WITH_UNIT (LENGTH_MEASURE( 1.000000000000000082E-05 ), #5923, 'distance_accuracy_value', 'NONE');
#2495 = FILL_AREA_STYLE ('',( #6185 ) ) ;
#2496 = CARTESIAN_POINT ( 'NONE',  ( -0.1600000000000000033, 6.200000000000000178, 7.318364664277149999E-16 ) ) ;
#2497 = STYLED_ITEM ( 'NONE', ( #1701 ), #4763 ) ;
#2498 = FILL_AREA_STYLE_COLOUR ( '', #4857 ) ;
#2499 = DIRECTION ( 'NONE',  ( 0.000000000000000000, -1.000000000000000000, 0.000000000000000000 ) ) ;
#2500 = ORIENTED_EDGE ( 'NONE', *, *, #4133, .F. ) ;
#2501 = SURFACE_SIDE_STYLE ('',( #1355 ) ) ;
#2502 =( NAMED_UNIT ( * ) SI_UNIT ( $, .STERADIAN. ) SOLID_ANGLE_UNIT ( ) );
#2503 = STYLED_ITEM ( 'NONE', ( #524 ), #4893 ) ;
#2504 =( LENGTH_UNIT ( ) NAMED_UNIT ( * ) SI_UNIT ( .MILLI., .METRE. ) );
#2505 = FACE_OUTER_BOUND ( 'NONE', #2425, .T. ) ;
#2506 =( LENGTH_UNIT ( ) NAMED_UNIT ( * ) SI_UNIT ( .MILLI., .METRE. ) );
#2507 = ORIENTED_EDGE ( 'NONE', *, *, #858, .T. ) ;
#2508 = VECTOR ( 'NONE', #3144, 1000.000000000000000 ) ;
#2509 = STYLED_ITEM ( 'NONE', ( #4492 ), #6240 ) ;
#2510 = DIRECTION ( 'NONE',  ( 0.000000000000000000, -1.000000000000000000, 0.000000000000000000 ) ) ;
#2511 =( LENGTH_UNIT ( ) NAMED_UNIT ( * ) SI_UNIT ( .MILLI., .METRE. ) );
#2512 = CARTESIAN_POINT ( 'NONE',  ( -2.149999999999999911, 3.950000000000000178, 0.4000000000000000222 ) ) ;
#2513 = PRESENTATION_LAYER_ASSIGNMENT (  '', '', ( #5148 ) ) ;
#2514 = STYLED_ITEM ( 'NONE', ( #3549 ), #5523 ) ;
#2515 = SURFACE_STYLE_FILL_AREA ( #278 ) ;
#2516 = EDGE_LOOP ( 'NONE', ( #5598, #2656, #6027, #5342 ) ) ;
#2517 = ORIENTED_EDGE ( 'NONE', *, *, #4165, .T. ) ;
#2518 = LINE ( 'NONE', #3573, #4681 ) ;
#2519 = MECHANICAL_DESIGN_GEOMETRIC_PRESENTATION_REPRESENTATION (  '', ( #780 ), #3767 ) ;
#2520 = STYLED_ITEM ( 'NONE', ( #1547 ), #2114 ) ;
#2521 = CARTESIAN_POINT ( 'NONE',  ( -0.5500000000000000444, 2.449999999999999734, 0.4000000000000000222 ) ) ;
#2522 = VECTOR ( 'NONE', #2540, 1000.000000000000000 ) ;
#2523 =( GEOMETRIC_REPRESENTATION_CONTEXT ( 3 ) GLOBAL_UNCERTAINTY_ASSIGNED_CONTEXT ( ( #6080 ) ) GLOBAL_UNIT_ASSIGNED_CONTEXT ( ( #2511, #4685, #3493 ) ) REPRESENTATION_CONTEXT ( 'NONE', 'WORKASPACE' ) );
#2524 = CARTESIAN_POINT ( 'NONE',  ( -0.1499999999999999944, 1.000000000000000000, -8.673617379884039416E-16 ) ) ;
#2525 = EDGE_CURVE ( 'NONE', #1778, #6918, #5011, .T. ) ;
#2526 = FILL_AREA_STYLE_COLOUR ( '', #5945 ) ;
#2527 = SURFACE_SIDE_STYLE ('',( #4089 ) ) ;
#2528 = ORIENTED_EDGE ( 'NONE', *, *, #3599, .F. ) ;
#2529 = DIRECTION ( 'NONE',  ( 6.168736498624420216E-16, -1.000000000000000000, -3.419883424068560022E-16 ) ) ;
#2530 = SURFACE_SIDE_STYLE ('',( #1996 ) ) ;
#2531 = ORIENTED_EDGE ( 'NONE', *, *, #523, .T. ) ;
#2532 =( LENGTH_UNIT ( ) NAMED_UNIT ( * ) SI_UNIT ( .MILLI., .METRE. ) );
#2533 = CARTESIAN_POINT ( 'NONE',  ( -2.275849698379619923, 3.950000000000000178, 1.978398793518490129 ) ) ;
#2534 = PRESENTATION_STYLE_ASSIGNMENT (( #1485 ) ) ;
#2535 = CARTESIAN_POINT ( 'NONE',  ( 2.750000000000000000, 5.200000000000000178, 1.175000000000000044 ) ) ;
#2536 =( NAMED_UNIT ( * ) PLANE_ANGLE_UNIT ( ) SI_UNIT ( $, .RADIAN. ) );
#2537 = FILL_AREA_STYLE ('',( #5247 ) ) ;
#2538 = VERTEX_POINT ( 'NONE', #3833 ) ;
#2539 = LINE ( 'NONE', #2077, #5657 ) ;
#2540 = DIRECTION ( 'NONE',  ( 0.000000000000000000, 0.000000000000000000, 1.000000000000000000 ) ) ;
#2541 = SURFACE_SIDE_STYLE ('',( #4780 ) ) ;
#2542 = DIRECTION ( 'NONE',  ( 0.000000000000000000, 1.355252715606880049E-16, -1.000000000000000000 ) ) ;
#2543 = FACE_OUTER_BOUND ( 'NONE', #5592, .T. ) ;
#2544 = CARTESIAN_POINT ( 'NONE',  ( 2.550000000000000266, 2.000000000000000000, -0.2000000000000050071 ) ) ;
#2545 = ORIENTED_EDGE ( 'NONE', *, *, #1801, .F. ) ;
#2546 =( LENGTH_UNIT ( ) NAMED_UNIT ( * ) SI_UNIT ( .MILLI., .METRE. ) );
#2547 = CARTESIAN_POINT ( 'NONE',  ( -0.1600000000000000033, 2.399999999999999911, 0.7750000000000000222 ) ) ;
#2548 = DIRECTION ( 'NONE',  ( 0.000000000000000000, 1.000000000000000000, 0.000000000000000000 ) ) ;
#2549 = ADVANCED_FACE ( 'NONE', ( #4894 ), #20, .F. ) ;
#2550 =( LENGTH_UNIT ( ) NAMED_UNIT ( * ) SI_UNIT ( .MILLI., .METRE. ) );
#2551 = EDGE_CURVE ( 'NONE', #5605, #1576, #6529, .T. ) ;
#2552 = EDGE_CURVE ( 'NONE', #3214, #482, #5702, .T. ) ;
#2553 = DIRECTION ( 'NONE',  ( 0.7071067811865480168, -0.7071067811865470176, 0.000000000000000000 ) ) ;
#2554 = VECTOR ( 'NONE', #4663, 1000.000000000000000 ) ;
#2555 = ORIENTED_EDGE ( 'NONE', *, *, #2858, .T. ) ;
#2556 = EDGE_LOOP ( 'NONE', ( #2312, #5418, #2418, #2265, #5926, #4977, #4321, #4861, #2531, #4991, #5212, #5706 ) ) ;
#2557 = DIRECTION ( 'NONE',  ( -0.7071067811865489050, 0.000000000000000000, 0.7071067811865460184 ) ) ;
#2558 = MECHANICAL_DESIGN_GEOMETRIC_PRESENTATION_REPRESENTATION (  '', ( #6445 ), #2099 ) ;
#2559 = STYLED_ITEM ( 'NONE', ( #4570 ), #1272 ) ;
#2560 = UNCERTAINTY_MEASURE_WITH_UNIT (LENGTH_MEASURE( 1.000000000000000082E-05 ), #4581, 'distance_accuracy_value', 'NONE');
#2561 = SURFACE_SIDE_STYLE ('',( #3721 ) ) ;
#2562 = FILL_AREA_STYLE ('',( #3578 ) ) ;
#2563 = SURFACE_STYLE_FILL_AREA ( #3580 ) ;
#2564 =( GEOMETRIC_REPRESENTATION_CONTEXT ( 3 ) GLOBAL_UNCERTAINTY_ASSIGNED_CONTEXT ( ( #456 ) ) GLOBAL_UNIT_ASSIGNED_CONTEXT ( ( #2735, #1074, #5454 ) ) REPRESENTATION_CONTEXT ( 'NONE', 'WORKASPACE' ) );
#2565 =( GEOMETRIC_REPRESENTATION_CONTEXT ( 3 ) GLOBAL_UNCERTAINTY_ASSIGNED_CONTEXT ( ( #4405 ) ) GLOBAL_UNIT_ASSIGNED_CONTEXT ( ( #838, #6232, #5741 ) ) REPRESENTATION_CONTEXT ( 'NONE', 'WORKASPACE' ) );
#2566 = VECTOR ( 'NONE', #4749, 1000.000000000000000 ) ;
#2567 = VERTEX_POINT ( 'NONE', #4033 ) ;
#2568 = DIRECTION ( 'NONE',  ( -1.000000000000000000, 4.336808689942020201E-16, 0.000000000000000000 ) ) ;
#2569 = ORIENTED_EDGE ( 'NONE', *, *, #5133, .T. ) ;
#2570 = DIRECTION ( 'NONE',  ( -3.771137991253930052E-16, 1.000000000000000000, 0.000000000000000000 ) ) ;
#2571 = EDGE_CURVE ( 'NONE', #5051, #1168, #1329, .T. ) ;
#2572 = EDGE_CURVE ( 'NONE', #2198, #2730, #2337, .T. ) ;
#2573 = LINE ( 'NONE', #1591, #1227 ) ;
#2574 = VECTOR ( 'NONE', #3563, 1000.000000000000000 ) ;
#2575 = CIRCLE ( 'NONE', #6572, 0.4499999999999999001 ) ;
#2576 = FILL_AREA_STYLE_COLOUR ( '', #4601 ) ;
#2577 = FILL_AREA_STYLE ('',( #5282 ) ) ;
#2578 = EDGE_CURVE ( 'NONE', #6188, #516, #1900, .T. ) ;
#2579 = ORIENTED_EDGE ( 'NONE', *, *, #1780, .T. ) ;
#2580 = PRESENTATION_LAYER_ASSIGNMENT (  '', '', ( #3347 ) ) ;
#2581 = LINE ( 'NONE', #4747, #724 ) ;
#2582 = VERTEX_POINT ( 'NONE', #5076 ) ;
#2583 = CARTESIAN_POINT ( 'NONE',  ( -2.191421356237309492, 1.172385762508457052, 1.224999999999999867 ) ) ;
#2584 = FILL_AREA_STYLE_COLOUR ( '', #4540 ) ;
#2585 = DIRECTION ( 'NONE',  ( 0.000000000000000000, 0.000000000000000000, -1.000000000000000000 ) ) ;
#2586 = CARTESIAN_POINT ( 'NONE',  ( -4.450000000000000178, 2.000000000000000000, 0.05000000000000090483 ) ) ;
#2587 = PRESENTATION_STYLE_ASSIGNMENT (( #370 ) ) ;
#2588 = VECTOR ( 'NONE', #5159, 1000.000000000000114 ) ;
#2589 = EDGE_CURVE ( 'NONE', #1616, #514, #6263, .T. ) ;
#2590 = FACE_OUTER_BOUND ( 'NONE', #6915, .T. ) ;
#2591 = ORIENTED_EDGE ( 'NONE', *, *, #5524, .F. ) ;
#2592 = AXIS2_PLACEMENT_3D ( 'NONE', #4207, #437, #981 ) ;
#2593 = LINE ( 'NONE', #6941, #1070 ) ;
#2594 = FILL_AREA_STYLE ('',( #4314 ) ) ;
#2595 = VECTOR ( 'NONE', #2294, 1000.000000000000000 ) ;
#2596 = DIRECTION ( 'NONE',  ( -1.000000000000000000, 8.673617379884039416E-16, 0.000000000000000000 ) ) ;
#2597 = ORIENTED_EDGE ( 'NONE', *, *, #3217, .T. ) ;
#2598 = STYLED_ITEM ( 'NONE', ( #1276 ), #4547 ) ;
#2599 = ORIENTED_EDGE ( 'NONE', *, *, #2792, .F. ) ;
#2600 = CARTESIAN_POINT ( 'NONE',  ( -1.409999999999999920, 5.599999999999999645, -0.2000000000000000111 ) ) ;
#2601 = EDGE_CURVE ( 'NONE', #3565, #2277, #1283, .T. ) ;
#2602 = ORIENTED_EDGE ( 'NONE', *, *, #3744, .F. ) ;
#2603 =( NAMED_UNIT ( * ) SI_UNIT ( $, .STERADIAN. ) SOLID_ANGLE_UNIT ( ) );
#2604 = CARTESIAN_POINT ( 'NONE',  ( 0.5500000000000000444, 2.449999999999999734, -4.336808689942019708E-16 ) ) ;
#2605 = CARTESIAN_POINT ( 'NONE',  ( -1.090000000000000080, 5.599999999999999645, -0.2000000000000000111 ) ) ;
#2606 = CARTESIAN_POINT ( 'NONE',  ( -4.450000000000000178, 4.000000000000000000, 0.05000000000000090483 ) ) ;
#2607 = CARTESIAN_POINT ( 'NONE',  ( 2.050000000000000266, 2.000000000000000000, -4.701596255175999207E-15 ) ) ;
#2608 = EDGE_CURVE ( 'NONE', #5509, #4195, #3422, .T. ) ;
#2609 = EDGE_LOOP ( 'NONE', ( #2838, #5014, #6068, #5651 ) ) ;
#2610 = CARTESIAN_POINT ( 'NONE',  ( 2.750000000000000000, 5.200000000000000178, 3.200000000000000178 ) ) ;
#2611 = SURFACE_SIDE_STYLE ('',( #1998 ) ) ;
#2612 = STYLED_ITEM ( 'NONE', ( #1138 ), #1716 ) ;
#2613 = CARTESIAN_POINT ( 'NONE',  ( -2.550000000000000266, 2.000000000000000000, -0.2000000000000050071 ) ) ;
#2614 =( NAMED_UNIT ( * ) PLANE_ANGLE_UNIT ( ) SI_UNIT ( $, .RADIAN. ) );
#2615 = SURFACE_SIDE_STYLE ('',( #937 ) ) ;
#2616 = VECTOR ( 'NONE', #2823, 1000.000000000000000 ) ;
#2617 = CARTESIAN_POINT ( 'NONE',  ( 1.090000000000000080, 5.899999999999999467, 1.175000000000000044 ) ) ;
#2618 = EDGE_CURVE ( 'NONE', #4565, #58, #1360, .T. ) ;
#2619 = SURFACE_STYLE_USAGE ( .BOTH. , #294 ) ;
#2620 = DIRECTION ( 'NONE',  ( 0.000000000000000000, -1.000000000000000000, -1.807003620809169702E-16 ) ) ;
#2621 = DIRECTION ( 'NONE',  ( 0.000000000000000000, 3.975407965780180295E-15, -1.000000000000000000 ) ) ;
#2622 = PRESENTATION_LAYER_ASSIGNMENT (  '', '', ( #5709 ) ) ;
#2623 =( GEOMETRIC_REPRESENTATION_CONTEXT ( 3 ) GLOBAL_UNCERTAINTY_ASSIGNED_CONTEXT ( ( #3332 ) ) GLOBAL_UNIT_ASSIGNED_CONTEXT ( ( #5288, #6968, #7025 ) ) REPRESENTATION_CONTEXT ( 'NONE', 'WORKASPACE' ) );
#2624 = FACE_OUTER_BOUND ( 'NONE', #6058, .T. ) ;
#2625 = EDGE_LOOP ( 'NONE', ( #2133, #4513, #2247, #7041 ) ) ;
#2626 = CARTESIAN_POINT ( 'NONE',  ( -0.1600000000000000033, 5.899999999999999467, 1.175000000000000044 ) ) ;
#2627 = VECTOR ( 'NONE', #2771, 1000.000000000000000 ) ;
#2628 = SURFACE_STYLE_USAGE ( .BOTH. , #3396 ) ;
#2629 = FILL_AREA_STYLE ('',( #5374 ) ) ;
#2630 = CARTESIAN_POINT ( 'NONE',  ( 1.800000000000000044, 2.600000000000000089, 3.200000000000000178 ) ) ;
#2631 = VECTOR ( 'NONE', #1902, 1000.000000000000000 ) ;
#2632 = ORIENTED_EDGE ( 'NONE', *, *, #2386, .T. ) ;
#2633 = EDGE_LOOP ( 'NONE', ( #6565, #6656, #1588, #3003 ) ) ;
#2634 = STYLED_ITEM ( 'NONE', ( #5261 ), #6095 ) ;
#2635 = MECHANICAL_DESIGN_GEOMETRIC_PRESENTATION_REPRESENTATION (  '', ( #5722 ), #6413 ) ;
#2636 = UNCERTAINTY_MEASURE_WITH_UNIT (LENGTH_MEASURE( 1.000000000000000082E-05 ), #5949, 'distance_accuracy_value', 'NONE');
#2637 = VERTEX_POINT ( 'NONE', #1399 ) ;
#2638 = SURFACE_STYLE_USAGE ( .BOTH. , #1076 ) ;
#2639 = CARTESIAN_POINT ( 'NONE',  ( -4.250000000000000000, 1.399999999999999911, 0.5999999999999999778 ) ) ;
#2640 = VECTOR ( 'NONE', #1184, 1000.000000000000000 ) ;
#2641 = SURFACE_STYLE_USAGE ( .BOTH. , #1080 ) ;
#2642 = AXIS2_PLACEMENT_3D ( 'NONE', #81, #1743, #6351 ) ;
#2643 = VERTEX_POINT ( 'NONE', #3526 ) ;
#2644 = CARTESIAN_POINT ( 'NONE',  ( -2.550000000000000266, 2.000000000000000000, -0.2000000000000050071 ) ) ;
#2645 = FILL_AREA_STYLE ('',( #856 ) ) ;
#2646 =( GEOMETRIC_REPRESENTATION_CONTEXT ( 3 ) GLOBAL_UNCERTAINTY_ASSIGNED_CONTEXT ( ( #45 ) ) GLOBAL_UNIT_ASSIGNED_CONTEXT ( ( #6059, #1687, #1289 ) ) REPRESENTATION_CONTEXT ( 'NONE', 'WORKASPACE' ) );
#2647 = EDGE_CURVE ( 'NONE', #1287, #5043, #5630, .T. ) ;
#2648 = CARTESIAN_POINT ( 'NONE',  ( -2.050000000000000266, 2.000000000000000000, -4.701596255175999207E-15 ) ) ;
#2649 = PLANE ( 'NONE',  #6697 ) ;
#2650 = SURFACE_SIDE_STYLE ('',( #5912 ) ) ;
#2651 = FILL_AREA_STYLE ('',( #2206 ) ) ;
#2652 = SURFACE_SIDE_STYLE ('',( #5366 ) ) ;
#2653 =( LENGTH_UNIT ( ) NAMED_UNIT ( * ) SI_UNIT ( .MILLI., .METRE. ) );
#2654 =( NAMED_UNIT ( * ) SI_UNIT ( $, .STERADIAN. ) SOLID_ANGLE_UNIT ( ) );
#2655 = DIRECTION ( 'NONE',  ( -1.000000000000000000, 0.000000000000000000, 0.000000000000000000 ) ) ;
#2656 = ORIENTED_EDGE ( 'NONE', *, *, #4118, .T. ) ;
#2657 = PRESENTATION_STYLE_ASSIGNMENT (( #1499 ) ) ;
#2658 = FILL_AREA_STYLE ('',( #1026 ) ) ;
#2659 = EDGE_CURVE ( 'NONE', #2253, #3283, #5116, .T. ) ;
#2660 = CARTESIAN_POINT ( 'NONE',  ( 1.409999999999999920, 5.400000000000000355, 0.5999999999999999778 ) ) ;
#2661 = EDGE_CURVE ( 'NONE', #4262, #1778, #1931, .T. ) ;
#2662 = SURFACE_SIDE_STYLE ('',( #1441 ) ) ;
#2663 = LINE ( 'NONE', #4819, #6338 ) ;
#2664 = ORIENTED_EDGE ( 'NONE', *, *, #5434, .F. ) ;
#2665 = ORIENTED_EDGE ( 'NONE', *, *, #850, .F. ) ;
#2666 =( NAMED_UNIT ( * ) PLANE_ANGLE_UNIT ( ) SI_UNIT ( $, .RADIAN. ) );
#2667 = ORIENTED_EDGE ( 'NONE', *, *, #639, .F. ) ;
#2668 = SURFACE_STYLE_USAGE ( .BOTH. , #6000 ) ;
#2669 = SURFACE_SIDE_STYLE ('',( #6500 ) ) ;
#2670 = STYLED_ITEM ( 'NONE', ( #786 ), #565 ) ;
#2671 = ORIENTED_EDGE ( 'NONE', *, *, #1140, .F. ) ;
#2672 = CARTESIAN_POINT ( 'NONE',  ( 2.250000000000000000, 1.133333333333329973, 1.975000000000000089 ) ) ;
#2673 = VECTOR ( 'NONE', #579, 1000.000000000000000 ) ;
#2674 = CARTESIAN_POINT ( 'NONE',  ( 0.000000000000000000, 0.000000000000000000, 0.000000000000000000 ) ) ;
#2675 = AXIS2_PLACEMENT_3D ( 'NONE', #6345, #3649, #1504 ) ;
#2676 = VECTOR ( 'NONE', #1223, 1000.000000000000000 ) ;
#2677 = VECTOR ( 'NONE', #2621, 1000.000000000000000 ) ;
#2678 = CARTESIAN_POINT ( 'NONE',  ( -1.800000000000000044, 2.000000000000000000, 2.799999999999999822 ) ) ;
#2679 =( NAMED_UNIT ( * ) SI_UNIT ( $, .STERADIAN. ) SOLID_ANGLE_UNIT ( ) );
#2680 = FACE_OUTER_BOUND ( 'NONE', #100, .T. ) ;
#2681 = FACE_OUTER_BOUND ( 'NONE', #4545, .T. ) ;
#2682 = EDGE_CURVE ( 'NONE', #155, #3888, #4574, .T. ) ;
#2683 = PRESENTATION_STYLE_ASSIGNMENT (( #3103 ) ) ;
#2684 = VECTOR ( 'NONE', #4107, 1000.000000000000000 ) ;
#2685 = EDGE_CURVE ( 'NONE', #1309, #5806, #4605, .T. ) ;
#2686 = DIRECTION ( 'NONE',  ( 0.000000000000000000, -1.000000000000000000, 0.000000000000000000 ) ) ;
#2687 = SURFACE_SIDE_STYLE ('',( #3863 ) ) ;
#2688 = DIRECTION ( 'NONE',  ( 0.000000000000000000, 0.000000000000000000, -1.000000000000000000 ) ) ;
#2689 =( GEOMETRIC_REPRESENTATION_CONTEXT ( 3 ) GLOBAL_UNCERTAINTY_ASSIGNED_CONTEXT ( ( #5488 ) ) GLOBAL_UNIT_ASSIGNED_CONTEXT ( ( #1055, #5000, #6018 ) ) REPRESENTATION_CONTEXT ( 'NONE', 'WORKASPACE' ) );
#2690 = PRESENTATION_STYLE_ASSIGNMENT (( #6378 ) ) ;
#2691 = EDGE_LOOP ( 'NONE', ( #4821, #3634, #3492, #7012 ) ) ;
#2692 = FILL_AREA_STYLE_COLOUR ( '', #1887 ) ;
#2693 = EDGE_CURVE ( 'NONE', #596, #1219, #2999, .T. ) ;
#2694 = DIRECTION ( 'NONE',  ( 0.000000000000000000, 1.000000000000000000, 3.419883424068560022E-16 ) ) ;
#2695 = DIRECTION ( 'NONE',  ( 0.000000000000000000, 1.000000000000000000, 3.614007241618349954E-15 ) ) ;
#2696 = PLANE ( 'NONE',  #743 ) ;
#2697 = PRESENTATION_LAYER_ASSIGNMENT (  '', '', ( #1537 ) ) ;
#2698 = LINE ( 'NONE', #4860, #6773 ) ;
#2699 = ORIENTED_EDGE ( 'NONE', *, *, #2240, .T. ) ;
#2700 = VERTEX_POINT ( 'NONE', #5180 ) ;
#2701 = EDGE_CURVE ( 'NONE', #7047, #4757, #692, .T. ) ;
#2702 =( GEOMETRIC_REPRESENTATION_CONTEXT ( 3 ) GLOBAL_UNCERTAINTY_ASSIGNED_CONTEXT ( ( #6134 ) ) GLOBAL_UNIT_ASSIGNED_CONTEXT ( ( #4164, #6956, #4194 ) ) REPRESENTATION_CONTEXT ( 'NONE', 'WORKASPACE' ) );
#2703 = ORIENTED_EDGE ( 'NONE', *, *, #3466, .T. ) ;
#2704 = UNCERTAINTY_MEASURE_WITH_UNIT (LENGTH_MEASURE( 1.000000000000000082E-05 ), #5760, 'distance_accuracy_value', 'NONE');
#2705 =( GEOMETRIC_REPRESENTATION_CONTEXT ( 3 ) GLOBAL_UNCERTAINTY_ASSIGNED_CONTEXT ( ( #2835 ) ) GLOBAL_UNIT_ASSIGNED_CONTEXT ( ( #2653, #4282, #7028 ) ) REPRESENTATION_CONTEXT ( 'NONE', 'WORKASPACE' ) );
#2706 = CARTESIAN_POINT ( 'NONE',  ( 1.090000000000000080, 2.700000000000000178, 1.525000000000000133 ) ) ;
#2707 = CARTESIAN_POINT ( 'NONE',  ( 1.409999999999999920, 6.200000000000000178, 0.2999999999999999889 ) ) ;
#2708 = ORIENTED_EDGE ( 'NONE', *, *, #5125, .T. ) ;
#2709 = ORIENTED_EDGE ( 'NONE', *, *, #6266, .F. ) ;
#2710 = CARTESIAN_POINT ( 'NONE',  ( 2.750000000000000000, 2.000000000000000000, 3.200000000000000178 ) ) ;
#2711 = EDGE_CURVE ( 'NONE', #2198, #1904, #661, .T. ) ;
#2712 =( NAMED_UNIT ( * ) PLANE_ANGLE_UNIT ( ) SI_UNIT ( $, .RADIAN. ) );
#2713 = DIRECTION ( 'NONE',  ( 0.000000000000000000, 3.614007241618349954E-15, -1.000000000000000000 ) ) ;
#2714 =( LENGTH_UNIT ( ) NAMED_UNIT ( * ) SI_UNIT ( .MILLI., .METRE. ) );
#2715 = VECTOR ( 'NONE', #3178, 1000.000000000000000 ) ;
#2716 = FILL_AREA_STYLE ('',( #499 ) ) ;
#2717 = LINE ( 'NONE', #7089, #466 ) ;
#2718 = SURFACE_STYLE_USAGE ( .BOTH. , #1018 ) ;
#2719 = DIRECTION ( 'NONE',  ( 1.000000000000000000, 0.000000000000000000, 1.008560160451629879E-16 ) ) ;
#2720 =( LENGTH_UNIT ( ) NAMED_UNIT ( * ) SI_UNIT ( .MILLI., .METRE. ) );
#2721 = PLANE ( 'NONE',  #3032 ) ;
#2722 = CARTESIAN_POINT ( 'NONE',  ( 2.149999999999999911, 3.950000000000000178, 2.799999999999999822 ) ) ;
#2723 = ORIENTED_EDGE ( 'NONE', *, *, #5234, .F. ) ;
#2724 = DIRECTION ( 'NONE',  ( 0.000000000000000000, 0.000000000000000000, -1.000000000000000000 ) ) ;
#2725 = SURFACE_SIDE_STYLE ('',( #377 ) ) ;
#2726 = SURFACE_SIDE_STYLE ('',( #1502 ) ) ;
#2727 = PRESENTATION_STYLE_ASSIGNMENT (( #3750 ) ) ;
#2728 = CARTESIAN_POINT ( 'NONE',  ( 2.750000000000000000, 4.200000000000000178, 2.500000000000000000 ) ) ;
#2729 = DIRECTION ( 'NONE',  ( 0.000000000000000000, 5.421010862427510337E-16, -1.000000000000000000 ) ) ;
#2730 = VERTEX_POINT ( 'NONE', #2874 ) ;
#2731 = COLOUR_RGB ( '',0.7529411764705882248, 0.7529411764705882248, 0.7529411764705882248 ) ;
#2732 = ORIENTED_EDGE ( 'NONE', *, *, #815, .F. ) ;
#2733 = ORIENTED_EDGE ( 'NONE', *, *, #6729, .T. ) ;
#2734 = VECTOR ( 'NONE', #1956, 1000.000000000000000 ) ;
#2735 =( LENGTH_UNIT ( ) NAMED_UNIT ( * ) SI_UNIT ( .MILLI., .METRE. ) );
#2736 = DIRECTION ( 'NONE',  ( 1.000000000000000000, 0.000000000000000000, 0.000000000000000000 ) ) ;
#2737 = ORIENTED_EDGE ( 'NONE', *, *, #4525, .T. ) ;
#2738 = SURFACE_STYLE_FILL_AREA ( #1114 ) ;
#2739 = ORIENTED_EDGE ( 'NONE', *, *, #4866, .F. ) ;
#2740 = DIRECTION ( 'NONE',  ( 0.000000000000000000, 1.000000000000000000, 0.000000000000000000 ) ) ;
#2741 = EDGE_CURVE ( 'NONE', #1309, #1546, #1243, .T. ) ;
#2742 = DIRECTION ( 'NONE',  ( 0.000000000000000000, 1.000000000000000000, 0.000000000000000000 ) ) ;
#2743 = CARTESIAN_POINT ( 'NONE',  ( 2.550000000000000266, 2.000000000000000000, -0.2000000000000050071 ) ) ;
#2744 = FACE_OUTER_BOUND ( 'NONE', #6692, .T. ) ;
#2745 = CARTESIAN_POINT ( 'NONE',  ( -2.250000000000000000, 3.950000000000000178, 1.525000000000000133 ) ) ;
#2746 = COLOUR_RGB ( '',0.7529411764705882248, 0.7529411764705882248, 0.7529411764705882248 ) ;
#2747 = DIRECTION ( 'NONE',  ( 0.000000000000000000, 5.421010862427510337E-16, -1.000000000000000000 ) ) ;
#2748 = SURFACE_SIDE_STYLE ('',( #6084 ) ) ;
#2749 = SURFACE_STYLE_USAGE ( .BOTH. , #5983 ) ;
#2750 = VERTEX_POINT ( 'NONE', #5046 ) ;
#2751 = SURFACE_SIDE_STYLE ('',( #5442 ) ) ;
#2752 = LINE ( 'NONE', #2215, #1293 ) ;
#2753 = SURFACE_STYLE_USAGE ( .BOTH. , #4430 ) ;
#2754 = CARTESIAN_POINT ( 'NONE',  ( 1.409999999999999920, 5.599999999999999645, -0.2000000000000000111 ) ) ;
#2755 =( NAMED_UNIT ( * ) PLANE_ANGLE_UNIT ( ) SI_UNIT ( $, .RADIAN. ) );
#2756 = ORIENTED_EDGE ( 'NONE', *, *, #1244, .T. ) ;
#2757 = ORIENTED_EDGE ( 'NONE', *, *, #238, .F. ) ;
#2758 = ADVANCED_FACE ( 'NONE', ( #727 ), #5670, .T. ) ;
#2759 = VERTEX_POINT ( 'NONE', #2010 ) ;
#2760 = EDGE_CURVE ( 'NONE', #5784, #2700, #834, .T. ) ;
#2761 = ADVANCED_FACE ( 'NONE', ( #2505 ), #6479, .F. ) ;
#2762 = UNCERTAINTY_MEASURE_WITH_UNIT (LENGTH_MEASURE( 1.000000000000000082E-05 ), #5731, 'distance_accuracy_value', 'NONE');
#2763 = FACE_BOUND ( 'NONE', #1965, .T. ) ;
#2764 = FILL_AREA_STYLE_COLOUR ( '', #4549 ) ;
#2765 = ORIENTED_EDGE ( 'NONE', *, *, #3360, .F. ) ;
#2766 =( LENGTH_UNIT ( ) NAMED_UNIT ( * ) SI_UNIT ( .MILLI., .METRE. ) );
#2767 = ORIENTED_EDGE ( 'NONE', *, *, #2276, .F. ) ;
#2768 = PLANE ( 'NONE',  #2064 ) ;
#2769 = PLANE ( 'NONE',  #6103 ) ;
#2770 = COLOUR_RGB ( '',0.7529411764705882248, 0.7529411764705882248, 0.7529411764705882248 ) ;
#2771 = DIRECTION ( 'NONE',  ( 0.000000000000000000, 3.975407965780180295E-15, -1.000000000000000000 ) ) ;
#2772 = SURFACE_SIDE_STYLE ('',( #4914 ) ) ;
#2773 = PLANE ( 'NONE',  #6404 ) ;
#2774 = ADVANCED_FACE ( 'NONE', ( #946 ), #3141, .T. ) ;
#2775 = VERTEX_POINT ( 'NONE', #542 ) ;
#2776 = UNCERTAINTY_MEASURE_WITH_UNIT (LENGTH_MEASURE( 1.000000000000000082E-05 ), #1542, 'distance_accuracy_value', 'NONE');
#2777 =( GEOMETRIC_REPRESENTATION_CONTEXT ( 3 ) GLOBAL_UNCERTAINTY_ASSIGNED_CONTEXT ( ( #5135 ) ) GLOBAL_UNIT_ASSIGNED_CONTEXT ( ( #1590, #2169, #1627 ) ) REPRESENTATION_CONTEXT ( 'NONE', 'WORKASPACE' ) );
#2778 = PLANE ( 'NONE',  #2269 ) ;
#2779 =( GEOMETRIC_REPRESENTATION_CONTEXT ( 3 ) GLOBAL_UNCERTAINTY_ASSIGNED_CONTEXT ( ( #3186 ) ) GLOBAL_UNIT_ASSIGNED_CONTEXT ( ( #3655, #4294, #2603 ) ) REPRESENTATION_CONTEXT ( 'NONE', 'WORKASPACE' ) );
#2780 = MECHANICAL_DESIGN_GEOMETRIC_PRESENTATION_REPRESENTATION (  '', ( #6334 ), #706 ) ;
#2781 = DIRECTION ( 'NONE',  ( 0.000000000000000000, -5.421010862427520198E-16, 1.000000000000000000 ) ) ;
#2782 = LINE ( 'NONE', #7094, #264 ) ;
#2783 = PLANE ( 'NONE',  #3149 ) ;
#2784 = SURFACE_STYLE_USAGE ( .BOTH. , #5580 ) ;
#2785 = ORIENTED_EDGE ( 'NONE', *, *, #4693, .T. ) ;
#2786 = VECTOR ( 'NONE', #1400, 1000.000000000000000 ) ;
#2787 = LINE ( 'NONE', #6122, #2616 ) ;
#2788 = ORIENTED_EDGE ( 'NONE', *, *, #818, .F. ) ;
#2789 = CARTESIAN_POINT ( 'NONE',  ( 2.250000000000000000, 3.950000000000000178, 2.075000000000000178 ) ) ;
#2790 = AXIS2_PLACEMENT_3D ( 'NONE', #5692, #4632, #259 ) ;
#2791 = COLOUR_RGB ( '',1.000000000000000000, 1.000000000000000000, 0.7529411764705882248 ) ;
#2792 = EDGE_CURVE ( 'NONE', #1748, #3876, #2818, .T. ) ;
#2793 = SURFACE_STYLE_USAGE ( .BOTH. , #7071 ) ;
#2794 = DIRECTION ( 'NONE',  ( 0.000000000000000000, 1.000000000000000000, 0.000000000000000000 ) ) ;
#2795 = ORIENTED_EDGE ( 'NONE', *, *, #4476, .T. ) ;
#2796 = ORIENTED_EDGE ( 'NONE', *, *, #3838, .T. ) ;
#2797 = VECTOR ( 'NONE', #2366, 1000.000000000000000 ) ;
#2798 = AXIS2_PLACEMENT_3D ( 'NONE', #7087, #3778, #5426 ) ;
#2799 = VERTEX_POINT ( 'NONE', #4885 ) ;
#2800 = CARTESIAN_POINT ( 'NONE',  ( 2.750000000000000000, 1.000000000000000000, -8.673617379884039416E-16 ) ) ;
#2801 = CARTESIAN_POINT ( 'NONE',  ( 1.800000000000000044, 2.200000000000000178, 2.799999999999999822 ) ) ;
#2802 = VECTOR ( 'NONE', #3726, 1000.000000000000000 ) ;
#2803 = VERTEX_POINT ( 'NONE', #1019 ) ;
#2804 = SURFACE_STYLE_FILL_AREA ( #5092 ) ;
#2805 = ORIENTED_EDGE ( 'NONE', *, *, #6742, .F. ) ;
#2806 = FACE_OUTER_BOUND ( 'NONE', #4113, .T. ) ;
#2807 = PLANE ( 'NONE',  #4258 ) ;
#2808 = PRESENTATION_LAYER_ASSIGNMENT (  '', '', ( #1204 ) ) ;
#2809 = ADVANCED_FACE ( 'NONE', ( #5546 ), #10, .F. ) ;
#2810 = CARTESIAN_POINT ( 'NONE',  ( 4.450000000000000178, 4.200000000000000178, -0.2000000000000000111 ) ) ;
#2811 = LINE ( 'NONE', #5539, #3747 ) ;
#2812 =( NAMED_UNIT ( * ) PLANE_ANGLE_UNIT ( ) SI_UNIT ( $, .RADIAN. ) );
#2813 = LINE ( 'NONE', #40, #5024 ) ;
#2814 =( LENGTH_UNIT ( ) NAMED_UNIT ( * ) SI_UNIT ( .MILLI., .METRE. ) );
#2815 = DIRECTION ( 'NONE',  ( 1.000000000000000000, 0.000000000000000000, 0.000000000000000000 ) ) ;
#2816 = CARTESIAN_POINT ( 'NONE',  ( -1.090000000000000080, 6.000000000000000000, -0.2000000000000000111 ) ) ;
#2817 = EDGE_CURVE ( 'NONE', #6112, #5784, #2782, .T. ) ;
#2818 = LINE ( 'NONE', #2144, #6708 ) ;
#2819 = DIRECTION ( 'NONE',  ( 1.000000000000000000, 0.000000000000000000, 0.000000000000000000 ) ) ;
#2820 = DIRECTION ( 'NONE',  ( 1.734723475976810053E-15, 1.000000000000000000, 1.709941712034280011E-15 ) ) ;
#2821 =( LENGTH_UNIT ( ) NAMED_UNIT ( * ) SI_UNIT ( .MILLI., .METRE. ) );
#2822 = ORIENTED_EDGE ( 'NONE', *, *, #6079, .F. ) ;
#2823 = DIRECTION ( 'NONE',  ( 0.000000000000000000, 0.000000000000000000, 1.000000000000000000 ) ) ;
#2824 = VERTEX_POINT ( 'NONE', #5398 ) ;
#2825 =( NAMED_UNIT ( * ) PLANE_ANGLE_UNIT ( ) SI_UNIT ( $, .RADIAN. ) );
#2826 = DIRECTION ( 'NONE',  ( 0.000000000000000000, 0.000000000000000000, 1.000000000000000000 ) ) ;
#2827 = LINE ( 'NONE', #4433, #1681 ) ;
#2828 = EDGE_CURVE ( 'NONE', #4745, #2021, #3783, .T. ) ;
#2829 =( NAMED_UNIT ( * ) SI_UNIT ( $, .STERADIAN. ) SOLID_ANGLE_UNIT ( ) );
#2830 = CARTESIAN_POINT ( 'NONE',  ( -1.409999999999999920, 5.200000000000000178, 8.881784197001250351E-16 ) ) ;
#2831 = ORIENTED_EDGE ( 'NONE', *, *, #3829, .T. ) ;
#2832 = VERTEX_POINT ( 'NONE', #6017 ) ;
#2833 = CARTESIAN_POINT ( 'NONE',  ( 1.090000000000000080, 0.000000000000000000, 0.000000000000000000 ) ) ;
#2834 = COLOUR_RGB ( '',1.000000000000000000, 1.000000000000000000, 0.7529411764705882248 ) ;
#2835 = UNCERTAINTY_MEASURE_WITH_UNIT (LENGTH_MEASURE( 1.000000000000000082E-05 ), #2653, 'distance_accuracy_value', 'NONE');
#2836 = PRESENTATION_STYLE_ASSIGNMENT (( #4906 ) ) ;
#2837 = MECHANICAL_DESIGN_GEOMETRIC_PRESENTATION_REPRESENTATION (  '', ( #5128 ), #4204 ) ;
#2838 = ORIENTED_EDGE ( 'NONE', *, *, #2028, .T. ) ;
#2839 = EDGE_LOOP ( 'NONE', ( #207, #2476, #3049, #564 ) ) ;
#2840 = ORIENTED_EDGE ( 'NONE', *, *, #1489, .T. ) ;
#2841 = PLANE ( 'NONE',  #5600 ) ;
#2842 =( NAMED_UNIT ( * ) SI_UNIT ( $, .STERADIAN. ) SOLID_ANGLE_UNIT ( ) );
#2843 = STYLED_ITEM ( 'NONE', ( #1012 ), #4688 ) ;
#2844 = COLOUR_RGB ( '',0.7529411764705882248, 0.7529411764705882248, 0.7529411764705882248 ) ;
#2845 = VECTOR ( 'NONE', #6021, 1000.000000000000000 ) ;
#2846 = CARTESIAN_POINT ( 'NONE',  ( 4.450000000000000178, 2.000000000000000000, 0.05000000000000100198 ) ) ;
#2847 = MECHANICAL_DESIGN_GEOMETRIC_PRESENTATION_REPRESENTATION (  '', ( #3981 ), #883 ) ;
#2849 =( LENGTH_UNIT ( ) NAMED_UNIT ( * ) SI_UNIT ( .MILLI., .METRE. ) );
#2848 = COLOUR_RGB ( '',1.000000000000000000, 1.000000000000000000, 0.7529411764705882248 ) ;
#2850 = CARTESIAN_POINT ( 'NONE',  ( 1.800000000000000044, 2.600000000000000089, 3.000000000000000000 ) ) ;
#2851 = MECHANICAL_DESIGN_GEOMETRIC_PRESENTATION_REPRESENTATION (  '', ( #6517 ), #6056 ) ;
#2852 = SURFACE_SIDE_STYLE ('',( #6211 ) ) ;
#2853 = CARTESIAN_POINT ( 'NONE',  ( 0.1600000000000000033, 2.700000000000000178, 1.525000000000000133 ) ) ;
#2854 = CARTESIAN_POINT ( 'NONE',  ( -2.550000000000000266, 1.000000000000000000, -8.673617379884039416E-16 ) ) ;
#2855 = ORIENTED_EDGE ( 'NONE', *, *, #296, .T. ) ;
#2856 = SURFACE_STYLE_FILL_AREA ( #1779 ) ;
#2857 = UNCERTAINTY_MEASURE_WITH_UNIT (LENGTH_MEASURE( 1.000000000000000082E-05 ), #378, 'distance_accuracy_value', 'NONE');
#2858 = EDGE_CURVE ( 'NONE', #3687, #3918, #2251, .T. ) ;
#2859 = EDGE_CURVE ( 'NONE', #4716, #5697, #6044, .T. ) ;
#2860 = EDGE_CURVE ( 'NONE', #913, #4550, #468, .T. ) ;
#2861 =( GEOMETRIC_REPRESENTATION_CONTEXT ( 3 ) GLOBAL_UNCERTAINTY_ASSIGNED_CONTEXT ( ( #3476 ) ) GLOBAL_UNIT_ASSIGNED_CONTEXT ( ( #1261, #2313, #678 ) ) REPRESENTATION_CONTEXT ( 'NONE', 'WORKASPACE' ) );
#2862 =( GEOMETRIC_REPRESENTATION_CONTEXT ( 3 ) GLOBAL_UNCERTAINTY_ASSIGNED_CONTEXT ( ( #2636 ) ) GLOBAL_UNIT_ASSIGNED_CONTEXT ( ( #5949, #2107, #4280 ) ) REPRESENTATION_CONTEXT ( 'NONE', 'WORKASPACE' ) );
#2863 = LINE ( 'NONE', #4500, #6889 ) ;
#2864 = CARTESIAN_POINT ( 'NONE',  ( 1.800000000000000044, 2.000000000000000000, 2.799999999999999822 ) ) ;
#2865 =( LENGTH_UNIT ( ) NAMED_UNIT ( * ) SI_UNIT ( .MILLI., .METRE. ) );
#2866 = DIRECTION ( 'NONE',  ( 1.000000000000000000, 0.000000000000000000, 0.000000000000000000 ) ) ;
#2867 = VERTEX_POINT ( 'NONE', #6519 ) ;
#2868 = STYLED_ITEM ( 'NONE', ( #5449 ), #6597 ) ;
#2869 = LINE ( 'NONE', #3379, #6278 ) ;
#2870 = AXIS2_PLACEMENT_3D ( 'NONE', #2833, #6167, #589 ) ;
#2871 = EDGE_LOOP ( 'NONE', ( #2288, #3060, #6368, #55, #4122, #6834 ) ) ;
#2872 = CARTESIAN_POINT ( 'NONE',  ( -3.750000000000000000, 1.399999999999999911, 0.1000000000000000056 ) ) ;
#2873 = VECTOR ( 'NONE', #3828, 1000.000000000000000 ) ;
#2874 = CARTESIAN_POINT ( 'NONE',  ( -0.5500000000000000444, 2.449999999999999734, 0.4000000000000000222 ) ) ;
#2875 = DIRECTION ( 'NONE',  ( 1.000000000000000000, 0.000000000000000000, 0.000000000000000000 ) ) ;
#2876 = CARTESIAN_POINT ( 'NONE',  ( 4.450000000000000178, 2.000000000000000000, 0.05000000000000100198 ) ) ;
#2877 = ORIENTED_EDGE ( 'NONE', *, *, #6266, .T. ) ;
#2878 = ORIENTED_EDGE ( 'NONE', *, *, #1409, .F. ) ;
#2879 = LINE ( 'NONE', #138, #3777 ) ;
#2880 = EDGE_CURVE ( 'NONE', #6918, #2384, #1711, .T. ) ;
#2881 = APPLICATION_CONTEXT ( 'automotive_design' ) ;
#2882 = LINE ( 'NONE', #2195, #3684 ) ;
#2883 = ADVANCED_FACE ( 'NONE', ( #6082 ), #1160, .F. ) ;
#2884 = VERTEX_POINT ( 'NONE', #1850 ) ;
#2885 = LINE ( 'NONE', #6733, #1247 ) ;
#2886 = CARTESIAN_POINT ( 'NONE',  ( 0.1600000000000000033, 5.599999999999999645, -0.2000000000000000111 ) ) ;
#2887 = DIRECTION ( 'NONE',  ( 1.000000000000000000, 0.000000000000000000, 1.315779335540659886E-17 ) ) ;
#2888 = EDGE_CURVE ( 'NONE', #2228, #4262, #1782, .T. ) ;
#2889 = DIRECTION ( 'NONE',  ( 0.000000000000000000, 3.614007241618349954E-15, -1.000000000000000000 ) ) ;
#2890 = DIRECTION ( 'NONE',  ( 1.000000000000000000, 0.000000000000000000, 0.000000000000000000 ) ) ;
#2891 = DIRECTION ( 'NONE',  ( 0.000000000000000000, 1.000000000000000000, 0.000000000000000000 ) ) ;
#2892 = CARTESIAN_POINT ( 'NONE',  ( -2.750000000000000000, 2.000000000000000000, 2.799999999999999822 ) ) ;
#2893 = ORIENTED_EDGE ( 'NONE', *, *, #1628, .T. ) ;
#2894 =( NAMED_UNIT ( * ) PLANE_ANGLE_UNIT ( ) SI_UNIT ( $, .RADIAN. ) );
#2895 = VECTOR ( 'NONE', #3660, 1000.000000000000000 ) ;
#2896 =( NAMED_UNIT ( * ) PLANE_ANGLE_UNIT ( ) SI_UNIT ( $, .RADIAN. ) );
#2897 = FILL_AREA_STYLE_COLOUR ( '', #5910 ) ;
#2898 =( NAMED_UNIT ( * ) SI_UNIT ( $, .STERADIAN. ) SOLID_ANGLE_UNIT ( ) );
#2899 = ORIENTED_EDGE ( 'NONE', *, *, #7037, .T. ) ;
#2900 = EDGE_CURVE ( 'NONE', #1460, #6538, #2398, .T. ) ;
#2901 = ADVANCED_FACE ( 'NONE', ( #3516 ), #4562, .F. ) ;
#2902 = VECTOR ( 'NONE', #4340, 1000.000000000000000 ) ;
#2903 = VECTOR ( 'NONE', #1430, 1000.000000000000000 ) ;
#2904 = FILL_AREA_STYLE_COLOUR ( '', #2071 ) ;
#2905 = FILL_AREA_STYLE_COLOUR ( '', #6526 ) ;
#2906 = CARTESIAN_POINT ( 'NONE',  ( -2.550000000000000266, 4.200000000000000178, -0.2000000000000000111 ) ) ;
#2907 = MECHANICAL_DESIGN_GEOMETRIC_PRESENTATION_REPRESENTATION (  '', ( #1870 ), #6446 ) ;
#2908 = FACE_OUTER_BOUND ( 'NONE', #3498, .T. ) ;
#2909 = ADVANCED_FACE ( 'NONE', ( #6151 ), #1275, .T. ) ;
#2910 = EDGE_LOOP ( 'NONE', ( #5023, #2979, #1057, #3010, #5564, #4628, #2877, #6174, #5584, #2191, #2094, #3851, #6418 ) ) ;
#2911 = VECTOR ( 'NONE', #613, 1000.000000000000000 ) ;
#2912 = ORIENTED_EDGE ( 'NONE', *, *, #958, .F. ) ;
#2913 = LINE ( 'NONE', #5593, #338 ) ;
#2914 = EDGE_CURVE ( 'NONE', #11, #4078, #3135, .T. ) ;
#2915 = VECTOR ( 'NONE', #231, 1000.000000000000000 ) ;
#2916 = PRESENTATION_LAYER_ASSIGNMENT (  '', '', ( #6001 ) ) ;
#2917 = DIRECTION ( 'NONE',  ( 0.000000000000000000, 1.000000000000000000, 0.000000000000000000 ) ) ;
#2918 = ORIENTED_EDGE ( 'NONE', *, *, #2129, .T. ) ;
#2919 = COLOUR_RGB ( '',0.7529411764705882248, 0.7529411764705882248, 0.7529411764705882248 ) ;
#2920 = VECTOR ( 'NONE', #719, 1000.000000000000000 ) ;
#2921 = ORIENTED_EDGE ( 'NONE', *, *, #2817, .T. ) ;
#2922 = LINE ( 'NONE', #1298, #439 ) ;
#2923 = PRESENTATION_STYLE_ASSIGNMENT (( #4548 ) ) ;
#2924 = UNCERTAINTY_MEASURE_WITH_UNIT (LENGTH_MEASURE( 1.000000000000000082E-05 ), #6405, 'distance_accuracy_value', 'NONE');
#2925 =( GEOMETRIC_REPRESENTATION_CONTEXT ( 3 ) GLOBAL_UNCERTAINTY_ASSIGNED_CONTEXT ( ( #3315 ) ) GLOBAL_UNIT_ASSIGNED_CONTEXT ( ( #533, #568, #1 ) ) REPRESENTATION_CONTEXT ( 'NONE', 'WORKASPACE' ) );
#2926 = CARTESIAN_POINT ( 'NONE',  ( -4.349999999999999645, 2.100000000000000089, 0.05000000000000090483 ) ) ;
#2927 = FILL_AREA_STYLE ('',( #2320 ) ) ;
#2928 = DIRECTION ( 'NONE',  ( 0.000000000000000000, 1.807003620809169702E-16, -1.000000000000000000 ) ) ;
#2929 = CARTESIAN_POINT ( 'NONE',  ( 2.149999999999999911, 1.199999999999999956, 1.125000000000000000 ) ) ;
#2930 = SURFACE_STYLE_USAGE ( .BOTH. , #3951 ) ;
#2931 = ORIENTED_EDGE ( 'NONE', *, *, #6729, .F. ) ;
#2932 = VECTOR ( 'NONE', #271, 1000.000000000000000 ) ;
#2933 = UNCERTAINTY_MEASURE_WITH_UNIT (LENGTH_MEASURE( 1.000000000000000082E-05 ), #3048, 'distance_accuracy_value', 'NONE');
#2934 = PRESENTATION_STYLE_ASSIGNMENT (( #1314 ) ) ;
#2935 = CARTESIAN_POINT ( 'NONE',  ( 2.750000000000000000, 5.200000000000000178, 0.5999999999999999778 ) ) ;
#2936 = VECTOR ( 'NONE', #4108, 1000.000000000000000 ) ;
#2937 = DIRECTION ( 'NONE',  ( -1.000000000000000000, 0.000000000000000000, 0.000000000000000000 ) ) ;
#2938 = CARTESIAN_POINT ( 'NONE',  ( 1.409999999999999920, 5.100000000000000533, 1.525000000000000133 ) ) ;
#2939 = VERTEX_POINT ( 'NONE', #2073 ) ;
#2940 = CARTESIAN_POINT ( 'NONE',  ( -1.090000000000000080, 1.699999999999999956, 1.324999999999999956 ) ) ;
#2941 = EDGE_LOOP ( 'NONE', ( #1115, #4381, #3035, #2912, #3903, #2223 ) ) ;
#2942 = DIRECTION ( 'NONE',  ( -1.000000000000000000, 0.000000000000000000, 5.421010862427519089E-17 ) ) ;
#2943 = SURFACE_STYLE_USAGE ( .BOTH. , #1281 ) ;
#2944 = CARTESIAN_POINT ( 'NONE',  ( 1.409999999999999920, 2.399999999999999911, 0.7750000000000000222 ) ) ;
#2945 = FILL_AREA_STYLE_COLOUR ( '', #5889 ) ;
#2946 = LINE ( 'NONE', #5671, #6589 ) ;
#2947 = PLANE ( 'NONE',  #2285 ) ;
#2948 = ORIENTED_EDGE ( 'NONE', *, *, #3365, .T. ) ;
#2949 = ORIENTED_EDGE ( 'NONE', *, *, #1614, .T. ) ;
#2950 = AXIS2_PLACEMENT_3D ( 'NONE', #931, #6400, #2570 ) ;
#2951 = CARTESIAN_POINT ( 'NONE',  ( 2.149999999999999911, 2.200000000000000178, 2.799999999999999822 ) ) ;
#2952 = ORIENTED_EDGE ( 'NONE', *, *, #210, .T. ) ;
#2953 = VERTEX_POINT ( 'NONE', #2496 ) ;
#2954 = COLOUR_RGB ( '',0.7529411764705882248, 0.7529411764705882248, 0.7529411764705882248 ) ;
#2955 = LINE ( 'NONE', #2810, #3920 ) ;
#2956 = SURFACE_SIDE_STYLE ('',( #4552 ) ) ;
#2957 = LINE ( 'NONE', #115, #379 ) ;
#2958 = FILL_AREA_STYLE_COLOUR ( '', #4319 ) ;
#2959 = PRESENTATION_LAYER_ASSIGNMENT (  '', '', ( #6158 ) ) ;
#2960 = SURFACE_STYLE_USAGE ( .BOTH. , #3473 ) ;
#2961 = ORIENTED_EDGE ( 'NONE', *, *, #5443, .F. ) ;
#2962 =( NAMED_UNIT ( * ) SI_UNIT ( $, .STERADIAN. ) SOLID_ANGLE_UNIT ( ) );
#2963 = ADVANCED_FACE ( 'NONE', ( #4669 ), #6436, .F. ) ;
#2964 =( GEOMETRIC_REPRESENTATION_CONTEXT ( 3 ) GLOBAL_UNCERTAINTY_ASSIGNED_CONTEXT ( ( #5050 ) ) GLOBAL_UNIT_ASSIGNED_CONTEXT ( ( #813, #4088, #1344 ) ) REPRESENTATION_CONTEXT ( 'NONE', 'WORKASPACE' ) );
#2965 = SURFACE_STYLE_USAGE ( .BOTH. , #123 ) ;
#2966 =( LENGTH_UNIT ( ) NAMED_UNIT ( * ) SI_UNIT ( .MILLI., .METRE. ) );
#2967 = CARTESIAN_POINT ( 'NONE',  ( 0.1600000000000000033, 6.200000000000000178, 7.216449660063520471E-16 ) ) ;
#2968 =( LENGTH_UNIT ( ) NAMED_UNIT ( * ) SI_UNIT ( .MILLI., .METRE. ) );
#2969 = ORIENTED_EDGE ( 'NONE', *, *, #2578, .T. ) ;
#2970 = LINE ( 'NONE', #5154, #312 ) ;
#2971 = CARTESIAN_POINT ( 'NONE',  ( 1.409999999999999920, 5.400000000000000355, 7.589415207398530052E-16 ) ) ;
#2972 = VECTOR ( 'NONE', #1450, 1000.000000000000000 ) ;
#2973 = DIRECTION ( 'NONE',  ( 0.000000000000000000, -1.000000000000000000, 0.000000000000000000 ) ) ;
#2974 = SURFACE_STYLE_FILL_AREA ( #3895 ) ;
#2975 = DIRECTION ( 'NONE',  ( 0.000000000000000000, -1.000000000000000000, 0.000000000000000000 ) ) ;
#2976 = DIRECTION ( 'NONE',  ( -1.000000000000000000, 0.000000000000000000, 0.000000000000000000 ) ) ;
#2977 = VECTOR ( 'NONE', #5863, 1000.000000000000000 ) ;
#2978 =( NAMED_UNIT ( * ) PLANE_ANGLE_UNIT ( ) SI_UNIT ( $, .RADIAN. ) );
#2979 = ORIENTED_EDGE ( 'NONE', *, *, #2470, .T. ) ;
#2980 = FILL_AREA_STYLE_COLOUR ( '', #156 ) ;
#2981 =( GEOMETRIC_REPRESENTATION_CONTEXT ( 3 ) GLOBAL_UNCERTAINTY_ASSIGNED_CONTEXT ( ( #6590 ) ) GLOBAL_UNIT_ASSIGNED_CONTEXT ( ( #3310, #95, #7107 ) ) REPRESENTATION_CONTEXT ( 'NONE', 'WORKASPACE' ) );
#2982 = ORIENTED_EDGE ( 'NONE', *, *, #2608, .T. ) ;
#2983 = ORIENTED_EDGE ( 'NONE', *, *, #4158, .T. ) ;
#2984 = DIRECTION ( 'NONE',  ( 0.000000000000000000, -5.421010862427520198E-16, 1.000000000000000000 ) ) ;
#2985 = ADVANCED_FACE ( 'NONE', ( #433 ), #3057, .F. ) ;
#2986 = EDGE_CURVE ( 'NONE', #6792, #1236, #2001, .T. ) ;
#2987 = UNCERTAINTY_MEASURE_WITH_UNIT (LENGTH_MEASURE( 1.000000000000000082E-05 ), #1906, 'distance_accuracy_value', 'NONE');
#2988 = SURFACE_SIDE_STYLE ('',( #5791 ) ) ;
#2989 = CARTESIAN_POINT ( 'NONE',  ( 1.800000000000000044, 2.600000000000000089, 2.799999999999999822 ) ) ;
#2990 = EDGE_CURVE ( 'NONE', #3249, #6094, #4098, .T. ) ;
#2991 = LINE ( 'NONE', #2853, #5595 ) ;
#2992 = PRESENTATION_STYLE_ASSIGNMENT (( #157 ) ) ;
#2993 =( NAMED_UNIT ( * ) SI_UNIT ( $, .STERADIAN. ) SOLID_ANGLE_UNIT ( ) );
#2994 = ADVANCED_FACE ( 'NONE', ( #5209 ), #4170, .F. ) ;
#2995 = PRESENTATION_STYLE_ASSIGNMENT (( #1923 ) ) ;
#2996 = LINE ( 'NONE', #4503, #30 ) ;
#2997 = VERTEX_POINT ( 'NONE', #2172 ) ;
#2998 = DIRECTION ( 'NONE',  ( 0.000000000000000000, 1.000000000000000000, 0.000000000000000000 ) ) ;
#2999 = LINE ( 'NONE', #6824, #6935 ) ;
#3000 = CARTESIAN_POINT ( 'NONE',  ( 2.750000000000000000, 2.000000000000000000, 2.799999999999999822 ) ) ;
#3001 = PRESENTATION_STYLE_ASSIGNMENT (( #5704 ) ) ;
#3002 = LINE ( 'NONE', #1730, #6279 ) ;
#3003 = ORIENTED_EDGE ( 'NONE', *, *, #4824, .T. ) ;
#3004 = VECTOR ( 'NONE', #5102, 1000.000000000000000 ) ;
#3005 = ADVANCED_FACE ( 'NONE', ( #4343 ), #566, .F. ) ;
#3006 = COLOUR_RGB ( '',1.000000000000000000, 1.000000000000000000, 0.7529411764705882248 ) ;
#3007 = AXIS2_PLACEMENT_3D ( 'NONE', #4487, #5643, #5716 ) ;
#3008 = CARTESIAN_POINT ( 'NONE',  ( 2.250000000000000000, 1.133333333333329973, 1.975000000000000089 ) ) ;
#3009 = ORIENTED_EDGE ( 'NONE', *, *, #6730, .T. ) ;
#3010 = ORIENTED_EDGE ( 'NONE', *, *, #5635, .T. ) ;
#3011 = CARTESIAN_POINT ( 'NONE',  ( -2.149999999999999023, 1.199999999999997069, 2.016421356237309670 ) ) ;
#3012 = VECTOR ( 'NONE', #6722, 1000.000000000000000 ) ;
#3013 = COLOUR_RGB ( '',0.7529411764705882248, 0.7529411764705882248, 0.7529411764705882248 ) ;
#3014 = VECTOR ( 'NONE', #1315, 1000.000000000000000 ) ;
#3015 = STYLED_ITEM ( 'NONE', ( #4959 ), #3629 ) ;
#3016 = DIRECTION ( 'NONE',  ( 0.000000000000000000, 0.000000000000000000, 1.000000000000000000 ) ) ;
#3017 = SURFACE_STYLE_USAGE ( .BOTH. , #3582 ) ;
#3018 = DIRECTION ( 'NONE',  ( 0.000000000000000000, -1.000000000000000000, 0.000000000000000000 ) ) ;
#3019 = CARTESIAN_POINT ( 'NONE',  ( 3.287712434446770082, 4.200000000000000178, 0.1000000000000000056 ) ) ;
#3020 = ORIENTED_EDGE ( 'NONE', *, *, #4580, .T. ) ;
#3021 = CARTESIAN_POINT ( 'NONE',  ( 2.750000000000000000, 1.000000000000000000, -8.673617379884039416E-16 ) ) ;
#3022 = DIRECTION ( 'NONE',  ( -0.2584969837962370343, 0.000000000000000000, 0.9660120648150560818 ) ) ;
#3023 = VECTOR ( 'NONE', #1775, 1000.000000000000000 ) ;
#3024 = CARTESIAN_POINT ( 'NONE',  ( 4.250000000000000000, 1.399999999999999911, 0.5999999999999999778 ) ) ;
#3025 =( NAMED_UNIT ( * ) PLANE_ANGLE_UNIT ( ) SI_UNIT ( $, .RADIAN. ) );
#3026 = ORIENTED_EDGE ( 'NONE', *, *, #2028, .F. ) ;
#3027 =( GEOMETRIC_REPRESENTATION_CONTEXT ( 3 ) GLOBAL_UNCERTAINTY_ASSIGNED_CONTEXT ( ( #4905 ) ) GLOBAL_UNIT_ASSIGNED_CONTEXT ( ( #4801, #4334, #1078 ) ) REPRESENTATION_CONTEXT ( 'NONE', 'WORKASPACE' ) );
#3028 = EDGE_LOOP ( 'NONE', ( #5783, #1474, #2765, #351, #5502, #3837, #167 ) ) ;
#3029 = PLANE ( 'NONE',  #6335 ) ;
#3030 = CARTESIAN_POINT ( 'NONE',  ( -0.1600000000000000033, 5.599999999999999645, -0.2000000000000000111 ) ) ;
#3031 = CARTESIAN_POINT ( 'NONE',  ( 2.149999999999999911, 3.950000000000000178, 0.4000000000000000222 ) ) ;
#3032 = AXIS2_PLACEMENT_3D ( 'NONE', #2864, #2819, #1744 ) ;
#3033 =( NAMED_UNIT ( * ) SI_UNIT ( $, .STERADIAN. ) SOLID_ANGLE_UNIT ( ) );
#3034 = SURFACE_STYLE_FILL_AREA ( #6971 ) ;
#3035 = ORIENTED_EDGE ( 'NONE', *, *, #4160, .F. ) ;
#3036 = PLANE ( 'NONE',  #4836 ) ;
#3037 = LINE ( 'NONE', #2547, #6645 ) ;
#3038 = EDGE_CURVE ( 'NONE', #5166, #3840, #1011, .T. ) ;
#3039 = CARTESIAN_POINT ( 'NONE',  ( -1.090000000000000080, 1.699999999999999956, 0.9250000000000000444 ) ) ;
#3040 = ORIENTED_EDGE ( 'NONE', *, *, #4566, .F. ) ;
#3041 = EDGE_LOOP ( 'NONE', ( #3927, #6053, #5853, #2767, #2441, #5266 ) ) ;
#3042 = DIRECTION ( 'NONE',  ( 0.000000000000000000, 1.000000000000000000, 0.000000000000000000 ) ) ;
#3043 = UNCERTAINTY_MEASURE_WITH_UNIT (LENGTH_MEASURE( 1.000000000000000082E-05 ), #2550, 'distance_accuracy_value', 'NONE');
#3044 = VECTOR ( 'NONE', #1919, 1000.000000000000000 ) ;
#3045 =( NAMED_UNIT ( * ) SI_UNIT ( $, .STERADIAN. ) SOLID_ANGLE_UNIT ( ) );
#3046 = SURFACE_STYLE_USAGE ( .BOTH. , #6355 ) ;
#3047 = DIRECTION ( 'NONE',  ( 1.000000000000000000, 7.228014483236700500E-16, 1.008560160451629879E-16 ) ) ;
#3048 =( LENGTH_UNIT ( ) NAMED_UNIT ( * ) SI_UNIT ( .MILLI., .METRE. ) );
#3049 = ORIENTED_EDGE ( 'NONE', *, *, #5391, .F. ) ;
#3050 =( LENGTH_UNIT ( ) NAMED_UNIT ( * ) SI_UNIT ( .MILLI., .METRE. ) );
#3051 = DIRECTION ( 'NONE',  ( 0.000000000000000000, 1.000000000000000000, 3.419883424068560022E-16 ) ) ;
#3052 = STYLED_ITEM ( 'NONE', ( #4206 ), #5300 ) ;
#3053 = ORIENTED_EDGE ( 'NONE', *, *, #3952, .T. ) ;
#3054 = FACE_OUTER_BOUND ( 'NONE', #6635, .T. ) ;
#3055 = UNCERTAINTY_MEASURE_WITH_UNIT (LENGTH_MEASURE( 1.000000000000000082E-05 ), #3050, 'distance_accuracy_value', 'NONE');
#3056 =( LENGTH_UNIT ( ) NAMED_UNIT ( * ) SI_UNIT ( .MILLI., .METRE. ) );
#3057 = PLANE ( 'NONE',  #1889 ) ;
#3058 = DIRECTION ( 'NONE',  ( 2.032879073410324758E-16, 0.000000000000000000, -1.000000000000000000 ) ) ;
#3059 = DIRECTION ( 'NONE',  ( -1.000000000000000000, 0.000000000000000000, 6.776263578034390387E-17 ) ) ;
#3060 = ORIENTED_EDGE ( 'NONE', *, *, #523, .F. ) ;
#3061 = DIRECTION ( 'NONE',  ( 0.000000000000000000, 1.000000000000000000, 0.000000000000000000 ) ) ;
#3062 = EDGE_CURVE ( 'NONE', #1332, #544, #3261, .T. ) ;
#3063 = CARTESIAN_POINT ( 'NONE',  ( 2.449999999999999734, 3.950000000000000178, 2.024999999999999911 ) ) ;
#3064 = ADVANCED_FACE ( 'NONE', ( #5394 ), #2769, .T. ) ;
#3065 = MECHANICAL_DESIGN_GEOMETRIC_PRESENTATION_REPRESENTATION (  '', ( #1001 ), #6165 ) ;
#3066 = CARTESIAN_POINT ( 'NONE',  ( 1.409999999999999920, 5.899999999999999467, 0.2999999999999999889 ) ) ;
#3067 = SURFACE_STYLE_FILL_AREA ( #833 ) ;
#3068 = VECTOR ( 'NONE', #1816, 1000.000000000000000 ) ;
#3069 = CARTESIAN_POINT ( 'NONE',  ( -0.1499999999999999944, 2.449999999999999734, -8.673617379884039416E-16 ) ) ;
#3070 = DIRECTION ( 'NONE',  ( 1.000000000000000000, 0.000000000000000000, 0.000000000000000000 ) ) ;
#3071 = ORIENTED_EDGE ( 'NONE', *, *, #3945, .F. ) ;
#3072 = PRESENTATION_LAYER_ASSIGNMENT (  '', '', ( #2634 ) ) ;
#3073 = SURFACE_STYLE_FILL_AREA ( #5777 ) ;
#3074 = AXIS2_PLACEMENT_3D ( 'NONE', #5499, #1121, #6012 ) ;
#3075 = CARTESIAN_POINT ( 'NONE',  ( -4.450000000000000178, 4.200000000000000178, 0.05000000000000090483 ) ) ;
#3076 = VECTOR ( 'NONE', #6204, 1000.000000000000000 ) ;
#3077 = VECTOR ( 'NONE', #3771, 1000.000000000000000 ) ;
#3078 = CIRCLE ( 'NONE', #3185, 0.4499999999999999001 ) ;
#3079 = SURFACE_STYLE_FILL_AREA ( #3610 ) ;
#3080 = EDGE_LOOP ( 'NONE', ( #2739, #3330, #2602, #2491, #6502, #6362 ) ) ;
#3081 = ORIENTED_EDGE ( 'NONE', *, *, #1813, .F. ) ;
#3082 = ADVANCED_FACE ( 'NONE', ( #2420 ), #5568, .F. ) ;
#3083 = DIRECTION ( 'NONE',  ( 0.000000000000000000, 1.000000000000000000, 0.000000000000000000 ) ) ;
#3084 = EDGE_CURVE ( 'NONE', #4195, #6071, #6801, .T. ) ;
#3085 = AXIS2_PLACEMENT_3D ( 'NONE', #4289, #2695, #1060 ) ;
#3086 = PRESENTATION_LAYER_ASSIGNMENT (  '', '', ( #553 ) ) ;
#3087 = EDGE_CURVE ( 'NONE', #2228, #6087, #5056, .T. ) ;
#3088 = SURFACE_STYLE_USAGE ( .BOTH. , #2561 ) ;
#3089 = VECTOR ( 'NONE', #2826, 1000.000000000000000 ) ;
#3090 = DIRECTION ( 'NONE',  ( 0.000000000000000000, 0.000000000000000000, -1.000000000000000000 ) ) ;
#3091 = DIRECTION ( 'NONE',  ( 0.000000000000000000, 0.000000000000000000, -1.000000000000000000 ) ) ;
#3092 = FACE_OUTER_BOUND ( 'NONE', #4166, .T. ) ;
#3093 = ORIENTED_EDGE ( 'NONE', *, *, #4144, .T. ) ;
#3094 = DIRECTION ( 'NONE',  ( -1.000000000000000000, 0.000000000000000000, 0.000000000000000000 ) ) ;
#3095 = DIRECTION ( 'NONE',  ( -1.000000000000000000, 0.000000000000000000, 6.776263578034390387E-17 ) ) ;
#3096 = EDGE_CURVE ( 'NONE', #555, #1372, #4520, .T. ) ;
#3097 = FILL_AREA_STYLE ('',( #1424 ) ) ;
#3098 = PLANE ( 'NONE',  #3140 ) ;
#3099 = FILL_AREA_STYLE_COLOUR ( '', #6150 ) ;
#3100 = ORIENTED_EDGE ( 'NONE', *, *, #619, .T. ) ;
#3101 = DIRECTION ( 'NONE',  ( 0.000000000000000000, -0.9805806756909203337, -0.1961161351381830731 ) ) ;
#3102 = ORIENTED_EDGE ( 'NONE', *, *, #2238, .T. ) ;
#3103 = SURFACE_STYLE_USAGE ( .BOTH. , #5397 ) ;
#3104 = FILL_AREA_STYLE_COLOUR ( '', #2060 ) ;
#3105 = DIRECTION ( 'NONE',  ( -1.315779335540659886E-17, 0.000000000000000000, 1.000000000000000000 ) ) ;
#3106 =( NAMED_UNIT ( * ) PLANE_ANGLE_UNIT ( ) SI_UNIT ( $, .RADIAN. ) );
#3107 = EDGE_CURVE ( 'NONE', #58, #3539, #4985, .T. ) ;
#3108 = DIRECTION ( 'NONE',  ( 0.000000000000000000, 1.000000000000000000, 0.000000000000000000 ) ) ;
#3109 = ORIENTED_EDGE ( 'NONE', *, *, #208, .T. ) ;
#3110 = DIRECTION ( 'NONE',  ( 0.000000000000000000, 0.9778024140774096429, -0.2095290887308729200 ) ) ;
#3111 =( NAMED_UNIT ( * ) SI_UNIT ( $, .STERADIAN. ) SOLID_ANGLE_UNIT ( ) );
#3112 = EDGE_CURVE ( 'NONE', #2277, #6173, #6775, .T. ) ;
#3113 = CARTESIAN_POINT ( 'NONE',  ( 2.550000000000000266, 5.200000000000000178, -0.2000000000000000111 ) ) ;
#3114 = CIRCLE ( 'NONE', #3913, 0.09999999999999982514 ) ;
#3115 = ORIENTED_EDGE ( 'NONE', *, *, #5642, .F. ) ;
#3116 = ORIENTED_EDGE ( 'NONE', *, *, #5764, .T. ) ;
#3117 = VECTOR ( 'NONE', #5054, 1000.000000000000000 ) ;
#3118 =( GEOMETRIC_REPRESENTATION_CONTEXT ( 3 ) GLOBAL_UNCERTAINTY_ASSIGNED_CONTEXT ( ( #4329 ) ) GLOBAL_UNIT_ASSIGNED_CONTEXT ( ( #3947, #5685, #6247 ) ) REPRESENTATION_CONTEXT ( 'NONE', 'WORKASPACE' ) );
#3119 = VECTOR ( 'NONE', #4141, 1000.000000000000000 ) ;
#3120 = UNCERTAINTY_MEASURE_WITH_UNIT (LENGTH_MEASURE( 1.000000000000000082E-05 ), #2246, 'distance_accuracy_value', 'NONE');
#3121 = EDGE_CURVE ( 'NONE', #2167, #3209, #5999, .T. ) ;
#3122 = ORIENTED_EDGE ( 'NONE', *, *, #5589, .T. ) ;
#3123 = PRODUCT_RELATED_PRODUCT_CATEGORY ( 'part', '', ( #4759 ) ) ;
#3124 = CARTESIAN_POINT ( 'NONE',  ( 1.800000000000000044, 2.200000000000000178, 2.799999999999999822 ) ) ;
#3125 =( GEOMETRIC_REPRESENTATION_CONTEXT ( 3 ) GLOBAL_UNCERTAINTY_ASSIGNED_CONTEXT ( ( #672 ) ) GLOBAL_UNIT_ASSIGNED_CONTEXT ( ( #5859, #5312, #4229 ) ) REPRESENTATION_CONTEXT ( 'NONE', 'WORKASPACE' ) );
#3126 = FACE_OUTER_BOUND ( 'NONE', #25, .T. ) ;
#3127 = VECTOR ( 'NONE', #5114, 1000.000000000000114 ) ;
#3128 = ORIENTED_EDGE ( 'NONE', *, *, #3189, .T. ) ;
#3129 = CARTESIAN_POINT ( 'NONE',  ( -2.750000000000000000, 1.000000000000000000, 2.799999999999999822 ) ) ;
#3130 = CARTESIAN_POINT ( 'NONE',  ( 1.090000000000000080, 6.200000000000000178, 0.2999999999999999889 ) ) ;
#3131 = CARTESIAN_POINT ( 'NONE',  ( 1.409999999999999920, 1.699999999999999956, 0.9250000000000000444 ) ) ;
#3132 = DIRECTION ( 'NONE',  ( 0.000000000000000000, 0.000000000000000000, 1.000000000000000000 ) ) ;
#3133 = VECTOR ( 'NONE', #4003, 1000.000000000000000 ) ;
#3134 = MECHANICAL_DESIGN_GEOMETRIC_PRESENTATION_REPRESENTATION (  '', ( #3577 ), #485 ) ;
#3135 = LINE ( 'NONE', #5280, #6008 ) ;
#3136 = PLANE ( 'NONE',  #2245 ) ;
#3137 = AXIS2_PLACEMENT_3D ( 'NONE', #3600, #4244, #4179 ) ;
#3138 = CARTESIAN_POINT ( 'NONE',  ( 3.419999999999999929, 2.000000000000000000, 0.05000000000000109912 ) ) ;
#3139 = LINE ( 'NONE', #2104, #2911 ) ;
#3140 = AXIS2_PLACEMENT_3D ( 'NONE', #1666, #4414, #6621 ) ;
#3141 = PLANE ( 'NONE',  #1530 ) ;
#3142 = VECTOR ( 'NONE', #232, 1000.000000000000000 ) ;
#3143 = DIRECTION ( 'NONE',  ( 0.000000000000000000, 0.000000000000000000, -1.000000000000000000 ) ) ;
#3144 = DIRECTION ( 'NONE',  ( 0.000000000000000000, -1.000000000000000000, -1.807003620809169702E-16 ) ) ;
#3145 = ORIENTED_EDGE ( 'NONE', *, *, #1336, .T. ) ;
#3146 = PRESENTATION_LAYER_ASSIGNMENT (  '', '', ( #5324 ) ) ;
#3147 =( LENGTH_UNIT ( ) NAMED_UNIT ( * ) SI_UNIT ( .MILLI., .METRE. ) );
#3148 = SURFACE_STYLE_USAGE ( .BOTH. , #477 ) ;
#3149 = AXIS2_PLACEMENT_3D ( 'NONE', #5507, #2145, #2688 ) ;
#3150 = CARTESIAN_POINT ( 'NONE',  ( 1.090000000000000080, 5.200000000000000178, 1.175000000000000044 ) ) ;
#3151 = CARTESIAN_POINT ( 'NONE',  ( 0.1600000000000000033, 6.200000000000000178, 7.318364664277149999E-16 ) ) ;
#3152 = ORIENTED_EDGE ( 'NONE', *, *, #1061, .F. ) ;
#3153 = ORIENTED_EDGE ( 'NONE', *, *, #4250, .F. ) ;
#3154 = EDGE_CURVE ( 'NONE', #5340, #5638, #2955, .T. ) ;
#3155 = ORIENTED_EDGE ( 'NONE', *, *, #2661, .T. ) ;
#3156 = STYLED_ITEM ( 'NONE', ( #1961 ), #1578 ) ;
#3157 =( LENGTH_UNIT ( ) NAMED_UNIT ( * ) SI_UNIT ( .MILLI., .METRE. ) );
#3158 = PRESENTATION_STYLE_ASSIGNMENT (( #3017 ) ) ;
#3159 = ORIENTED_EDGE ( 'NONE', *, *, #2434, .F. ) ;
#3160 =( NAMED_UNIT ( * ) PLANE_ANGLE_UNIT ( ) SI_UNIT ( $, .RADIAN. ) );
#3161 = CARTESIAN_POINT ( 'NONE',  ( 2.149999999999999911, 3.950000000000000178, 2.799999999999999822 ) ) ;
#3162 = VECTOR ( 'NONE', #2248, 1000.000000000000000 ) ;
#3163 = DIRECTION ( 'NONE',  ( 0.000000000000000000, -1.000000000000000000, 0.000000000000000000 ) ) ;
#3164 = FILL_AREA_STYLE_COLOUR ( '', #714 ) ;
#3165 = DIRECTION ( 'NONE',  ( 0.000000000000000000, 0.7071067811865480168, 0.7071067811865470176 ) ) ;
#3166 = EDGE_CURVE ( 'NONE', #840, #1994, #69, .T. ) ;
#3167 = CARTESIAN_POINT ( 'NONE',  ( 1.090000000000000080, 5.100000000000000533, 1.525000000000000133 ) ) ;
#3168 = EDGE_CURVE ( 'NONE', #906, #5457, #4456, .T. ) ;
#3169 =( NAMED_UNIT ( * ) SI_UNIT ( $, .STERADIAN. ) SOLID_ANGLE_UNIT ( ) );
#3170 = MECHANICAL_DESIGN_GEOMETRIC_PRESENTATION_REPRESENTATION (  '', ( #3052 ), #991 ) ;
#3171 = CARTESIAN_POINT ( 'NONE',  ( 2.550000000000000266, 5.200000000000000178, 7.702172233337019555E-16 ) ) ;
#3172 = DIRECTION ( 'NONE',  ( -1.000000000000000000, 0.000000000000000000, 0.000000000000000000 ) ) ;
#3173 = CARTESIAN_POINT ( 'NONE',  ( -4.250000000000000000, 1.399999999999999911, 1.800000000000000044 ) ) ;
#3174 = ORIENTED_EDGE ( 'NONE', *, *, #2990, .F. ) ;
#3175 = CARTESIAN_POINT ( 'NONE',  ( -1.090000000000000080, 5.400000000000000355, 7.771561172376099727E-16 ) ) ;
#3176 = COLOUR_RGB ( '',1.000000000000000000, 1.000000000000000000, 0.7529411764705882248 ) ;
#3177 = DIRECTION ( 'NONE',  ( -7.131597286899421561E-17, 0.7071067811865470176, 0.7071067811865480168 ) ) ;
#3178 = DIRECTION ( 'NONE',  ( 1.000000000000000000, 0.000000000000000000, 1.008560160451629879E-16 ) ) ;
#3179 = MECHANICAL_DESIGN_GEOMETRIC_PRESENTATION_REPRESENTATION (  '', ( #5944 ), #6260 ) ;
#3180 = AXIS2_PLACEMENT_3D ( 'NONE', #2605, #1510, #4037 ) ;
#3181 = ORIENTED_EDGE ( 'NONE', *, *, #7010, .T. ) ;
#3182 = ORIENTED_EDGE ( 'NONE', *, *, #2211, .T. ) ;
#3183 =( GEOMETRIC_REPRESENTATION_CONTEXT ( 3 ) GLOBAL_UNCERTAINTY_ASSIGNED_CONTEXT ( ( #1125 ) ) GLOBAL_UNIT_ASSIGNED_CONTEXT ( ( #1868, #2478, #346 ) ) REPRESENTATION_CONTEXT ( 'NONE', 'WORKASPACE' ) );
#3184 = VECTOR ( 'NONE', #5465, 1000.000000000000000 ) ;
#3185 = AXIS2_PLACEMENT_3D ( 'NONE', #1823, #3447, #4001 ) ;
#3186 = UNCERTAINTY_MEASURE_WITH_UNIT (LENGTH_MEASURE( 1.000000000000000082E-05 ), #3655, 'distance_accuracy_value', 'NONE');
#3187 = EDGE_LOOP ( 'NONE', ( #3757, #1337, #5152, #6316 ) ) ;
#3188 = FACE_OUTER_BOUND ( 'NONE', #5639, .T. ) ;
#3189 = EDGE_CURVE ( 'NONE', #1798, #1372, #6663, .T. ) ;
#3190 = SURFACE_STYLE_USAGE ( .BOTH. , #2669 ) ;
#3191 = EDGE_CURVE ( 'NONE', #6041, #6754, #641, .T. ) ;
#3192 = STYLED_ITEM ( 'NONE', ( #4978 ), #5749 ) ;
#3193 = ORIENTED_EDGE ( 'NONE', *, *, #6876, .F. ) ;
#3194 = DIRECTION ( 'NONE',  ( 0.000000000000000000, 1.000000000000000000, 0.000000000000000000 ) ) ;
#3195 = CARTESIAN_POINT ( 'NONE',  ( -2.050000000000000266, 1.000000000000000000, -0.2000000000000060063 ) ) ;
#3196 = CARTESIAN_POINT ( 'NONE',  ( 1.409999999999999920, 5.200000000000000178, 8.881784197001250351E-16 ) ) ;
#3197 = VECTOR ( 'NONE', #5881, 1000.000000000000000 ) ;
#3198 = MECHANICAL_DESIGN_GEOMETRIC_PRESENTATION_REPRESENTATION (  '', ( #214 ), #4336 ) ;
#3199 = EDGE_CURVE ( 'NONE', #2121, #618, #1955, .T. ) ;
#3200 = SURFACE_SIDE_STYLE ('',( #606 ) ) ;
#3201 = CARTESIAN_POINT ( 'NONE',  ( 2.550000000000000266, 5.200000000000000178, 7.702172233337019555E-16 ) ) ;
#3202 =( NAMED_UNIT ( * ) PLANE_ANGLE_UNIT ( ) SI_UNIT ( $, .RADIAN. ) );
#3203 =( NAMED_UNIT ( * ) SI_UNIT ( $, .STERADIAN. ) SOLID_ANGLE_UNIT ( ) );
#3204 = CARTESIAN_POINT ( 'NONE',  ( -1.090000000000000080, 5.400000000000000355, 7.589415207398530052E-16 ) ) ;
#3205 = SURFACE_STYLE_FILL_AREA ( #982 ) ;
#3206 = EDGE_CURVE ( 'NONE', #1332, #2939, #4031, .T. ) ;
#3207 = SURFACE_STYLE_USAGE ( .BOTH. , #2687 ) ;
#3208 =( LENGTH_UNIT ( ) NAMED_UNIT ( * ) SI_UNIT ( .MILLI., .METRE. ) );
#3209 = VERTEX_POINT ( 'NONE', #1987 ) ;
#3210 = SURFACE_STYLE_USAGE ( .BOTH. , #2725 ) ;
#3211 = CARTESIAN_POINT ( 'NONE',  ( -2.050000000000000266, 5.200000000000000178, 7.702172233337019555E-16 ) ) ;
#3212 = CARTESIAN_POINT ( 'NONE',  ( -2.449999999999999734, 3.950000000000000178, 1.175000000000000044 ) ) ;
#3213 = CARTESIAN_POINT ( 'NONE',  ( 1.090000000000000080, 5.200000000000000178, 0.5999999999999999778 ) ) ;
#3214 = VERTEX_POINT ( 'NONE', #2524 ) ;
#3215 = EDGE_LOOP ( 'NONE', ( #6755, #5915, #3257, #683, #5831, #3100, #7042, #5531, #6428, #3651, #5959, #4736, #5615 ) ) ;
#3216 = SURFACE_STYLE_FILL_AREA ( #4257 ) ;
#3217 = EDGE_CURVE ( 'NONE', #4293, #840, #1414, .T. ) ;
#3218 = ORIENTED_EDGE ( 'NONE', *, *, #443, .T. ) ;
#3219 = DIRECTION ( 'NONE',  ( -4.336808689942020201E-16, 1.000000000000000000, 0.000000000000000000 ) ) ;
#3220 = PLANE ( 'NONE',  #3180 ) ;
#3221 = PRESENTATION_STYLE_ASSIGNMENT (( #492 ) ) ;
#3222 = ORIENTED_EDGE ( 'NONE', *, *, #3488, .F. ) ;
#3223 = DIRECTION ( 'NONE',  ( 0.000000000000000000, 1.000000000000000000, 0.000000000000000000 ) ) ;
#3224 = AXIS2_PLACEMENT_3D ( 'NONE', #5572, #7061, #41 ) ;
#3225 = ORIENTED_EDGE ( 'NONE', *, *, #1047, .T. ) ;
#3226 = SURFACE_STYLE_USAGE ( .BOTH. , #5933 ) ;
#3227 = SURFACE_STYLE_USAGE ( .BOTH. , #3289 ) ;
#3228 = VECTOR ( 'NONE', #2301, 1000.000000000000000 ) ;
#3229 =( NAMED_UNIT ( * ) SI_UNIT ( $, .STERADIAN. ) SOLID_ANGLE_UNIT ( ) );
#3230 = MECHANICAL_DESIGN_GEOMETRIC_PRESENTATION_REPRESENTATION (  '', ( #5895 ), #3118 ) ;
#3231 = STYLED_ITEM ( 'NONE', ( #2683 ), #1385 ) ;
#3232 = DIRECTION ( 'NONE',  ( 1.000000000000000000, 0.000000000000000000, 0.000000000000000000 ) ) ;
#3233 = LINE ( 'NONE', #1089, #4367 ) ;
#3234 = DIRECTION ( 'NONE',  ( -4.336808689942020201E-16, -1.000000000000000000, -1.709941712034280011E-15 ) ) ;
#3235 = VECTOR ( 'NONE', #1824, 1000.000000000000000 ) ;
#3236 = AXIS2_PLACEMENT_3D ( 'NONE', #355, #4623, #782 ) ;
#3237 =( NAMED_UNIT ( * ) SI_UNIT ( $, .STERADIAN. ) SOLID_ANGLE_UNIT ( ) );
#3238 =( GEOMETRIC_REPRESENTATION_CONTEXT ( 3 ) GLOBAL_UNCERTAINTY_ASSIGNED_CONTEXT ( ( #5413 ) ) GLOBAL_UNIT_ASSIGNED_CONTEXT ( ( #2325, #685, #790 ) ) REPRESENTATION_CONTEXT ( 'NONE', 'WORKASPACE' ) );
#3239 = VECTOR ( 'NONE', #6153, 1000.000000000000114 ) ;
#3240 = PLANE ( 'NONE',  #4728 ) ;
#3241 = SURFACE_STYLE_FILL_AREA ( #2296 ) ;
#3242 = ORIENTED_EDGE ( 'NONE', *, *, #1105, .F. ) ;
#3243 = FILL_AREA_STYLE_COLOUR ( '', #2350 ) ;
#3244 = LINE ( 'NONE', #3789, #3921 ) ;
#3245 = FILL_AREA_STYLE ('',( #4858 ) ) ;
#3246 = VECTOR ( 'NONE', #3047, 1000.000000000000000 ) ;
#3247 = CARTESIAN_POINT ( 'NONE',  ( -2.050000000000000266, 2.000000000000000000, -0.2000000000000050071 ) ) ;
#3248 = SURFACE_SIDE_STYLE ('',( #5990 ) ) ;
#3249 = VERTEX_POINT ( 'NONE', #922 ) ;
#3250 = ORIENTED_EDGE ( 'NONE', *, *, #4019, .T. ) ;
#3251 = SURFACE_SIDE_STYLE ('',( #4226 ) ) ;
#3252 = ADVANCED_FACE ( 'NONE', ( #6281 ), #6838, .T. ) ;
#3253 = ORIENTED_EDGE ( 'NONE', *, *, #4984, .F. ) ;
#3254 = UNCERTAINTY_MEASURE_WITH_UNIT (LENGTH_MEASURE( 1.000000000000000082E-05 ), #3812, 'distance_accuracy_value', 'NONE');
#3255 = VECTOR ( 'NONE', #1712, 1000.000000000000000 ) ;
#3256 = FILL_AREA_STYLE_COLOUR ( '', #5478 ) ;
#3257 = ORIENTED_EDGE ( 'NONE', *, *, #3154, .T. ) ;
#3258 = PRESENTATION_STYLE_ASSIGNMENT (( #2641 ) ) ;
#3259 = ORIENTED_EDGE ( 'NONE', *, *, #1196, .T. ) ;
#3260 =( NAMED_UNIT ( * ) PLANE_ANGLE_UNIT ( ) SI_UNIT ( $, .RADIAN. ) );
#3261 = LINE ( 'NONE', #5461, #2205 ) ;
#3262 = LINE ( 'NONE', #4876, #2627 ) ;
#3263 = CARTESIAN_POINT ( 'NONE',  ( 2.750000000000000000, 5.200000000000000178, 1.175000000000000044 ) ) ;
#3264 =( GEOMETRIC_REPRESENTATION_CONTEXT ( 3 ) GLOBAL_UNCERTAINTY_ASSIGNED_CONTEXT ( ( #2485 ) ) GLOBAL_UNIT_ASSIGNED_CONTEXT ( ( #7103, #3280, #2187 ) ) REPRESENTATION_CONTEXT ( 'NONE', 'WORKASPACE' ) );
#3265 = PRESENTATION_STYLE_ASSIGNMENT (( #2202 ) ) ;
#3266 = PRESENTATION_STYLE_ASSIGNMENT (( #5978 ) ) ;
#3267 = DIRECTION ( 'NONE',  ( -0.7071067811865480168, 0.7071067811865470176, 0.000000000000000000 ) ) ;
#3268 = DIRECTION ( 'NONE',  ( 0.000000000000000000, 0.000000000000000000, 1.000000000000000000 ) ) ;
#3269 = LINE ( 'NONE', #5474, #3255 ) ;
#3270 = CARTESIAN_POINT ( 'NONE',  ( 2.750000000000000000, 1.000000000000000000, 3.200000000000000178 ) ) ;
#3271 = PRESENTATION_STYLE_ASSIGNMENT (( #1097 ) ) ;
#3272 = ORIENTED_EDGE ( 'NONE', *, *, #2900, .T. ) ;
#3273 = EDGE_CURVE ( 'NONE', #5457, #3571, #4192, .T. ) ;
#3274 = EDGE_CURVE ( 'NONE', #4683, #6868, #5271, .T. ) ;
#3275 = LINE ( 'NONE', #1747, #410 ) ;
#3276 = ADVANCED_FACE ( 'NONE', ( #4086 ), #3689, .F. ) ;
#3277 = SURFACE_SIDE_STYLE ('',( #6022 ) ) ;
#3278 = AXIS2_PLACEMENT_3D ( 'NONE', #4595, #194, #3958 ) ;
#3279 = SURFACE_STYLE_FILL_AREA ( #5587 ) ;
#3280 =( NAMED_UNIT ( * ) PLANE_ANGLE_UNIT ( ) SI_UNIT ( $, .RADIAN. ) );
#3281 = DIRECTION ( 'NONE',  ( 1.000000000000000000, 0.000000000000000000, 0.000000000000000000 ) ) ;
#3282 = ORIENTED_EDGE ( 'NONE', *, *, #5103, .F. ) ;
#3283 = VERTEX_POINT ( 'NONE', #5013 ) ;
#3284 = ORIENTED_EDGE ( 'NONE', *, *, #5297, .F. ) ;
#3285 = SURFACE_STYLE_FILL_AREA ( #2273 ) ;
#3286 = ORIENTED_EDGE ( 'NONE', *, *, #1555, .F. ) ;
#3287 = ORIENTED_EDGE ( 'NONE', *, *, #3808, .F. ) ;
#3288 =( GEOMETRIC_REPRESENTATION_CONTEXT ( 3 ) GLOBAL_UNCERTAINTY_ASSIGNED_CONTEXT ( ( #3055 ) ) GLOBAL_UNIT_ASSIGNED_CONTEXT ( ( #3050, #3160, #360 ) ) REPRESENTATION_CONTEXT ( 'NONE', 'WORKASPACE' ) );
#3289 = SURFACE_SIDE_STYLE ('',( #1043 ) ) ;
#3290 = EDGE_CURVE ( 'NONE', #5162, #6256, #998, .T. ) ;
#3291 =( GEOMETRIC_REPRESENTATION_CONTEXT ( 3 ) GLOBAL_UNCERTAINTY_ASSIGNED_CONTEXT ( ( #332 ) ) GLOBAL_UNIT_ASSIGNED_CONTEXT ( ( #1419, #3584, #3622 ) ) REPRESENTATION_CONTEXT ( 'NONE', 'WORKASPACE' ) );
#3292 = VECTOR ( 'NONE', #2472, 1000.000000000000000 ) ;
#3293 = FILL_AREA_STYLE ('',( #2098 ) ) ;
#3294 = LINE ( 'NONE', #5497, #4661 ) ;
#3295 = CARTESIAN_POINT ( 'NONE',  ( -2.250000000000000000, 3.950000000000000178, 1.975000000000000089 ) ) ;
#3296 = DIRECTION ( 'NONE',  ( -1.000000000000000000, 0.000000000000000000, 0.000000000000000000 ) ) ;
#3297 = ORIENTED_EDGE ( 'NONE', *, *, #3362, .F. ) ;
#3298 = MECHANICAL_DESIGN_GEOMETRIC_PRESENTATION_REPRESENTATION (  '', ( #1598 ), #3536 ) ;
#3299 = EDGE_CURVE ( 'NONE', #2021, #2415, #5965, .T. ) ;
#3300 = STYLED_ITEM ( 'NONE', ( #102 ), #5939 ) ;
#3301 =( LENGTH_UNIT ( ) NAMED_UNIT ( * ) SI_UNIT ( .MILLI., .METRE. ) );
#3302 = DIRECTION ( 'NONE',  ( 0.000000000000000000, 1.000000000000000000, 5.421010862427510337E-16 ) ) ;
#3303 = FILL_AREA_STYLE ('',( #6630 ) ) ;
#3304 = DIRECTION ( 'NONE',  ( 1.000000000000000000, 0.000000000000000000, 1.008560160451629879E-16 ) ) ;
#3305 = ORIENTED_EDGE ( 'NONE', *, *, #5725, .T. ) ;
#3306 = SURFACE_SIDE_STYLE ('',( #2256 ) ) ;
#3307 = ORIENTED_EDGE ( 'NONE', *, *, #2990, .T. ) ;
#3308 =( NAMED_UNIT ( * ) SI_UNIT ( $, .STERADIAN. ) SOLID_ANGLE_UNIT ( ) );
#3309 = EDGE_LOOP ( 'NONE', ( #920, #5662, #5755, #775 ) ) ;
#3310 =( LENGTH_UNIT ( ) NAMED_UNIT ( * ) SI_UNIT ( .MILLI., .METRE. ) );
#3311 = ORIENTED_EDGE ( 'NONE', *, *, #315, .F. ) ;
#3312 = VERTEX_POINT ( 'NONE', #2342 ) ;
#3313 = VERTEX_POINT ( 'NONE', #97 ) ;
#3314 = EDGE_CURVE ( 'NONE', #1994, #3901, #2307, .T. ) ;
#3315 = UNCERTAINTY_MEASURE_WITH_UNIT (LENGTH_MEASURE( 1.000000000000000082E-05 ), #533, 'distance_accuracy_value', 'NONE');
#3316 = DIRECTION ( 'NONE',  ( 0.7071067811865489050, -7.359808400080179297E-15, 0.7071067811865460184 ) ) ;
#3317 = DIRECTION ( 'NONE',  ( 0.9660120648150583023, 0.000000000000000000, -0.2584969837962280970 ) ) ;
#3318 = ORIENTED_EDGE ( 'NONE', *, *, #4041, .T. ) ;
#3319 = DIRECTION ( 'NONE',  ( 0.000000000000000000, 1.000000000000000000, 0.000000000000000000 ) ) ;
#3320 = ORIENTED_EDGE ( 'NONE', *, *, #6422, .T. ) ;
#3321 = LINE ( 'NONE', #3195, #933 ) ;
#3322 = EDGE_CURVE ( 'NONE', #6310, #11, #4264, .T. ) ;
#3323 = UNCERTAINTY_MEASURE_WITH_UNIT (LENGTH_MEASURE( 1.000000000000000082E-05 ), #859, 'distance_accuracy_value', 'NONE');
#3324 =( LENGTH_UNIT ( ) NAMED_UNIT ( * ) SI_UNIT ( .MILLI., .METRE. ) );
#3325 = DIRECTION ( 'NONE',  ( -1.000000000000000000, 0.000000000000000000, -5.421010862427510337E-16 ) ) ;
#3326 = DIRECTION ( 'NONE',  ( -1.000000000000000000, 0.000000000000000000, 5.421010862427519089E-17 ) ) ;
#3327 = SURFACE_SIDE_STYLE ('',( #6546 ) ) ;
#3328 = PLANE ( 'NONE',  #5372 ) ;
#3329 = SURFACE_STYLE_FILL_AREA ( #75 ) ;
#3330 = ORIENTED_EDGE ( 'NONE', *, *, #211, .T. ) ;
#3331 = CARTESIAN_POINT ( 'NONE',  ( -4.049999999999999822, 1.399999999999999911, 2.000000000000000000 ) ) ;
#3332 = UNCERTAINTY_MEASURE_WITH_UNIT (LENGTH_MEASURE( 1.000000000000000082E-05 ), #5288, 'distance_accuracy_value', 'NONE');
#3333 = COLOUR_RGB ( '',0.7529411764705882248, 0.7529411764705882248, 0.7529411764705882248 ) ;
#3334 = FACE_OUTER_BOUND ( 'NONE', #4517, .T. ) ;
#3335 = VECTOR ( 'NONE', #1968, 1000.000000000000000 ) ;
#3336 = FILL_AREA_STYLE_COLOUR ( '', #4272 ) ;
#3337 = CARTESIAN_POINT ( 'NONE',  ( 1.409999999999999920, 5.899999999999999467, 1.175000000000000044 ) ) ;
#3338 = FILL_AREA_STYLE_COLOUR ( '', #870 ) ;
#3339 = VERTEX_POINT ( 'NONE', #5047 ) ;
#3340 = VECTOR ( 'NONE', #4253, 1000.000000000000000 ) ;
#3341 = VECTOR ( 'NONE', #5774, 1000.000000000000000 ) ;
#3342 = CARTESIAN_POINT ( 'NONE',  ( -0.1600000000000000033, 2.399999999999999911, 0.7750000000000000222 ) ) ;
#3343 = ORIENTED_EDGE ( 'NONE', *, *, #4603, .T. ) ;
#3344 = CARTESIAN_POINT ( 'NONE',  ( -1.409999999999999920, 5.899999999999999467, 1.175000000000000044 ) ) ;
#3345 = ORIENTED_EDGE ( 'NONE', *, *, #2160, .F. ) ;
#3346 = SURFACE_STYLE_USAGE ( .BOTH. , #551 ) ;
#3347 = STYLED_ITEM ( 'NONE', ( #7001 ), #2774 ) ;
#3348 = VECTOR ( 'NONE', #373, 1000.000000000000000 ) ;
#3349 = CARTESIAN_POINT ( 'NONE',  ( -1.215384615384620171, 1.823076923076920153, 2.799999999999999822 ) ) ;
#3350 = EDGE_LOOP ( 'NONE', ( #917, #3503, #6224, #1213 ) ) ;
#3351 = ORIENTED_EDGE ( 'NONE', *, *, #3299, .F. ) ;
#3352 = CARTESIAN_POINT ( 'NONE',  ( 2.550000000000000266, 4.200000000000000178, -0.2000000000000000111 ) ) ;
#3353 = AXIS2_PLACEMENT_3D ( 'NONE', #5356, #6326, #4136 ) ;
#3354 = VECTOR ( 'NONE', #1343, 1000.000000000000000 ) ;
#3355 = ORIENTED_EDGE ( 'NONE', *, *, #5637, .F. ) ;
#3356 = MECHANICAL_DESIGN_GEOMETRIC_PRESENTATION_REPRESENTATION (  '', ( #1537 ), #722 ) ;
#3357 = CARTESIAN_POINT ( 'NONE',  ( 3.250000000000000000, 1.399999999999999911, 2.000000000000000000 ) ) ;
#3358 = EDGE_LOOP ( 'NONE', ( #2069, #841, #2599, #4908 ) ) ;
#3359 = DIRECTION ( 'NONE',  ( -1.000000000000000000, 0.000000000000000000, -1.008560160451629879E-16 ) ) ;
#3360 = EDGE_CURVE ( 'NONE', #5043, #928, #7048, .T. ) ;
#3361 = ORIENTED_EDGE ( 'NONE', *, *, #5495, .F. ) ;
#3362 = EDGE_CURVE ( 'NONE', #4057, #5550, #2163, .T. ) ;
#3363 = LINE ( 'NONE', #1802, #4560 ) ;
#3364 = CARTESIAN_POINT ( 'NONE',  ( 2.250000000000000000, 1.133333333333329973, 1.975000000000000089 ) ) ;
#3365 = EDGE_CURVE ( 'NONE', #2014, #2157, #2128, .T. ) ;
#3366 = CARTESIAN_POINT ( 'NONE',  ( 1.409999999999999920, 1.699999999999999956, 1.324999999999999956 ) ) ;
#3367 = SURFACE_SIDE_STYLE ('',( #153 ) ) ;
#3368 =( NAMED_UNIT ( * ) SI_UNIT ( $, .STERADIAN. ) SOLID_ANGLE_UNIT ( ) );
#3369 = ORIENTED_EDGE ( 'NONE', *, *, #2888, .T. ) ;
#3370 = FACE_OUTER_BOUND ( 'NONE', #3187, .T. ) ;
#3371 =( NAMED_UNIT ( * ) PLANE_ANGLE_UNIT ( ) SI_UNIT ( $, .RADIAN. ) );
#3372 =( LENGTH_UNIT ( ) NAMED_UNIT ( * ) SI_UNIT ( .MILLI., .METRE. ) );
#3373 = EDGE_CURVE ( 'NONE', #2867, #2184, #7079, .T. ) ;
#3374 = MECHANICAL_DESIGN_GEOMETRIC_PRESENTATION_REPRESENTATION (  '', ( #3156 ), #5109 ) ;
#3375 = DIRECTION ( 'NONE',  ( 0.000000000000000000, 1.355252715606880049E-16, -1.000000000000000000 ) ) ;
#3376 = CARTESIAN_POINT ( 'NONE',  ( 2.149999999999999911, 3.950000000000000178, 0.4000000000000000222 ) ) ;
#3377 = ORIENTED_EDGE ( 'NONE', *, *, #5321, .T. ) ;
#3378 = EDGE_CURVE ( 'NONE', #3621, #111, #4800, .T. ) ;
#3379 = CARTESIAN_POINT ( 'NONE',  ( 2.449999999999999734, 3.950000000000000178, 2.024999999999999911 ) ) ;
#3380 = FILL_AREA_STYLE_COLOUR ( '', #1605 ) ;
#3381 = STYLED_ITEM ( 'NONE', ( #2992 ), #1518 ) ;
#3382 = EDGE_CURVE ( 'NONE', #634, #1039, #3723, .T. ) ;
#3383 = FILL_AREA_STYLE_COLOUR ( '', #5905 ) ;
#3384 = DIRECTION ( 'NONE',  ( 0.000000000000000000, 1.000000000000000000, 0.000000000000000000 ) ) ;
#3385 = ORIENTED_EDGE ( 'NONE', *, *, #3487, .F. ) ;
#3386 = VERTEX_POINT ( 'NONE', #4475 ) ;
#3387 = CARTESIAN_POINT ( 'NONE',  ( 0.1600000000000000033, 6.000000000000000000, -0.2000000000000000111 ) ) ;
#3388 = VECTOR ( 'NONE', #5292, 1000.000000000000000 ) ;
#3389 = MECHANICAL_DESIGN_GEOMETRIC_PRESENTATION_REPRESENTATION (  '', ( #3626 ), #2623 ) ;
#3390 = UNCERTAINTY_MEASURE_WITH_UNIT (LENGTH_MEASURE( 1.000000000000000082E-05 ), #5645, 'distance_accuracy_value', 'NONE');
#3391 = CARTESIAN_POINT ( 'NONE',  ( -1.800000000000000044, 2.700000000000000178, 2.899999999999999911 ) ) ;
#3392 = PRESENTATION_LAYER_ASSIGNMENT (  '', '', ( #4202 ) ) ;
#3393 = ORIENTED_EDGE ( 'NONE', *, *, #188, .T. ) ;
#3394 = CARTESIAN_POINT ( 'NONE',  ( 1.409999999999999920, 6.200000000000000178, 7.318364664277149999E-16 ) ) ;
#3395 =( NAMED_UNIT ( * ) SI_UNIT ( $, .STERADIAN. ) SOLID_ANGLE_UNIT ( ) );
#3396 = SURFACE_SIDE_STYLE ('',( #1221 ) ) ;
#3397 = ADVANCED_FACE ( 'NONE', ( #3188 ), #3765, .F. ) ;
#3398 = VECTOR ( 'NONE', #3108, 1000.000000000000000 ) ;
#3399 = SURFACE_STYLE_USAGE ( .BOTH. , #1774 ) ;
#3400 = VECTOR ( 'NONE', #6420, 1000.000000000000000 ) ;
#3401 = PRESENTATION_LAYER_ASSIGNMENT (  '', '', ( #6517 ) ) ;
#3402 = LINE ( 'NONE', #1347, #578 ) ;
#3403 = VERTEX_POINT ( 'NONE', #1212 ) ;
#3404 = UNCERTAINTY_MEASURE_WITH_UNIT (LENGTH_MEASURE( 1.000000000000000082E-05 ), #6255, 'distance_accuracy_value', 'NONE');
#3405 = CARTESIAN_POINT ( 'NONE',  ( 4.450000000000000178, 2.200000000000000178, 0.05000000000000100198 ) ) ;
#3406 = COLOUR_RGB ( '',1.000000000000000000, 1.000000000000000000, 0.7529411764705882248 ) ;
#3407 = EDGE_CURVE ( 'NONE', #612, #1997, #5415, .T. ) ;
#3408 = AXIS2_PLACEMENT_3D ( 'NONE', #796, #1282, #6678 ) ;
#3409 =( LENGTH_UNIT ( ) NAMED_UNIT ( * ) SI_UNIT ( .MILLI., .METRE. ) );
#3410 = SURFACE_SIDE_STYLE ('',( #4022 ) ) ;
#3411 =( NAMED_UNIT ( * ) PLANE_ANGLE_UNIT ( ) SI_UNIT ( $, .RADIAN. ) );
#3412 = LINE ( 'NONE', #5624, #3501 ) ;
#3413 = ORIENTED_EDGE ( 'NONE', *, *, #6115, .F. ) ;
#3414 = EDGE_CURVE ( 'NONE', #2759, #4752, #664, .T. ) ;
#3415 = FILL_AREA_STYLE_COLOUR ( '', #2844 ) ;
#3416 = CARTESIAN_POINT ( 'NONE',  ( -1.090000000000000080, 3.950000000000000178, 1.525000000000000133 ) ) ;
#3417 = CARTESIAN_POINT ( 'NONE',  ( 1.090000000000000080, 6.000000000000000000, -0.2000000000000000111 ) ) ;
#3418 = ADVANCED_FACE ( 'NONE', ( #4645 ), #2406, .F. ) ;
#3419 = PRESENTATION_STYLE_ASSIGNMENT (( #4604 ) ) ;
#3420 = STYLED_ITEM ( 'NONE', ( #1431 ), #6736 ) ;
#3421 = VECTOR ( 'NONE', #6794, 1000.000000000000000 ) ;
#3422 = LINE ( 'NONE', #6161, #2346 ) ;
#3423 = CARTESIAN_POINT ( 'NONE',  ( -2.550000000000000266, 5.200000000000000178, -0.2000000000000000111 ) ) ;
#3424 = PLANE ( 'NONE',  #1878 ) ;
#3425 = ORIENTED_EDGE ( 'NONE', *, *, #1417, .F. ) ;
#3426 = ORIENTED_EDGE ( 'NONE', *, *, #6047, .T. ) ;
#3427 = PLANE ( 'NONE',  #1058 ) ;
#3428 = ORIENTED_EDGE ( 'NONE', *, *, #2552, .F. ) ;
#3429 = ORIENTED_EDGE ( 'NONE', *, *, #1091, .F. ) ;
#3430 = EDGE_LOOP ( 'NONE', ( #2483, #4436, #1875, #4419 ) ) ;
#3431 = DIRECTION ( 'NONE',  ( -1.000000000000000000, 0.000000000000000000, 0.000000000000000000 ) ) ;
#3432 = DIRECTION ( 'NONE',  ( 1.000000000000000000, 0.000000000000000000, 0.000000000000000000 ) ) ;
#3433 = SURFACE_STYLE_FILL_AREA ( #6702 ) ;
#3434 = DIRECTION ( 'NONE',  ( 1.000000000000000000, 0.000000000000000000, 0.000000000000000000 ) ) ;
#3435 = ORIENTED_EDGE ( 'NONE', *, *, #2711, .F. ) ;
#3436 =( NAMED_UNIT ( * ) PLANE_ANGLE_UNIT ( ) SI_UNIT ( $, .RADIAN. ) );
#3437 = FACE_OUTER_BOUND ( 'NONE', #822, .T. ) ;
#3438 = SURFACE_STYLE_FILL_AREA ( #6118 ) ;
#3439 =( LENGTH_UNIT ( ) NAMED_UNIT ( * ) SI_UNIT ( .MILLI., .METRE. ) );
#3440 = CARTESIAN_POINT ( 'NONE',  ( 2.275849698379619923, 3.950000000000000178, 1.978398793518490129 ) ) ;
#3441 = PLANE ( 'NONE',  #1110 ) ;
#3442 = EDGE_LOOP ( 'NONE', ( #87, #6674, #4833, #2931, #4932, #6093, #2362, #4213, #563, #5972 ) ) ;
#3443 = CARTESIAN_POINT ( 'NONE',  ( 1.409999999999999920, 2.700000000000000178, 1.525000000000000133 ) ) ;
#3444 = ORIENTED_EDGE ( 'NONE', *, *, #2355, .F. ) ;
#3445 = VECTOR ( 'NONE', #1100, 1000.000000000000000 ) ;
#3446 = CARTESIAN_POINT ( 'NONE',  ( -1.090000000000000080, 5.400000000000000355, 0.5999999999999999778 ) ) ;
#3447 = DIRECTION ( 'NONE',  ( 0.000000000000000000, 1.000000000000000000, 0.000000000000000000 ) ) ;
#3448 = CARTESIAN_POINT ( 'NONE',  ( -2.550000000000000266, 2.000000000000000000, -4.701596255175999207E-15 ) ) ;
#3449 = SURFACE_STYLE_USAGE ( .BOTH. , #766 ) ;
#3450 = COLOUR_RGB ( '',1.000000000000000000, 1.000000000000000000, 0.7529411764705882248 ) ;
#3451 = COLOUR_RGB ( '',0.7529411764705882248, 0.7529411764705882248, 0.7529411764705882248 ) ;
#3452 = CARTESIAN_POINT ( 'NONE',  ( 2.149999999999999911, 1.199999999999999956, 0.4000000000000000222 ) ) ;
#3453 =( LENGTH_UNIT ( ) NAMED_UNIT ( * ) SI_UNIT ( .MILLI., .METRE. ) );
#3454 = ORIENTED_EDGE ( 'NONE', *, *, #6680, .F. ) ;
#3455 = STYLED_ITEM ( 'NONE', ( #4638 ), #1291 ) ;
#3456 = ORIENTED_EDGE ( 'NONE', *, *, #2572, .T. ) ;
#3457 = FACE_OUTER_BOUND ( 'NONE', #3028, .T. ) ;
#3458 = PRESENTATION_LAYER_ASSIGNMENT (  '', '', ( #6699 ) ) ;
#3459 = VECTOR ( 'NONE', #2820, 1000.000000000000000 ) ;
#3460 = SURFACE_STYLE_FILL_AREA ( #1832 ) ;
#3461 = ORIENTED_EDGE ( 'NONE', *, *, #4962, .F. ) ;
#3462 =( GEOMETRIC_REPRESENTATION_CONTEXT ( 3 ) GLOBAL_UNCERTAINTY_ASSIGNED_CONTEXT ( ( #6800 ) ) GLOBAL_UNIT_ASSIGNED_CONTEXT ( ( #6902, #1365, #6311 ) ) REPRESENTATION_CONTEXT ( 'NONE', 'WORKASPACE' ) );
#3463 =( GEOMETRIC_REPRESENTATION_CONTEXT ( 3 ) GLOBAL_UNCERTAINTY_ASSIGNED_CONTEXT ( ( #1620 ) ) GLOBAL_UNIT_ASSIGNED_CONTEXT ( ( #4205, #2101, #6328 ) ) REPRESENTATION_CONTEXT ( 'NONE', 'WORKASPACE' ) );
#3464 = ORIENTED_EDGE ( 'NONE', *, *, #5839, .F. ) ;
#3465 = SURFACE_STYLE_USAGE ( .BOTH. , #3979 ) ;
#3466 = EDGE_CURVE ( 'NONE', #381, #5071, #5160, .T. ) ;
#3467 = CARTESIAN_POINT ( 'NONE',  ( 2.149999999999999911, 3.950000000000000178, 2.799999999999999822 ) ) ;
#3468 = UNCERTAINTY_MEASURE_WITH_UNIT (LENGTH_MEASURE( 1.000000000000000082E-05 ), #843, 'distance_accuracy_value', 'NONE');
#3469 = CARTESIAN_POINT ( 'NONE',  ( 2.250000000000000000, 1.133333333333329973, 1.224999999999999867 ) ) ;
#3470 = CARTESIAN_POINT ( 'NONE',  ( -1.090000000000000080, 5.200000000000000178, 0.5999999999999999778 ) ) ;
#3471 =( GEOMETRIC_REPRESENTATION_CONTEXT ( 3 ) GLOBAL_UNCERTAINTY_ASSIGNED_CONTEXT ( ( #4828 ) ) GLOBAL_UNIT_ASSIGNED_CONTEXT ( ( #6369, #6331, #5396 ) ) REPRESENTATION_CONTEXT ( 'NONE', 'WORKASPACE' ) );
#3472 = CARTESIAN_POINT ( 'NONE',  ( 2.750000000000000000, 5.200000000000000178, 7.702172233337019555E-16 ) ) ;
#3473 = SURFACE_SIDE_STYLE ('',( #1308 ) ) ;
#3474 = FILL_AREA_STYLE ('',( #5724 ) ) ;
#3475 = ORIENTED_EDGE ( 'NONE', *, *, #3189, .F. ) ;
#3476 = UNCERTAINTY_MEASURE_WITH_UNIT (LENGTH_MEASURE( 1.000000000000000082E-05 ), #1261, 'distance_accuracy_value', 'NONE');
#3477 = LINE ( 'NONE', #4559, #5124 ) ;
#3478 = LINE ( 'NONE', #162, #5684 ) ;
#3479 = VECTOR ( 'NONE', #5762, 1000.000000000000000 ) ;
#3480 =( NAMED_UNIT ( * ) SI_UNIT ( $, .STERADIAN. ) SOLID_ANGLE_UNIT ( ) );
#3481 = FILL_AREA_STYLE ('',( #1318 ) ) ;
#3482 = ORIENTED_EDGE ( 'NONE', *, *, #3062, .T. ) ;
#3483 = LINE ( 'NONE', #5698, #84 ) ;
#3484 = FILL_AREA_STYLE_COLOUR ( '', #2848 ) ;
#3485 = CARTESIAN_POINT ( 'NONE',  ( 2.550000000000000266, 1.000000000000000000, -8.673617379884039416E-16 ) ) ;
#3486 = CARTESIAN_POINT ( 'NONE',  ( 0.1600000000000000033, 2.700000000000000178, 1.525000000000000133 ) ) ;
#3487 = EDGE_CURVE ( 'NONE', #3918, #2260, #4005, .T. ) ;
#3488 = EDGE_CURVE ( 'NONE', #6538, #1609, #6196, .T. ) ;
#3489 = CARTESIAN_POINT ( 'NONE',  ( -4.250000000000000000, 2.000000000000000000, 0.05000000000000090483 ) ) ;
#3490 = EDGE_CURVE ( 'NONE', #3661, #6252, #1901, .T. ) ;
#3491 = ORIENTED_EDGE ( 'NONE', *, *, #1388, .F. ) ;
#3492 = ORIENTED_EDGE ( 'NONE', *, *, #5635, .F. ) ;
#3493 =( NAMED_UNIT ( * ) SI_UNIT ( $, .STERADIAN. ) SOLID_ANGLE_UNIT ( ) );
#3494 = COLOUR_RGB ( '',1.000000000000000000, 1.000000000000000000, 0.7529411764705882248 ) ;
#3495 = ORIENTED_EDGE ( 'NONE', *, *, #1046, .F. ) ;
#3496 = EDGE_CURVE ( 'NONE', #2030, #992, #731, .T. ) ;
#3497 =( NAMED_UNIT ( * ) PLANE_ANGLE_UNIT ( ) SI_UNIT ( $, .RADIAN. ) );
#3498 = EDGE_LOOP ( 'NONE', ( #5821, #3769, #3218, #4782 ) ) ;
#3499 = ORIENTED_EDGE ( 'NONE', *, *, #19, .F. ) ;
#3500 = CARTESIAN_POINT ( 'NONE',  ( -3.750000000000000000, 4.200000000000000178, 0.1000000000000000056 ) ) ;
#3501 = VECTOR ( 'NONE', #5067, 1000.000000000000000 ) ;
#3502 = STYLED_ITEM ( 'NONE', ( #6710 ), #6937 ) ;
#3503 = ORIENTED_EDGE ( 'NONE', *, *, #6951, .F. ) ;
#3504 =( BOUNDED_CURVE ( )  B_SPLINE_CURVE ( 3, ( #1005, #4834, #4450, #2672 ),
 .UNSPECIFIED., .F., .F. ) 
 B_SPLINE_CURVE_WITH_KNOTS ( ( 4, 4 ),
 ( 1.309330346508306597, 1.570796326794897668 ),
 .UNSPECIFIED. ) 
 CURVE ( )  GEOMETRIC_REPRESENTATION_ITEM ( )  RATIONAL_B_SPLINE_CURVE ( ( 1.000000000000000000, 0.9943110712026991260, 0.9943110712026991260, 1.000000000000000000 ) ) 
 REPRESENTATION_ITEM ( '' )  );
#3505 = DIRECTION ( 'NONE',  ( 0.000000000000000000, 1.000000000000000000, 0.000000000000000000 ) ) ;
#3506 = PLANE ( 'NONE',  #5085 ) ;
#3507 = FILL_AREA_STYLE ('',( #6249 ) ) ;
#3508 = VECTOR ( 'NONE', #3325, 1000.000000000000000 ) ;
#3509 = COLOUR_RGB ( '',0.7529411764705882248, 0.7529411764705882248, 0.7529411764705882248 ) ;
#3510 =( NAMED_UNIT ( * ) PLANE_ANGLE_UNIT ( ) SI_UNIT ( $, .RADIAN. ) );
#3511 = ORIENTED_EDGE ( 'NONE', *, *, #4441, .T. ) ;
#3512 = FILL_AREA_STYLE ('',( #6253 ) ) ;
#3513 = PRESENTATION_LAYER_ASSIGNMENT (  '', '', ( #1359 ) ) ;
#3514 = PLANE ( 'NONE',  #1924 ) ;
#3515 = CIRCLE ( 'NONE', #425, 0.09999999999999982514 ) ;
#3516 = FACE_OUTER_BOUND ( 'NONE', #4356, .T. ) ;
#3517 = CARTESIAN_POINT ( 'NONE',  ( 2.750000000000000000, 1.000000000000000000, -6.661338147750939243E-16 ) ) ;
#3518 = CARTESIAN_POINT ( 'NONE',  ( -3.419999999999999929, 2.000000000000000000, -0.2000000000000000111 ) ) ;
#3519 = SURFACE_STYLE_FILL_AREA ( #3481 ) ;
#3520 = ORIENTED_EDGE ( 'NONE', *, *, #6138, .F. ) ;
#3521 = ADVANCED_FACE ( 'NONE', ( #2908 ), #3424, .T. ) ;
#3522 = PRESENTATION_STYLE_ASSIGNMENT (( #4597 ) ) ;
#3523 = AXIS2_PLACEMENT_3D ( 'NONE', #5436, #3302, #2747 ) ;
#3524 =( NAMED_UNIT ( * ) PLANE_ANGLE_UNIT ( ) SI_UNIT ( $, .RADIAN. ) );
#3525 = CARTESIAN_POINT ( 'NONE',  ( 2.995735931288070031, 4.200000000000000178, 0.1000000000000000056 ) ) ;
#3526 = CARTESIAN_POINT ( 'NONE',  ( 2.149999999999999911, 3.950000000000000178, 2.799999999999999822 ) ) ;
#3527 = CARTESIAN_POINT ( 'NONE',  ( -2.550000000000000266, 2.000000000000000000, -0.2000000000000050071 ) ) ;
#3528 = STYLED_ITEM ( 'NONE', ( #5387 ), #6376 ) ;
#3529 = FILL_AREA_STYLE ('',( #4575 ) ) ;
#3530 =( GEOMETRIC_REPRESENTATION_CONTEXT ( 3 ) GLOBAL_UNCERTAINTY_ASSIGNED_CONTEXT ( ( #5205 ) ) GLOBAL_UNIT_ASSIGNED_CONTEXT ( ( #2766, #1550, #2197 ) ) REPRESENTATION_CONTEXT ( 'NONE', 'WORKASPACE' ) );
#3531 = COLOUR_RGB ( '',0.7529411764705882248, 0.7529411764705882248, 0.7529411764705882248 ) ;
#3532 = SURFACE_SIDE_STYLE ('',( #6791 ) ) ;
#3533 = ORIENTED_EDGE ( 'NONE', *, *, #6963, .F. ) ;
#3534 = ORIENTED_EDGE ( 'NONE', *, *, #778, .T. ) ;
#3535 = CARTESIAN_POINT ( 'NONE',  ( -1.090000000000000080, 5.200000000000000178, 1.175000000000000044 ) ) ;
#3536 =( GEOMETRIC_REPRESENTATION_CONTEXT ( 3 ) GLOBAL_UNCERTAINTY_ASSIGNED_CONTEXT ( ( #3991 ) ) GLOBAL_UNIT_ASSIGNED_CONTEXT ( ( #3963, #17, #1137 ) ) REPRESENTATION_CONTEXT ( 'NONE', 'WORKASPACE' ) );
#3537 = PRESENTATION_LAYER_ASSIGNMENT (  '', '', ( #2072 ) ) ;
#3538 = FACE_OUTER_BOUND ( 'NONE', #4618, .T. ) ;
#3539 = VERTEX_POINT ( 'NONE', #3489 ) ;
#3540 = ORIENTED_EDGE ( 'NONE', *, *, #2394, .T. ) ;
#3541 = ORIENTED_EDGE ( 'NONE', *, *, #5621, .F. ) ;
#3542 = SURFACE_STYLE_USAGE ( .BOTH. , #1374 ) ;
#3543 = ADVANCED_FACE ( 'NONE', ( #2439 ), #4181, .F. ) ;
#3544 = UNCERTAINTY_MEASURE_WITH_UNIT (LENGTH_MEASURE( 1.000000000000000082E-05 ), #5754, 'distance_accuracy_value', 'NONE');
#3545 = ADVANCED_BREP_SHAPE_REPRESENTATION ( 'Molex 053261-0371', ( #4439, #5472 ), #5232 ) ;
#3546 = FILL_AREA_STYLE_COLOUR ( '', #4153 ) ;
#3547 = LINE ( 'NONE', #3124, #1698 ) ;
#3548 = CARTESIAN_POINT ( 'NONE',  ( -1.800000000000000044, 2.000000000000000000, 2.799999999999999822 ) ) ;
#3549 = PRESENTATION_STYLE_ASSIGNMENT (( #1416 ) ) ;
#3550 = LINE ( 'NONE', #929, #2977 ) ;
#3551 = CARTESIAN_POINT ( 'NONE',  ( 2.750000000000000000, 4.200000000000000178, 0.1000000000000000056 ) ) ;
#3552 = ORIENTED_EDGE ( 'NONE', *, *, #4004, .F. ) ;
#3553 = PLANE ( 'NONE',  #5817 ) ;
#3554 = UNCERTAINTY_MEASURE_WITH_UNIT (LENGTH_MEASURE( 1.000000000000000082E-05 ), #2003, 'distance_accuracy_value', 'NONE');
#3555 = DIRECTION ( 'NONE',  ( 0.000000000000000000, 0.7071067811865470176, -0.7071067811865480168 ) ) ;
#3556 = LINE ( 'NONE', #3517, #6601 ) ;
#3557 = LINE ( 'NONE', #2967, #1531 ) ;
#3558 = ORIENTED_EDGE ( 'NONE', *, *, #6581, .F. ) ;
#3559 = EDGE_CURVE ( 'NONE', #62, #1348, #4813, .T. ) ;
#3560 = LINE ( 'NONE', #3595, #139 ) ;
#3561 = LINE ( 'NONE', #3030, #907 ) ;
#3562 = FACE_OUTER_BOUND ( 'NONE', #6885, .T. ) ;
#3563 = DIRECTION ( 'NONE',  ( 0.000000000000000000, 1.000000000000000000, 0.000000000000000000 ) ) ;
#3564 = FACE_OUTER_BOUND ( 'NONE', #4070, .T. ) ;
#3565 = VERTEX_POINT ( 'NONE', #4714 ) ;
#3566 = ORIENTED_EDGE ( 'NONE', *, *, #4653, .T. ) ;
#3567 = AXIS2_PLACEMENT_3D ( 'NONE', #549, #1167, #3827 ) ;
#3568 = MECHANICAL_DESIGN_GEOMETRIC_PRESENTATION_REPRESENTATION (  '', ( #3919 ), #6571 ) ;
#3569 = AXIS2_PLACEMENT_3D ( 'NONE', #6318, #2487, #811 ) ;
#3570 = CARTESIAN_POINT ( 'NONE',  ( -0.1600000000000000033, 3.950000000000000178, 1.525000000000000133 ) ) ;
#3571 = VERTEX_POINT ( 'NONE', #986 ) ;
#3572 = ORIENTED_EDGE ( 'NONE', *, *, #1492, .F. ) ;
#3573 = CARTESIAN_POINT ( 'NONE',  ( 3.750000000000000000, 4.200000000000000178, 0.1000000000000000056 ) ) ;
#3574 = AXIS2_PLACEMENT_3D ( 'NONE', #389, #6912, #892 ) ;
#3575 = ORIENTED_EDGE ( 'NONE', *, *, #5077, .T. ) ;
#3576 =( GEOMETRIC_REPRESENTATION_CONTEXT ( 3 ) GLOBAL_UNCERTAINTY_ASSIGNED_CONTEXT ( ( #4620 ) ) GLOBAL_UNIT_ASSIGNED_CONTEXT ( ( #2720, #4501, #5038 ) ) REPRESENTATION_CONTEXT ( 'NONE', 'WORKASPACE' ) );
#3577 = STYLED_ITEM ( 'NONE', ( #1745 ), #3674 ) ;
#3578 = FILL_AREA_STYLE_COLOUR ( '', #3451 ) ;
#3579 = EDGE_CURVE ( 'NONE', #2167, #6131, #447, .T. ) ;
#3580 = FILL_AREA_STYLE ('',( #6877 ) ) ;
#3581 = ADVANCED_FACE ( 'NONE', ( #1971 ), #5291, .F. ) ;
#3582 = SURFACE_SIDE_STYLE ('',( #5793 ) ) ;
#3583 = SURFACE_STYLE_USAGE ( .BOTH. , #251 ) ;
#3584 =( NAMED_UNIT ( * ) PLANE_ANGLE_UNIT ( ) SI_UNIT ( $, .RADIAN. ) );
#3585 = FACE_OUTER_BOUND ( 'NONE', #7053, .T. ) ;
#3586 = VERTEX_POINT ( 'NONE', #3069 ) ;
#3587 = ORIENTED_EDGE ( 'NONE', *, *, #4934, .F. ) ;
#3588 = SURFACE_STYLE_USAGE ( .BOTH. , #5320 ) ;
#3589 =( GEOMETRIC_REPRESENTATION_CONTEXT ( 3 ) GLOBAL_UNCERTAINTY_ASSIGNED_CONTEXT ( ( #6064 ) ) GLOBAL_UNIT_ASSIGNED_CONTEXT ( ( #681, #5032, #4522 ) ) REPRESENTATION_CONTEXT ( 'NONE', 'WORKASPACE' ) );
#3590 = SURFACE_STYLE_FILL_AREA ( #4771 ) ;
#3591 = DIRECTION ( 'NONE',  ( 1.000000000000000000, 0.000000000000000000, 0.000000000000000000 ) ) ;
#3592 = FACE_OUTER_BOUND ( 'NONE', #3998, .T. ) ;
#3593 = VERTEX_POINT ( 'NONE', #3709 ) ;
#3594 =( GEOMETRIC_REPRESENTATION_CONTEXT ( 3 ) GLOBAL_UNCERTAINTY_ASSIGNED_CONTEXT ( ( #2194 ) ) GLOBAL_UNIT_ASSIGNED_CONTEXT ( ( #133, #1790, #2438 ) ) REPRESENTATION_CONTEXT ( 'NONE', 'WORKASPACE' ) );
#3595 = CARTESIAN_POINT ( 'NONE',  ( 0.1499999999999999944, 2.449999999999999734, 0.4000000000000000222 ) ) ;
#3596 = CARTESIAN_POINT ( 'NONE',  ( 3.419999999999999929, 2.000000000000000000, -0.2000000000000000111 ) ) ;
#3597 = DIRECTION ( 'NONE',  ( 1.000000000000000000, 0.000000000000000000, 0.000000000000000000 ) ) ;
#3598 = VECTOR ( 'NONE', #1095, 1000.000000000000227 ) ;
#3599 = EDGE_CURVE ( 'NONE', #4176, #6573, #5914, .T. ) ;
#3600 = CARTESIAN_POINT ( 'NONE',  ( 1.409999999999999920, 1.699999999999999956, 1.324999999999999956 ) ) ;
#3601 = EDGE_CURVE ( 'NONE', #482, #3687, #5256, .T. ) ;
#3602 = CARTESIAN_POINT ( 'NONE',  ( -2.750000000000000000, 1.399999999999999911, 2.500000000000000000 ) ) ;
#3603 = DIRECTION ( 'NONE',  ( 0.000000000000000000, 0.000000000000000000, -1.000000000000000000 ) ) ;
#3604 = FILL_AREA_STYLE_COLOUR ( '', #5017 ) ;
#3605 = ORIENTED_EDGE ( 'NONE', *, *, #3725, .F. ) ;
#3606 = DIRECTION ( 'NONE',  ( 0.000000000000000000, 1.355252715606880049E-16, -1.000000000000000000 ) ) ;
#3607 = SURFACE_SIDE_STYLE ('',( #5225 ) ) ;
#3608 = ADVANCED_FACE ( 'NONE', ( #2543 ), #4284, .T. ) ;
#3609 = LINE ( 'NONE', #4788, #2715 ) ;
#3610 = FILL_AREA_STYLE ('',( #4155 ) ) ;
#3611 = ORIENTED_EDGE ( 'NONE', *, *, #35, .T. ) ;
#3612 = ORIENTED_EDGE ( 'NONE', *, *, #5081, .F. ) ;
#3613 = FILL_AREA_STYLE ('',( #919 ) ) ;
#3614 = EDGE_CURVE ( 'NONE', #3386, #2184, #4425, .T. ) ;
#3615 = UNCERTAINTY_MEASURE_WITH_UNIT (LENGTH_MEASURE( 1.000000000000000082E-05 ), #1421, 'distance_accuracy_value', 'NONE');
#3616 = COLOUR_RGB ( '',0.7529411764705882248, 0.7529411764705882248, 0.7529411764705882248 ) ;
#3617 = DIRECTION ( 'NONE',  ( 0.000000000000000000, 0.000000000000000000, 1.000000000000000000 ) ) ;
#3618 = CARTESIAN_POINT ( 'NONE',  ( -2.050000000000000266, 2.000000000000000000, -0.2000000000000050071 ) ) ;
#3619 = CARTESIAN_POINT ( 'NONE',  ( 3.419999999999999929, 2.000000000000000000, 0.05000000000000100198 ) ) ;
#3620 = FILL_AREA_STYLE ('',( #391 ) ) ;
#3621 = VERTEX_POINT ( 'NONE', #575 ) ;
#3622 =( NAMED_UNIT ( * ) SI_UNIT ( $, .STERADIAN. ) SOLID_ANGLE_UNIT ( ) );
#3623 =( NAMED_UNIT ( * ) PLANE_ANGLE_UNIT ( ) SI_UNIT ( $, .RADIAN. ) );
#3624 = AXIS2_PLACEMENT_3D ( 'NONE', #1608, #5549, #5001 ) ;
#3625 = ORIENTED_EDGE ( 'NONE', *, *, #238, .T. ) ;
#3626 = STYLED_ITEM ( 'NONE', ( #5946 ), #6919 ) ;
#3627 = UNCERTAINTY_MEASURE_WITH_UNIT (LENGTH_MEASURE( 1.000000000000000082E-05 ), #1858, 'distance_accuracy_value', 'NONE');
#3628 = CARTESIAN_POINT ( 'NONE',  ( 0.5500000000000000444, 3.600000000000000089, -3.559999999999999609 ) ) ;
#3629 = ADVANCED_FACE ( 'NONE', ( #6553 ), #3240, .F. ) ;
#3630 = SURFACE_SIDE_STYLE ('',( #6365 ) ) ;
#3631 = PRESENTATION_LAYER_ASSIGNMENT (  '', '', ( #2497 ) ) ;
#3632 =( NAMED_UNIT ( * ) SI_UNIT ( $, .STERADIAN. ) SOLID_ANGLE_UNIT ( ) );
#3633 =( NAMED_UNIT ( * ) SI_UNIT ( $, .STERADIAN. ) SOLID_ANGLE_UNIT ( ) );
#3634 = ORIENTED_EDGE ( 'NONE', *, *, #4748, .T. ) ;
#3635 = FILL_AREA_STYLE_COLOUR ( '', #1324 ) ;
#3636 = ORIENTED_EDGE ( 'NONE', *, *, #4580, .F. ) ;
#3637 = CARTESIAN_POINT ( 'NONE',  ( -3.419999999999999929, 2.000000000000000000, 0.05000000000000090483 ) ) ;
#3638 = EDGE_CURVE ( 'NONE', #3312, #2193, #4466, .T. ) ;
#3639 = DIRECTION ( 'NONE',  ( 1.000000000000000000, 0.000000000000000000, 0.000000000000000000 ) ) ;
#3640 = SURFACE_SIDE_STYLE ('',( #3067 ) ) ;
#3641 = FILL_AREA_STYLE_COLOUR ( '', #1653 ) ;
#3642 = FILL_AREA_STYLE_COLOUR ( '', #3692 ) ;
#3643 = ORIENTED_EDGE ( 'NONE', *, *, #3719, .T. ) ;
#3644 = DIRECTION ( 'NONE',  ( -0.000000000000000000, 0.7071067811865470176, 0.7071067811865480168 ) ) ;
#3645 =( NAMED_UNIT ( * ) SI_UNIT ( $, .STERADIAN. ) SOLID_ANGLE_UNIT ( ) );
#3646 = PRESENTATION_LAYER_ASSIGNMENT (  '', '', ( #6652 ) ) ;
#3647 = VECTOR ( 'NONE', #494, 1000.000000000000000 ) ;
#3648 = AXIS2_PLACEMENT_3D ( 'NONE', #4778, #3597, #1930 ) ;
#3649 = DIRECTION ( 'NONE',  ( -0.5547001962252300356, 0.8320502943378431659, 1.127638420922871074E-16 ) ) ;
#3650 = ORIENTED_EDGE ( 'NONE', *, *, #3168, .T. ) ;
#3651 = ORIENTED_EDGE ( 'NONE', *, *, #4656, .T. ) ;
#3652 = CARTESIAN_POINT ( 'NONE',  ( -3.419999999999999929, 4.200000000000000178, -0.2000000000000000111 ) ) ;
#3653 = CIRCLE ( 'NONE', #1830, 0.4499999999999999001 ) ;
#3654 = PRESENTATION_LAYER_ASSIGNMENT (  '', '', ( #6894 ) ) ;
#3655 =( LENGTH_UNIT ( ) NAMED_UNIT ( * ) SI_UNIT ( .MILLI., .METRE. ) );
#3656 = CARTESIAN_POINT ( 'NONE',  ( -4.250000000000000000, 1.399999999999999911, 1.800000000000000044 ) ) ;
#3657 = LINE ( 'NONE', #358, #1006 ) ;
#3658 = ORIENTED_EDGE ( 'NONE', *, *, #2026, .F. ) ;
#3659 = CARTESIAN_POINT ( 'NONE',  ( 0.1500000000000029921, 1.000000000000000000, -8.673617379884039416E-16 ) ) ;
#3660 = DIRECTION ( 'NONE',  ( 0.000000000000000000, 0.000000000000000000, -1.000000000000000000 ) ) ;
#3661 = VERTEX_POINT ( 'NONE', #6120 ) ;
#3662 = FILL_AREA_STYLE_COLOUR ( '', #4295 ) ;
#3663 = CARTESIAN_POINT ( 'NONE',  ( -2.750000000000000000, 4.200000000000000178, 0.1000000000000000056 ) ) ;
#3664 = PLANE ( 'NONE',  #763 ) ;
#3665 = SURFACE_STYLE_FILL_AREA ( #4236 ) ;
#3666 = CARTESIAN_POINT ( 'NONE',  ( -2.050000000000000266, 1.000000000000000000, -8.673617379884039416E-16 ) ) ;
#3667 = LINE ( 'NONE', #5870, #384 ) ;
#3668 = CARTESIAN_POINT ( 'NONE',  ( -2.250000000000000000, 1.133333333333329973, 1.224999999999999867 ) ) ;
#3669 = DIRECTION ( 'NONE',  ( 0.000000000000000000, -1.000000000000000000, 0.000000000000000000 ) ) ;
#3670 = FACE_OUTER_BOUND ( 'NONE', #263, .T. ) ;
#3671 =( LENGTH_UNIT ( ) NAMED_UNIT ( * ) SI_UNIT ( .MILLI., .METRE. ) );
#3672 = LINE ( 'NONE', #2045, #2508 ) ;
#3673 = ORIENTED_EDGE ( 'NONE', *, *, #6048, .T. ) ;
#3674 = ADVANCED_FACE ( 'NONE', ( #4922 ), #6672, .T. ) ;
#3675 = CARTESIAN_POINT ( 'NONE',  ( -0.1600000000000000033, 3.950000000000000178, 0.7750000000000000222 ) ) ;
#3676 = CARTESIAN_POINT ( 'NONE',  ( -0.5500000000000000444, 3.600000000000000089, 0.000000000000000000 ) ) ;
#3677 = SURFACE_STYLE_USAGE ( .BOTH. , #2726 ) ;
#3678 = FACE_OUTER_BOUND ( 'NONE', #2222, .T. ) ;
#3679 = LINE ( 'NONE', #959, #4265 ) ;
#3680 = STYLED_ITEM ( 'NONE', ( #6213 ), #598 ) ;
#3681 = ORIENTED_EDGE ( 'NONE', *, *, #2817, .F. ) ;
#3682 = ORIENTED_EDGE ( 'NONE', *, *, #1210, .T. ) ;
#3683 = PRESENTATION_LAYER_ASSIGNMENT (  '', '', ( #4935 ) ) ;
#3684 = VECTOR ( 'NONE', #140, 1000.000000000000000 ) ;
#3685 =( GEOMETRIC_REPRESENTATION_CONTEXT ( 3 ) GLOBAL_UNCERTAINTY_ASSIGNED_CONTEXT ( ( #2125 ) ) GLOBAL_UNIT_ASSIGNED_CONTEXT ( ( #4855, #1568, #2149 ) ) REPRESENTATION_CONTEXT ( 'NONE', 'WORKASPACE' ) );
#3686 = UNCERTAINTY_MEASURE_WITH_UNIT (LENGTH_MEASURE( 1.000000000000000082E-05 ), #4568, 'distance_accuracy_value', 'NONE');
#3687 = VERTEX_POINT ( 'NONE', #4066 ) ;
#3688 = EDGE_CURVE ( 'NONE', #6071, #6588, #1234, .T. ) ;
#3689 = PLANE ( 'NONE',  #3236 ) ;
#3690 = EDGE_CURVE ( 'NONE', #3687, #5746, #2428, .T. ) ;
#3691 = VECTOR ( 'NONE', #583, 1000.000000000000000 ) ;
#3692 = COLOUR_RGB ( '',0.7529411764705882248, 0.7529411764705882248, 0.7529411764705882248 ) ;
#3693 = LINE ( 'NONE', #5899, #1440 ) ;
#3694 = CARTESIAN_POINT ( 'NONE',  ( -2.149999999999999911, 1.199999999999999956, 0.4000000000000000222 ) ) ;
#3695 = ORIENTED_EDGE ( 'NONE', *, *, #5753, .F. ) ;
#3696 = DIRECTION ( 'NONE',  ( -0.7276068751089986852, 0.4850712500726667153, 0.4850712500726657161 ) ) ;
#3697 = CARTESIAN_POINT ( 'NONE',  ( 2.149999999999999911, 1.199999999999999956, 2.799999999999999822 ) ) ;
#3698 = PRESENTATION_LAYER_ASSIGNMENT (  '', '', ( #1071 ) ) ;
#3699 = STYLED_ITEM ( 'NONE', ( #85 ), #3608 ) ;
#3700 = DIRECTION ( 'NONE',  ( 0.000000000000000000, 0.000000000000000000, 1.000000000000000000 ) ) ;
#3701 = PRESENTATION_STYLE_ASSIGNMENT (( #2036 ) ) ;
#3702 = CARTESIAN_POINT ( 'NONE',  ( 2.449999999999999734, 1.000000000000000000, 1.175000000000000044 ) ) ;
#3703 = DIRECTION ( 'NONE',  ( 0.000000000000000000, -2.990902544787600071E-16, 1.000000000000000000 ) ) ;
#3704 = VECTOR ( 'NONE', #5136, 1000.000000000000000 ) ;
#3705 = PRESENTATION_LAYER_ASSIGNMENT (  '', '', ( #1890 ) ) ;
#3706 = FILL_AREA_STYLE_COLOUR ( '', #192 ) ;
#3707 = PRESENTATION_STYLE_ASSIGNMENT (( #871 ) ) ;
#3708 = DIRECTION ( 'NONE',  ( 1.000000000000000000, 0.000000000000000000, 0.000000000000000000 ) ) ;
#3709 = CARTESIAN_POINT ( 'NONE',  ( 2.750000000000000000, 5.200000000000000178, 7.702172233337019555E-16 ) ) ;
#3710 = ORIENTED_EDGE ( 'NONE', *, *, #5125, .F. ) ;
#3711 = CARTESIAN_POINT ( 'NONE',  ( -0.1499999999999999944, 2.449999999999999734, -3.559999999999999609 ) ) ;
#3712 = EDGE_CURVE ( 'NONE', #5638, #1767, #2575, .T. ) ;
#3713 =( NAMED_UNIT ( * ) PLANE_ANGLE_UNIT ( ) SI_UNIT ( $, .RADIAN. ) );
#3714 = EDGE_CURVE ( 'NONE', #2637, #555, #4594, .T. ) ;
#3715 =( NAMED_UNIT ( * ) PLANE_ANGLE_UNIT ( ) SI_UNIT ( $, .RADIAN. ) );
#3716 = ORIENTED_EDGE ( 'NONE', *, *, #6582, .F. ) ;
#3717 = VERTEX_POINT ( 'NONE', #3957 ) ;
#3718 = ORIENTED_EDGE ( 'NONE', *, *, #78, .T. ) ;
#3719 = EDGE_CURVE ( 'NONE', #2309, #2832, #1277, .T. ) ;
#3720 = EDGE_LOOP ( 'NONE', ( #3587, #4045, #4636, #4047, #1735, #6085 ) ) ;
#3721 = SURFACE_STYLE_FILL_AREA ( #997 ) ;
#3722 = AXIS2_PLACEMENT_3D ( 'NONE', #2789, #6052, #1722 ) ;
#3723 = LINE ( 'NONE', #5930, #1301 ) ;
#3724 = CARTESIAN_POINT ( 'NONE',  ( 4.450000000000000178, 2.000000000000000000, -0.2000000000000000111 ) ) ;
#3725 = EDGE_CURVE ( 'NONE', #1769, #2799, #2327, .T. ) ;
#3726 = DIRECTION ( 'NONE',  ( 0.000000000000000000, 5.421010862427510337E-16, -1.000000000000000000 ) ) ;
#3727 = LINE ( 'NONE', #5492, #3647 ) ;
#3728 = ORIENTED_EDGE ( 'NONE', *, *, #3559, .T. ) ;
#3729 = FILL_AREA_STYLE_COLOUR ( '', #1133 ) ;
#3730 = CARTESIAN_POINT ( 'NONE',  ( -2.275849698379619923, 3.950000000000000178, 1.221601206481500057 ) ) ;
#3731 = COLOUR_RGB ( '',1.000000000000000000, 1.000000000000000000, 0.7529411764705882248 ) ;
#3732 = PRODUCT_DEFINITION ( 'UNKNOWN', '', #418, #6576 ) ;
#3733 = DIRECTION ( 'NONE',  ( 0.000000000000000000, -5.421010862427520198E-16, 1.000000000000000000 ) ) ;
#3734 = CARTESIAN_POINT ( 'NONE',  ( 4.250000000000000000, 4.200000000000000178, 1.800000000000000044 ) ) ;
#3735 =( GEOMETRIC_REPRESENTATION_CONTEXT ( 3 ) GLOBAL_UNCERTAINTY_ASSIGNED_CONTEXT ( ( #3404 ) ) GLOBAL_UNIT_ASSIGNED_CONTEXT ( ( #6255, #5661, #262 ) ) REPRESENTATION_CONTEXT ( 'NONE', 'WORKASPACE' ) );
#3736 = CARTESIAN_POINT ( 'NONE',  ( 2.250000000000000000, 3.950000000000000178, 1.125000000000000000 ) ) ;
#3737 = PRESENTATION_LAYER_ASSIGNMENT (  '', '', ( #4878 ) ) ;
#3738 = CARTESIAN_POINT ( 'NONE',  ( 2.550000000000000266, 1.000000000000000000, -0.2000000000000060063 ) ) ;
#3739 = CARTESIAN_POINT ( 'NONE',  ( -2.149999999999999911, 1.199999999999996625, 1.183578643762690286 ) ) ;
#3740 = CARTESIAN_POINT ( 'NONE',  ( -1.090000000000000080, 5.100000000000000533, 0.5999999999999999778 ) ) ;
#3741 = SURFACE_STYLE_USAGE ( .BOTH. , #442 ) ;
#3742 = DIRECTION ( 'NONE',  ( 1.000000000000000000, 0.000000000000000000, 0.000000000000000000 ) ) ;
#3743 = PRESENTATION_STYLE_ASSIGNMENT (( #2180 ) ) ;
#3744 = EDGE_CURVE ( 'NONE', #174, #4187, #758, .T. ) ;
#3745 = ORIENTED_EDGE ( 'NONE', *, *, #5620, .T. ) ;
#3746 = FILL_AREA_STYLE ('',( #1025 ) ) ;
#3747 = VECTOR ( 'NONE', #5686, 1000.000000000000000 ) ;
#3748 = SURFACE_STYLE_FILL_AREA ( #2594 ) ;
#3749 = PRESENTATION_LAYER_ASSIGNMENT (  '', '', ( #6867 ) ) ;
#3750 = SURFACE_STYLE_USAGE ( .BOTH. , #5515 ) ;
#3751 =( NAMED_UNIT ( * ) SI_UNIT ( $, .STERADIAN. ) SOLID_ANGLE_UNIT ( ) );
#3752 =( GEOMETRIC_REPRESENTATION_CONTEXT ( 3 ) GLOBAL_UNCERTAINTY_ASSIGNED_CONTEXT ( ( #4497 ) ) GLOBAL_UNIT_ASSIGNED_CONTEXT ( ( #3453, #4576, #4076 ) ) REPRESENTATION_CONTEXT ( 'NONE', 'WORKASPACE' ) );
#3753 = AXIS2_PLACEMENT_3D ( 'NONE', #1326, #2973, #869 ) ;
#3754 = LINE ( 'NONE', #4925, #5486 ) ;
#3755 = MECHANICAL_DESIGN_GEOMETRIC_PRESENTATION_REPRESENTATION (  '', ( #2634 ), #3183 ) ;
#3756 = AXIS2_PLACEMENT_3D ( 'NONE', #3736, #6075, #3296 ) ;
#3757 = ORIENTED_EDGE ( 'NONE', *, *, #3382, .T. ) ;
#3758 = VERTEX_POINT ( 'NONE', #3440 ) ;
#3759 = VERTEX_POINT ( 'NONE', #5040 ) ;
#3760 =( GEOMETRIC_REPRESENTATION_CONTEXT ( 3 ) GLOBAL_UNCERTAINTY_ASSIGNED_CONTEXT ( ( #1199 ) ) GLOBAL_UNIT_ASSIGNED_CONTEXT ( ( #635, #5565, #3395 ) ) REPRESENTATION_CONTEXT ( 'NONE', 'WORKASPACE' ) );
#3761 = VECTOR ( 'NONE', #3042, 1000.000000000000000 ) ;
#3762 = STYLED_ITEM ( 'NONE', ( #2142 ), #1911 ) ;
#3763 = UNCERTAINTY_MEASURE_WITH_UNIT (LENGTH_MEASURE( 1.000000000000000082E-05 ), #5378, 'distance_accuracy_value', 'NONE');
#3764 = ORIENTED_EDGE ( 'NONE', *, *, #7111, .F. ) ;
#3765 = PLANE ( 'NONE',  #2213 ) ;
#3766 = DIRECTION ( 'NONE',  ( 0.000000000000000000, -1.000000000000000000, 0.000000000000000000 ) ) ;
#3767 =( GEOMETRIC_REPRESENTATION_CONTEXT ( 3 ) GLOBAL_UNCERTAINTY_ASSIGNED_CONTEXT ( ( #3860 ) ) GLOBAL_UNIT_ASSIGNED_CONTEXT ( ( #5073, #56, #6089 ) ) REPRESENTATION_CONTEXT ( 'NONE', 'WORKASPACE' ) );
#3768 = SURFACE_STYLE_FILL_AREA ( #5384 ) ;
#3769 = ORIENTED_EDGE ( 'NONE', *, *, #4304, .F. ) ;
#3770 = AXIS2_PLACEMENT_3D ( 'NONE', #6686, #1794, #1761 ) ;
#3771 = DIRECTION ( 'NONE',  ( 1.000000000000000000, 3.548298019043469819E-16, 0.000000000000000000 ) ) ;
#3772 = ORIENTED_EDGE ( 'NONE', *, *, #1831, .F. ) ;
#3773 =( NAMED_UNIT ( * ) PLANE_ANGLE_UNIT ( ) SI_UNIT ( $, .RADIAN. ) );
#3774 = DIRECTION ( 'NONE',  ( 0.000000000000000000, 0.7071067811865480168, -0.7071067811865470176 ) ) ;
#3775 = CARTESIAN_POINT ( 'NONE',  ( -2.750000000000000000, 5.200000000000000178, 3.200000000000000178 ) ) ;
#3776 = PRESENTATION_LAYER_ASSIGNMENT (  '', '', ( #3420 ) ) ;
#3777 = VECTOR ( 'NONE', #4514, 1000.000000000000000 ) ;
#3778 = DIRECTION ( 'NONE',  ( 1.000000000000000000, 0.000000000000000000, 1.196361017915040028E-15 ) ) ;
#3779 = LINE ( 'NONE', #71, #1772 ) ;
#3780 = DIRECTION ( 'NONE',  ( -1.000000000000000000, 0.000000000000000000, 0.000000000000000000 ) ) ;
#3781 = PLANE ( 'NONE',  #4999 ) ;
#3782 = CARTESIAN_POINT ( 'NONE',  ( -2.275849698379619923, 1.116100201080249876, 1.978398793518490129 ) ) ;
#3783 = LINE ( 'NONE', #4387, #2226 ) ;
#3784 = SURFACE_STYLE_USAGE ( .BOTH. , #574 ) ;
#3785 = FILL_AREA_STYLE_COLOUR ( '', #6498 ) ;
#3786 = ORIENTED_EDGE ( 'NONE', *, *, #3809, .T. ) ;
#3787 = EDGE_CURVE ( 'NONE', #4966, #4589, #5732, .T. ) ;
#3788 = DIRECTION ( 'NONE',  ( 0.000000000000000000, 0.000000000000000000, -1.000000000000000000 ) ) ;
#3789 = CARTESIAN_POINT ( 'NONE',  ( 1.409999999999999920, 1.699999999999999956, 1.324999999999999956 ) ) ;
#3790 = DIRECTION ( 'NONE',  ( 1.000000000000000000, 0.000000000000000000, 0.000000000000000000 ) ) ;
#3791 = CARTESIAN_POINT ( 'NONE',  ( -2.449999999999999734, 3.950000000000000178, 2.024999999999999911 ) ) ;
#3792 = FILL_AREA_STYLE ('',( #1573 ) ) ;
#3793 = ORIENTED_EDGE ( 'NONE', *, *, #5758, .F. ) ;
#3794 = ORIENTED_EDGE ( 'NONE', *, *, #2437, .F. ) ;
#3795 = DIRECTION ( 'NONE',  ( 0.000000000000000000, 0.000000000000000000, 1.000000000000000000 ) ) ;
#3796 = VERTEX_POINT ( 'NONE', #125 ) ;
#3797 = MECHANICAL_DESIGN_GEOMETRIC_PRESENTATION_REPRESENTATION (  '', ( #6325 ), #4592 ) ;
#3798 = LINE ( 'NONE', #6065, #585 ) ;
#3799 = SURFACE_STYLE_FILL_AREA ( #968 ) ;
#3800 = CARTESIAN_POINT ( 'NONE',  ( -2.550000000000000266, 4.200000000000000178, -0.2000000000000000111 ) ) ;
#3801 = ORIENTED_EDGE ( 'NONE', *, *, #1417, .T. ) ;
#3802 = VECTOR ( 'NONE', #6073, 1000.000000000000000 ) ;
#3803 = ORIENTED_EDGE ( 'NONE', *, *, #4019, .F. ) ;
#3804 = DIRECTION ( 'NONE',  ( 0.000000000000000000, 1.000000000000000000, 0.000000000000000000 ) ) ;
#3805 = VECTOR ( 'NONE', #4217, 1000.000000000000000 ) ;
#3806 = EDGE_CURVE ( 'NONE', #4408, #6959, #6752, .T. ) ;
#3807 = PRESENTATION_LAYER_ASSIGNMENT (  '', '', ( #5655 ) ) ;
#3808 = EDGE_CURVE ( 'NONE', #6754, #1540, #3557, .T. ) ;
#3809 = EDGE_CURVE ( 'NONE', #1835, #2260, #3996, .T. ) ;
#3810 = DIRECTION ( 'NONE',  ( 0.000000000000000000, 0.000000000000000000, 1.000000000000000000 ) ) ;
#3811 = VECTOR ( 'NONE', #297, 1000.000000000000000 ) ;
#3812 =( LENGTH_UNIT ( ) NAMED_UNIT ( * ) SI_UNIT ( .MILLI., .METRE. ) );
#3813 =( NAMED_UNIT ( * ) SI_UNIT ( $, .STERADIAN. ) SOLID_ANGLE_UNIT ( ) );
#3814 = PRESENTATION_STYLE_ASSIGNMENT (( #1704 ) ) ;
#3815 = DIRECTION ( 'NONE',  ( 0.000000000000000000, 1.000000000000000000, 1.709941712034280011E-15 ) ) ;
#3816 =( GEOMETRIC_REPRESENTATION_CONTEXT ( 3 ) GLOBAL_UNCERTAINTY_ASSIGNED_CONTEXT ( ( #5856 ) ) GLOBAL_UNIT_ASSIGNED_CONTEXT ( ( #6375, #4281, #1970 ) ) REPRESENTATION_CONTEXT ( 'NONE', 'WORKASPACE' ) );
#3817 =( GEOMETRIC_REPRESENTATION_CONTEXT ( 3 ) GLOBAL_UNCERTAINTY_ASSIGNED_CONTEXT ( ( #519 ) ) GLOBAL_UNIT_ASSIGNED_CONTEXT ( ( #2044, #4212, #7004 ) ) REPRESENTATION_CONTEXT ( 'NONE', 'WORKASPACE' ) );
#3818 = PLANE ( 'NONE',  #1112 ) ;
#3819 = LINE ( 'NONE', #1093, #779 ) ;
#3820 = DIRECTION ( 'NONE',  ( 1.000000000000000000, 0.000000000000000000, -5.421010862427520198E-16 ) ) ;
#3821 = CARTESIAN_POINT ( 'NONE',  ( -2.300961612057189853, 1.099358925295210065, 1.985118537690890195 ) ) ;
#3822 = COLOUR_RGB ( '',0.7529411764705882248, 0.7529411764705882248, 0.7529411764705882248 ) ;
#3823 = FILL_AREA_STYLE_COLOUR ( '', #4953 ) ;
#3824 = ORIENTED_EDGE ( 'NONE', *, *, #2461, .F. ) ;
#3825 = AXIS2_PLACEMENT_3D ( 'NONE', #1307, #2890, #5646 ) ;
#3826 = CARTESIAN_POINT ( 'NONE',  ( 1.409999999999999920, 6.200000000000000178, 7.216449660063520471E-16 ) ) ;
#3827 = DIRECTION ( 'NONE',  ( 0.000000000000000000, 1.000000000000000000, 0.000000000000000000 ) ) ;
#3828 = DIRECTION ( 'NONE',  ( 0.7071067811865470176, 0.7071067811865480168, 0.000000000000000000 ) ) ;
#3829 = EDGE_CURVE ( 'NONE', #7109, #1865, #2996, .T. ) ;
#3830 = EDGE_CURVE ( 'NONE', #2159, #1997, #6936, .T. ) ;
#3831 = DIRECTION ( 'NONE',  ( -8.673617379884039416E-16, -1.000000000000000000, 0.000000000000000000 ) ) ;
#3832 = STYLED_ITEM ( 'NONE', ( #5428 ), #3911 ) ;
#3833 = CARTESIAN_POINT ( 'NONE',  ( -4.250000000000000000, 4.200000000000000178, 0.5999999999999999778 ) ) ;
#3834 = SURFACE_SIDE_STYLE ('',( #1030 ) ) ;
#3835 = VECTOR ( 'NONE', #3101, 1000.000000000000114 ) ;
#3836 = ORIENTED_EDGE ( 'NONE', *, *, #2760, .T. ) ;
#3837 = ORIENTED_EDGE ( 'NONE', *, *, #443, .F. ) ;
#3838 = EDGE_CURVE ( 'NONE', #4494, #2083, #193, .T. ) ;
#3839 = AXIS2_PLACEMENT_3D ( 'NONE', #2707, #7051, #2130 ) ;
#3840 = VERTEX_POINT ( 'NONE', #827 ) ;
#3841 = UNCERTAINTY_MEASURE_WITH_UNIT (LENGTH_MEASURE( 1.000000000000000082E-05 ), #7095, 'distance_accuracy_value', 'NONE');
#3842 = FACE_BOUND ( 'NONE', #2297, .T. ) ;
#3843 = VECTOR ( 'NONE', #6631, 1000.000000000000000 ) ;
#3844 = FACE_OUTER_BOUND ( 'NONE', #6031, .T. ) ;
#3845 = ADVANCED_FACE ( 'NONE', ( #2464 ), #6849, .F. ) ;
#3846 = ORIENTED_EDGE ( 'NONE', *, *, #2381, .F. ) ;
#3847 = CARTESIAN_POINT ( 'NONE',  ( 2.449999999999999734, 3.950000000000000178, 1.175000000000000044 ) ) ;
#3848 = ORIENTED_EDGE ( 'NONE', *, *, #1077, .F. ) ;
#3849 = SURFACE_STYLE_FILL_AREA ( #1042 ) ;
#3850 = SURFACE_STYLE_USAGE ( .BOTH. , #1697 ) ;
#3851 = ORIENTED_EDGE ( 'NONE', *, *, #7058, .T. ) ;
#3852 = SURFACE_STYLE_FILL_AREA ( #4944 ) ;
#3853 = SURFACE_STYLE_USAGE ( .BOTH. , #532 ) ;
#3854 = DIRECTION ( 'NONE',  ( 0.000000000000000000, -1.000000000000000000, -3.419883424068560022E-16 ) ) ;
#3855 = MECHANICAL_DESIGN_GEOMETRIC_PRESENTATION_REPRESENTATION (  '', ( #6737 ), #1342 ) ;
#3856 = SURFACE_STYLE_FILL_AREA ( #6586 ) ;
#3857 = LINE ( 'NONE', #1384, #3004 ) ;
#3858 = VERTEX_POINT ( 'NONE', #4743 ) ;
#3859 = EDGE_CURVE ( 'NONE', #6959, #1609, #1963, .T. ) ;
#3860 = UNCERTAINTY_MEASURE_WITH_UNIT (LENGTH_MEASURE( 1.000000000000000082E-05 ), #5073, 'distance_accuracy_value', 'NONE');
#3861 = PRESENTATION_STYLE_ASSIGNMENT (( #1673 ) ) ;
#3862 = VECTOR ( 'NONE', #6049, 1000.000000000000000 ) ;
#3863 = SURFACE_STYLE_FILL_AREA ( #3303 ) ;
#3864 = FACE_OUTER_BOUND ( 'NONE', #5382, .T. ) ;
#3865 =( NAMED_UNIT ( * ) PLANE_ANGLE_UNIT ( ) SI_UNIT ( $, .RADIAN. ) );
#3866 = ORIENTED_EDGE ( 'NONE', *, *, #6680, .T. ) ;
#3867 = CARTESIAN_POINT ( 'NONE',  ( 0.1600000000000000033, 1.699999999999999956, 0.9250000000000000444 ) ) ;
#3868 = EDGE_CURVE ( 'NONE', #6347, #2939, #6962, .T. ) ;
#3869 = CARTESIAN_POINT ( 'NONE',  ( -1.090000000000000080, 2.399999999999999911, 0.7750000000000000222 ) ) ;
#3870 =( GEOMETRIC_REPRESENTATION_CONTEXT ( 3 ) GLOBAL_UNCERTAINTY_ASSIGNED_CONTEXT ( ( #6292 ) ) GLOBAL_UNIT_ASSIGNED_CONTEXT ( ( #2821, #1677, #471 ) ) REPRESENTATION_CONTEXT ( 'NONE', 'WORKASPACE' ) );
#3871 = PRESENTATION_LAYER_ASSIGNMENT (  '', '', ( #3502 ) ) ;
#3872 = SURFACE_STYLE_FILL_AREA ( #3245 ) ;
#3873 = LINE ( 'NONE', #1650, #5845 ) ;
#3874 = ORIENTED_EDGE ( 'NONE', *, *, #1729, .F. ) ;
#3875 = EDGE_CURVE ( 'NONE', #2803, #7047, #435, .T. ) ;
#3876 = VERTEX_POINT ( 'NONE', #6473 ) ;
#3877 = ORIENTED_EDGE ( 'NONE', *, *, #5168, .F. ) ;
#3878 = DIRECTION ( 'NONE',  ( 0.000000000000000000, 0.000000000000000000, 1.000000000000000000 ) ) ;
#3879 = ORIENTED_EDGE ( 'NONE', *, *, #3038, .T. ) ;
#3880 = ORIENTED_EDGE ( 'NONE', *, *, #3112, .F. ) ;
#3881 = FILL_AREA_STYLE ('',( #3729 ) ) ;
#3882 = SURFACE_STYLE_FILL_AREA ( #2135 ) ;
#3883 = ORIENTED_EDGE ( 'NONE', *, *, #703, .F. ) ;
#3884 = VECTOR ( 'NONE', #6099, 1000.000000000000000 ) ;
#3885 = MECHANICAL_DESIGN_GEOMETRIC_PRESENTATION_REPRESENTATION (  '', ( #5377 ), #4455 ) ;
#3886 = FILL_AREA_STYLE ('',( #608 ) ) ;
#3887 = CARTESIAN_POINT ( 'NONE',  ( -1.090000000000000080, 6.200000000000000178, 7.216449660063520471E-16 ) ) ;
#3888 = VERTEX_POINT ( 'NONE', #2648 ) ;
#3889 = FILL_AREA_STYLE ('',( #5503 ) ) ;
#3890 = AXIS2_PLACEMENT_3D ( 'NONE', #2660, #6486, #7102 ) ;
#3891 = SURFACE_STYLE_USAGE ( .BOTH. , #5471 ) ;
#3892 = VERTEX_POINT ( 'NONE', #6994 ) ;
#3893 = ORIENTED_EDGE ( 'NONE', *, *, #5557, .F. ) ;
#3894 = SURFACE_STYLE_FILL_AREA ( #2216 ) ;
#3895 = FILL_AREA_STYLE ('',( #2261 ) ) ;
#3896 = ORIENTED_EDGE ( 'NONE', *, *, #315, .T. ) ;
#3897 = PLANE ( 'NONE',  #6811 ) ;
#3898 = ADVANCED_FACE ( 'NONE', ( #863 ), #1523, .T. ) ;
#3899 =( NAMED_UNIT ( * ) PLANE_ANGLE_UNIT ( ) SI_UNIT ( $, .RADIAN. ) );
#3900 = VERTEX_POINT ( 'NONE', #904 ) ;
#3901 = VERTEX_POINT ( 'NONE', #6925 ) ;
#3902 = DIRECTION ( 'NONE',  ( 0.000000000000000000, 0.000000000000000000, -1.000000000000000000 ) ) ;
#3903 = ORIENTED_EDGE ( 'NONE', *, *, #4138, .T. ) ;
#3904 = UNCERTAINTY_MEASURE_WITH_UNIT (LENGTH_MEASURE( 1.000000000000000082E-05 ), #5462, 'distance_accuracy_value', 'NONE');
#3905 = CARTESIAN_POINT ( 'NONE',  ( 0.1499999999999999944, 1.199999999999999956, 0.4000000000000000222 ) ) ;
#3906 = VERTEX_POINT ( 'NONE', #5327 ) ;
#3907 = VERTEX_POINT ( 'NONE', #399 ) ;
#3908 = CARTESIAN_POINT ( 'NONE',  ( 2.275849698379619923, 3.950000000000000178, 1.221601206481500057 ) ) ;
#3909 = LINE ( 'NONE', #6313, #699 ) ;
#3910 = EDGE_CURVE ( 'NONE', #295, #6965, #1426, .T. ) ;
#3911 = ADVANCED_FACE ( 'NONE', ( #1456 ), #3098, .F. ) ;
#3912 = DIRECTION ( 'NONE',  ( -1.000000000000000000, 0.000000000000000000, 0.000000000000000000 ) ) ;
#3913 = AXIS2_PLACEMENT_3D ( 'NONE', #570, #1596, #3780 ) ;
#3914 = CARTESIAN_POINT ( 'NONE',  ( 2.449999999999999734, 1.000000000000000000, 0.2000000000000000111 ) ) ;
#3915 = STYLED_ITEM ( 'NONE', ( #1720 ), #1151 ) ;
#3916 = CARTESIAN_POINT ( 'NONE',  ( 2.550000000000000266, 1.000000000000000000, -0.2000000000000060063 ) ) ;
#3917 = PRESENTATION_STYLE_ASSIGNMENT (( #4418 ) ) ;
#3918 = VERTEX_POINT ( 'NONE', #4946 ) ;
#3919 = STYLED_ITEM ( 'NONE', ( #2020 ), #2361 ) ;
#3920 = VECTOR ( 'NONE', #4014, 1000.000000000000000 ) ;
#3921 = VECTOR ( 'NONE', #5850, 1000.000000000000000 ) ;
#3922 = LINE ( 'NONE', #2292, #2068 ) ;
#3923 = ORIENTED_EDGE ( 'NONE', *, *, #3937, .T. ) ;
#3924 = VECTOR ( 'NONE', #2975, 1000.000000000000000 ) ;
#3925 = MECHANICAL_DESIGN_GEOMETRIC_PRESENTATION_REPRESENTATION (  '', ( #825 ), #5656 ) ;
#3926 = PRESENTATION_STYLE_ASSIGNMENT (( #620 ) ) ;
#3927 = ORIENTED_EDGE ( 'NONE', *, *, #5710, .F. ) ;
#3928 = FILL_AREA_STYLE_COLOUR ( '', #587 ) ;
#3929 = CARTESIAN_POINT ( 'NONE',  ( 1.090000000000000080, 6.200000000000000178, 0.2999999999999999889 ) ) ;
#3930 =( LENGTH_UNIT ( ) NAMED_UNIT ( * ) SI_UNIT ( .MILLI., .METRE. ) );
#3931 = SURFACE_STYLE_FILL_AREA ( #1753 ) ;
#3932 =( NAMED_UNIT ( * ) PLANE_ANGLE_UNIT ( ) SI_UNIT ( $, .RADIAN. ) );
#3933 = DIRECTION ( 'NONE',  ( 0.000000000000000000, -0.9805806756909203337, -0.1961161351381830731 ) ) ;
#3934 = VERTEX_POINT ( 'NONE', #1702 ) ;
#3935 = EDGE_LOOP ( 'NONE', ( #4616, #3145, #1689, #3989 ) ) ;
#3936 = CARTESIAN_POINT ( 'NONE',  ( 2.550000000000000266, 2.000000000000000000, -0.2000000000000050071 ) ) ;
#3937 = EDGE_CURVE ( 'NONE', #5746, #1834, #6038, .T. ) ;
#3938 = VECTOR ( 'NONE', #2002, 1000.000000000000000 ) ;
#3939 = EDGE_CURVE ( 'NONE', #1767, #6087, #3779, .T. ) ;
#3940 = DIRECTION ( 'NONE',  ( 0.000000000000000000, -1.000000000000000000, -5.421010862427520198E-16 ) ) ;
#3941 = AXIS2_PLACEMENT_3D ( 'NONE', #6195, #662, #2875 ) ;
#3942 = ORIENTED_EDGE ( 'NONE', *, *, #3107, .F. ) ;
#3943 = CARTESIAN_POINT ( 'NONE',  ( -2.550000000000000266, 1.000000000000000000, -0.2000000000000060063 ) ) ;
#3944 = CARTESIAN_POINT ( 'NONE',  ( -0.1600000000000000033, 5.899999999999999467, 1.175000000000000044 ) ) ;
#3945 = EDGE_CURVE ( 'NONE', #6094, #1769, #6664, .T. ) ;
#3946 =( GEOMETRIC_REPRESENTATION_CONTEXT ( 3 ) GLOBAL_UNCERTAINTY_ASSIGNED_CONTEXT ( ( #5997 ) ) GLOBAL_UNIT_ASSIGNED_CONTEXT ( ( #2966, #6221, #4633 ) ) REPRESENTATION_CONTEXT ( 'NONE', 'WORKASPACE' ) );
#3947 =( LENGTH_UNIT ( ) NAMED_UNIT ( * ) SI_UNIT ( .MILLI., .METRE. ) );
#3948 = CARTESIAN_POINT ( 'NONE',  ( -2.250000000000000000, 3.950000000000000178, 1.125000000000000000 ) ) ;
#3949 = PRESENTATION_STYLE_ASSIGNMENT (( #250 ) ) ;
#3950 =( NAMED_UNIT ( * ) PLANE_ANGLE_UNIT ( ) SI_UNIT ( $, .RADIAN. ) );
#3951 = SURFACE_SIDE_STYLE ('',( #6777 ) ) ;
#3952 = EDGE_CURVE ( 'NONE', #1566, #2030, #1153, .T. ) ;
#3953 = ORIENTED_EDGE ( 'NONE', *, *, #4983, .F. ) ;
#3954 = SURFACE_SIDE_STYLE ('',( #6886 ) ) ;
#3955 = LINE ( 'NONE', #6747, #6999 ) ;
#3956 = FILL_AREA_STYLE ('',( #2897 ) ) ;
#3957 = CARTESIAN_POINT ( 'NONE',  ( -1.409999999999999920, 5.599999999999999645, -0.2000000000000000111 ) ) ;
#3958 = DIRECTION ( 'NONE',  ( -1.000000000000000000, 0.000000000000000000, 0.000000000000000000 ) ) ;
#3959 = EDGE_LOOP ( 'NONE', ( #2449, #6166, #5304, #5848 ) ) ;
#3960 = CARTESIAN_POINT ( 'NONE',  ( -1.409999999999999920, 0.000000000000000000, 0.000000000000000000 ) ) ;
#3961 = ORIENTED_EDGE ( 'NONE', *, *, #1831, .T. ) ;
#3962 =( NAMED_UNIT ( * ) SI_UNIT ( $, .STERADIAN. ) SOLID_ANGLE_UNIT ( ) );
#3963 =( LENGTH_UNIT ( ) NAMED_UNIT ( * ) SI_UNIT ( .MILLI., .METRE. ) );
#3964 = VECTOR ( 'NONE', #6628, 1000.000000000000000 ) ;
#3965 = DIRECTION ( 'NONE',  ( 0.000000000000000000, 1.000000000000000000, 1.709941712034280011E-15 ) ) ;
#3966 = EDGE_CURVE ( 'NONE', #2159, #2196, #5540, .T. ) ;
#3967 = CARTESIAN_POINT ( 'NONE',  ( -2.250000000000000000, 3.950000000000000178, 1.525000000000000133 ) ) ;
#3968 = CARTESIAN_POINT ( 'NONE',  ( 3.250000000000000000, 1.399999999999999911, 2.000000000000000000 ) ) ;
#3969 = SURFACE_SIDE_STYLE ('',( #6790 ) ) ;
#3970 = ORIENTED_EDGE ( 'NONE', *, *, #4442, .T. ) ;
#3971 = ORIENTED_EDGE ( 'NONE', *, *, #4377, .F. ) ;
#3972 = DIRECTION ( 'NONE',  ( 0.000000000000000000, 0.000000000000000000, 1.000000000000000000 ) ) ;
#3973 = AXIS2_PLACEMENT_3D ( 'NONE', #1972, #3070, #5847 ) ;
#3974 = AXIS2_PLACEMENT_3D ( 'NONE', #1053, #3669, #3639 ) ;
#3975 = UNCERTAINTY_MEASURE_WITH_UNIT (LENGTH_MEASURE( 1.000000000000000082E-05 ), #5348, 'distance_accuracy_value', 'NONE');
#3976 = VECTOR ( 'NONE', #6366, 1000.000000000000000 ) ;
#3977 = AXIS2_PLACEMENT_3D ( 'NONE', #6810, #3992, #1313 ) ;
#3978 = EDGE_LOOP ( 'NONE', ( #2545, #453, #461, #1662 ) ) ;
#3979 = SURFACE_SIDE_STYLE ('',( #2804 ) ) ;
#3980 = DIRECTION ( 'NONE',  ( 1.000000000000000000, 0.000000000000000000, 0.000000000000000000 ) ) ;
#3981 = STYLED_ITEM ( 'NONE', ( #969 ), #4875 ) ;
#3982 = SURFACE_SIDE_STYLE ('',( #4585 ) ) ;
#3983 = STYLED_ITEM ( 'NONE', ( #3271 ), #5206 ) ;
#3984 = FACE_OUTER_BOUND ( 'NONE', #1354, .T. ) ;
#3985 = VECTOR ( 'NONE', #1122, 1000.000000000000000 ) ;
#3986 =( GEOMETRIC_REPRESENTATION_CONTEXT ( 3 ) GLOBAL_UNCERTAINTY_ASSIGNED_CONTEXT ( ( #6745 ) ) GLOBAL_UNIT_ASSIGNED_CONTEXT ( ( #184, #3950, #5647 ) ) REPRESENTATION_CONTEXT ( 'NONE', 'WORKASPACE' ) );
#3987 = CARTESIAN_POINT ( 'NONE',  ( -2.750000000000000000, 5.200000000000000178, 3.200000000000000178 ) ) ;
#3988 = CARTESIAN_POINT ( 'NONE',  ( 4.049999999999999822, 1.399999999999999911, 2.000000000000000000 ) ) ;
#3989 = ORIENTED_EDGE ( 'NONE', *, *, #1099, .F. ) ;
#3990 =( LENGTH_UNIT ( ) NAMED_UNIT ( * ) SI_UNIT ( .MILLI., .METRE. ) );
#3991 = UNCERTAINTY_MEASURE_WITH_UNIT (LENGTH_MEASURE( 1.000000000000000082E-05 ), #3963, 'distance_accuracy_value', 'NONE');
#3992 = DIRECTION ( 'NONE',  ( 0.000000000000000000, 0.000000000000000000, 1.000000000000000000 ) ) ;
#3993 = STYLED_ITEM ( 'NONE', ( #4143 ), #1822 ) ;
#3994 =( NAMED_UNIT ( * ) SI_UNIT ( $, .STERADIAN. ) SOLID_ANGLE_UNIT ( ) );
#3995 = LINE ( 'NONE', #4502, #388 ) ;
#3996 = LINE ( 'NONE', #1812, #5075 ) ;
#3997 = FACE_OUTER_BOUND ( 'NONE', #4404, .T. ) ;
#3998 = EDGE_LOOP ( 'NONE', ( #3636, #3272, #3682, #6927 ) ) ;
#3999 =( NAMED_UNIT ( * ) PLANE_ANGLE_UNIT ( ) SI_UNIT ( $, .RADIAN. ) );
#4000 = DIRECTION ( 'NONE',  ( -0.7071067811865461294, 0.000000000000000000, -0.7071067811865490160 ) ) ;
#4001 = DIRECTION ( 'NONE',  ( 1.000000000000000000, 0.000000000000000000, 1.204669080539449590E-16 ) ) ;
#4002 = MECHANICAL_DESIGN_GEOMETRIC_PRESENTATION_REPRESENTATION (  '', ( #3420 ), #4341 ) ;
#4003 = DIRECTION ( 'NONE',  ( 0.000000000000000000, 3.614007241618349954E-15, -1.000000000000000000 ) ) ;
#4004 = EDGE_CURVE ( 'NONE', #4752, #4702, #38, .T. ) ;
#4005 = LINE ( 'NONE', #1935, #6106 ) ;
#4006 = ORIENTED_EDGE ( 'NONE', *, *, #6581, .T. ) ;
#4007 = ORIENTED_EDGE ( 'NONE', *, *, #5302, .T. ) ;
#4008 = CARTESIAN_POINT ( 'NONE',  ( -2.149999999999999911, 3.950000000000000178, 0.4000000000000000222 ) ) ;
#4009 = ORIENTED_EDGE ( 'NONE', *, *, #6115, .T. ) ;
#4010 = ORIENTED_EDGE ( 'NONE', *, *, #3712, .F. ) ;
#4011 = ORIENTED_EDGE ( 'NONE', *, *, #1270, .T. ) ;
#4012 = LINE ( 'NONE', #6175, #3884 ) ;
#4013 = FACE_OUTER_BOUND ( 'NONE', #6098, .T. ) ;
#4014 = DIRECTION ( 'NONE',  ( -1.000000000000000000, 0.000000000000000000, 0.000000000000000000 ) ) ;
#4015 = CARTESIAN_POINT ( 'NONE',  ( 4.250000000000000000, 4.200000000000000178, 0.05000000000000100198 ) ) ;
#4016 = ORIENTED_EDGE ( 'NONE', *, *, #964, .T. ) ;
#4017 = ADVANCED_FACE ( 'NONE', ( #1120 ), #5498, .F. ) ;
#4018 = EDGE_CURVE ( 'NONE', #1609, #6908, #1086, .T. ) ;
#4019 = EDGE_CURVE ( 'NONE', #1581, #5457, #151, .T. ) ;
#4020 =( GEOMETRIC_REPRESENTATION_CONTEXT ( 3 ) GLOBAL_UNCERTAINTY_ASSIGNED_CONTEXT ( ( #1985 ) ) GLOBAL_UNIT_ASSIGNED_CONTEXT ( ( #750, #154, #2360 ) ) REPRESENTATION_CONTEXT ( 'NONE', 'WORKASPACE' ) );
#4021 = SURFACE_STYLE_FILL_AREA ( #5233 ) ;
#4022 = SURFACE_STYLE_FILL_AREA ( #1202 ) ;
#4023 = CARTESIAN_POINT ( 'NONE',  ( -1.800000000000000044, 2.600000000000000089, 3.000000000000000000 ) ) ;
#4024 = CARTESIAN_POINT ( 'NONE',  ( 2.172994770206900128, 1.184670153195399811, 1.950875649999249895 ) ) ;
#4025 = DIRECTION ( 'NONE',  ( -1.000000000000000000, 0.000000000000000000, -1.483138015208920067E-30 ) ) ;
#4026 = ORIENTED_EDGE ( 'NONE', *, *, #6507, .T. ) ;
#4027 = DIRECTION ( 'NONE',  ( 0.000000000000000000, 1.000000000000000000, 5.421010862427510337E-16 ) ) ;
#4028 = EDGE_LOOP ( 'NONE', ( #2465, #2090, #2450, #3534, #5625, #4460, #4224, #1992 ) ) ;
#4029 = PRESENTATION_LAYER_ASSIGNMENT (  '', '', ( #6445 ) ) ;
#4030 = CARTESIAN_POINT ( 'NONE',  ( 4.250000000000000000, 1.399999999999999911, 1.800000000000000044 ) ) ;
#4031 = CIRCLE ( 'NONE', #3569, 0.2000000000000000944 ) ;
#4032 = VECTOR ( 'NONE', #4288, 1000.000000000000000 ) ;
#4033 = CARTESIAN_POINT ( 'NONE',  ( -1.800000000000000044, 2.000000000000000000, 3.200000000000000178 ) ) ;
#4034 = LINE ( 'NONE', #3423, #3142 ) ;
#4035 = PRESENTATION_LAYER_ASSIGNMENT (  '', '', ( #26 ) ) ;
#4036 = PRESENTATION_LAYER_ASSIGNMENT (  '', '', ( #4266 ) ) ;
#4037 = DIRECTION ( 'NONE',  ( 1.000000000000000000, 0.000000000000000000, 0.000000000000000000 ) ) ;
#4038 = ORIENTED_EDGE ( 'NONE', *, *, #1077, .T. ) ;
#4039 = ORIENTED_EDGE ( 'NONE', *, *, #402, .F. ) ;
#4040 = PLANE ( 'NONE',  #4103 ) ;
#4041 = EDGE_CURVE ( 'NONE', #7017, #1786, #2957, .T. ) ;
#4042 = VECTOR ( 'NONE', #6856, 1000.000000000000000 ) ;
#4043 = AXIS2_PLACEMENT_3D ( 'NONE', #5173, #1892, #5110 ) ;
#4044 = PRESENTATION_STYLE_ASSIGNMENT (( #804 ) ) ;
#4045 = ORIENTED_EDGE ( 'NONE', *, *, #3490, .F. ) ;
#4046 = VECTOR ( 'NONE', #2084, 1000.000000000000000 ) ;
#4047 = ORIENTED_EDGE ( 'NONE', *, *, #4369, .F. ) ;
#4048 = PLANE ( 'NONE',  #4117 ) ;
#4049 = AXIS2_PLACEMENT_3D ( 'NONE', #1594, #6545, #6011 ) ;
#4050 = UNCERTAINTY_MEASURE_WITH_UNIT (LENGTH_MEASURE( 1.000000000000000082E-05 ), #4532, 'distance_accuracy_value', 'NONE');
#4051 = ADVANCED_FACE ( 'NONE', ( #217 ), #5169, .F. ) ;
#4052 = LINE ( 'NONE', #6248, #2282 ) ;
#4053 = PRESENTATION_LAYER_ASSIGNMENT (  '', '', ( #47 ) ) ;
#4054 = FILL_AREA_STYLE ('',( #4490 ) ) ;
#4055 = FILL_AREA_STYLE_COLOUR ( '', #5718 ) ;
#4056 = FACE_OUTER_BOUND ( 'NONE', #6323, .T. ) ;
#4057 = VERTEX_POINT ( 'NONE', #783 ) ;
#4058 = CARTESIAN_POINT ( 'NONE',  ( -0.1600000000000000033, 6.200000000000000178, 0.2999999999999999889 ) ) ;
#4059 =( GEOMETRIC_REPRESENTATION_CONTEXT ( 3 ) GLOBAL_UNCERTAINTY_ASSIGNED_CONTEXT ( ( #5560 ) ) GLOBAL_UNIT_ASSIGNED_CONTEXT ( ( #3671, #6899, #6934 ) ) REPRESENTATION_CONTEXT ( 'NONE', 'WORKASPACE' ) );
#4060 =( BOUNDED_CURVE ( )  B_SPLINE_CURVE ( 3, ( #3008, #6864, #6832, #6172 ),
 .UNSPECIFIED., .F., .F. ) 
 B_SPLINE_CURVE_WITH_KNOTS ( ( 4, 4 ),
 ( 1.570796326794897668, 3.141592653589794448 ),
 .UNSPECIFIED. ) 
 CURVE ( )  GEOMETRIC_REPRESENTATION_ITEM ( )  RATIONAL_B_SPLINE_CURVE ( ( 1.000000000000000000, 0.8047378541243649375, 0.8047378541243649375, 1.000000000000000000 ) ) 
 REPRESENTATION_ITEM ( '' )  );
#4061 = UNCERTAINTY_MEASURE_WITH_UNIT (LENGTH_MEASURE( 1.000000000000000082E-05 ), #1884, 'distance_accuracy_value', 'NONE');
#4062 = SURFACE_STYLE_USAGE ( .BOTH. , #190 ) ;
#4063 = DIRECTION ( 'NONE',  ( 0.000000000000000000, -1.000000000000000000, 0.000000000000000000 ) ) ;
#4064 = SURFACE_STYLE_USAGE ( .BOTH. , #124 ) ;
#4065 = VECTOR ( 'NONE', #1962, 1000.000000000000000 ) ;
#4066 = CARTESIAN_POINT ( 'NONE',  ( -2.449999999999999734, 1.000000000000000000, 0.2000000000000000111 ) ) ;
#4067 = SURFACE_STYLE_USAGE ( .BOTH. , #5581 ) ;
#4068 = ORIENTED_EDGE ( 'NONE', *, *, #3166, .T. ) ;
#4069 = FILL_AREA_STYLE_COLOUR ( '', #5940 ) ;
#4070 = EDGE_LOOP ( 'NONE', ( #452, #5370, #4010, #3695 ) ) ;
#4071 = LINE ( 'NONE', #1396, #3127 ) ;
#4072 = VECTOR ( 'NONE', #1387, 1000.000000000000000 ) ;
#4073 = CARTESIAN_POINT ( 'NONE',  ( -0.5500000000000000444, 3.600000000000000089, 0.4000000000000000222 ) ) ;
#4074 = DIRECTION ( 'NONE',  ( 0.000000000000000000, 0.000000000000000000, -1.000000000000000000 ) ) ;
#4075 = ADVANCED_FACE ( 'NONE', ( #5099 ), #3506, .T. ) ;
#4076 =( NAMED_UNIT ( * ) SI_UNIT ( $, .STERADIAN. ) SOLID_ANGLE_UNIT ( ) );
#4077 = ORIENTED_EDGE ( 'NONE', *, *, #6716, .T. ) ;
#4078 = VERTEX_POINT ( 'NONE', #6840 ) ;
#4079 = CARTESIAN_POINT ( 'NONE',  ( 2.300961612057200067, 1.099358925295200073, 1.214881462309109983 ) ) ;
#4080 = SURFACE_SIDE_STYLE ('',( #3460 ) ) ;
#4081 = EDGE_CURVE ( 'NONE', #1185, #4078, #1914, .T. ) ;
#4082 = VERTEX_POINT ( 'NONE', #5058 ) ;
#4083 = VECTOR ( 'NONE', #7063, 1000.000000000000000 ) ;
#4084 = ORIENTED_EDGE ( 'NONE', *, *, #3466, .F. ) ;
#4085 = FILL_AREA_STYLE ('',( #6243 ) ) ;
#4086 = FACE_OUTER_BOUND ( 'NONE', #6164, .T. ) ;
#4087 = EDGE_CURVE ( 'NONE', #4565, #6071, #5569, .T. ) ;
#4088 =( NAMED_UNIT ( * ) PLANE_ANGLE_UNIT ( ) SI_UNIT ( $, .RADIAN. ) );
#4089 = SURFACE_STYLE_FILL_AREA ( #6985 ) ;
#4090 = MECHANICAL_DESIGN_GEOMETRIC_PRESENTATION_REPRESENTATION (  '', ( #80 ), #2964 ) ;
#4091 = LINE ( 'NONE', #3659, #1950 ) ;
#4092 = LINE ( 'NONE', #3551, #1630 ) ;
#4093 = ORIENTED_EDGE ( 'NONE', *, *, #3638, .T. ) ;
#4094 = CARTESIAN_POINT ( 'NONE',  ( -2.449999999999999734, 3.950000000000000178, 2.024999999999999911 ) ) ;
#4095 = VECTOR ( 'NONE', #166, 1000.000000000000000 ) ;
#4096 = PRESENTATION_LAYER_ASSIGNMENT (  '', '', ( #5944 ) ) ;
#4097 = VECTOR ( 'NONE', #6900, 1000.000000000000000 ) ;
#4098 = LINE ( 'NONE', #1390, #6463 ) ;
#4099 = DIRECTION ( 'NONE',  ( -1.000000000000000000, 0.000000000000000000, -2.409338161078899180E-16 ) ) ;
#4100 = ORIENTED_EDGE ( 'NONE', *, *, #964, .F. ) ;
#4101 = SURFACE_STYLE_FILL_AREA ( #6851 ) ;
#4102 = LINE ( 'NONE', #2432, #5648 ) ;
#4103 = AXIS2_PLACEMENT_3D ( 'NONE', #5849, #5122, #201 ) ;
#4104 =( GEOMETRIC_REPRESENTATION_CONTEXT ( 3 ) GLOBAL_UNCERTAINTY_ASSIGNED_CONTEXT ( ( #3554 ) ) GLOBAL_UNIT_ASSIGNED_CONTEXT ( ( #2003, #6299, #3633 ) ) REPRESENTATION_CONTEXT ( 'NONE', 'WORKASPACE' ) );
#4105 = LINE ( 'NONE', #3066, #5947 ) ;
#4106 = LINE ( 'NONE', #5843, #548 ) ;
#4107 = DIRECTION ( 'NONE',  ( 0.000000000000000000, 0.000000000000000000, -1.000000000000000000 ) ) ;
#4108 = DIRECTION ( 'NONE',  ( -0.7071067811865470176, 0.7071067811865480168, 0.000000000000000000 ) ) ;
#4109 = CARTESIAN_POINT ( 'NONE',  ( 1.090000000000000080, 5.200000000000000178, 8.881784197001250351E-16 ) ) ;
#4110 = PRESENTATION_LAYER_ASSIGNMENT (  '', '', ( #2514 ) ) ;
#4111 = STYLED_ITEM ( 'NONE', ( #2934 ), #2024 ) ;
#4112 = DIRECTION ( 'NONE',  ( -1.000000000000000000, 0.000000000000000000, 0.000000000000000000 ) ) ;
#4113 = EDGE_LOOP ( 'NONE', ( #5400, #4544, #6743, #5111 ) ) ;
#4114 = ORIENTED_EDGE ( 'NONE', *, *, #1244, .F. ) ;
#4115 = FACE_OUTER_BOUND ( 'NONE', #2556, .T. ) ;
#4116 = CARTESIAN_POINT ( 'NONE',  ( 4.250000000000000000, 4.200000000000000178, 2.067212142205700064E-14 ) ) ;
#4117 = AXIS2_PLACEMENT_3D ( 'NONE', #1033, #5888, #6429 ) ;
#4118 = EDGE_CURVE ( 'NONE', #4537, #3249, #643, .T. ) ;
#4119 = ADVANCED_FACE ( 'NONE', ( #3092 ), #5826, .F. ) ;
#4120 = EDGE_CURVE ( 'NONE', #6100, #734, #6320, .T. ) ;
#4121 = DIRECTION ( 'NONE',  ( 1.000000000000000000, 1.008560160451633823E-16, 0.000000000000000000 ) ) ;
#4122 = ORIENTED_EDGE ( 'NONE', *, *, #2249, .F. ) ;
#4123 = VERTEX_POINT ( 'NONE', #423 ) ;
#4124 = SURFACE_SIDE_STYLE ('',( #1949 ) ) ;
#4125 = UNCERTAINTY_MEASURE_WITH_UNIT (LENGTH_MEASURE( 1.000000000000000082E-05 ), #831, 'distance_accuracy_value', 'NONE');
#4126 =( NAMED_UNIT ( * ) SI_UNIT ( $, .STERADIAN. ) SOLID_ANGLE_UNIT ( ) );
#4127 = LINE ( 'NONE', #4696, #4209 ) ;
#4128 = DIRECTION ( 'NONE',  ( 0.000000000000000000, -3.614007241618349954E-15, 1.000000000000000000 ) ) ;
#4129 = DIRECTION ( 'NONE',  ( 1.000000000000000000, -6.834269481524929886E-33, 5.042800802258159255E-17 ) ) ;
#4130 = CARTESIAN_POINT ( 'NONE',  ( -4.250000000000000000, 1.399999999999999911, 1.800000000000000044 ) ) ;
#4131 = ORIENTED_EDGE ( 'NONE', *, *, #3937, .F. ) ;
#4132 = SURFACE_STYLE_USAGE ( .BOTH. , #2611 ) ;
#4133 = EDGE_CURVE ( 'NONE', #1981, #1147, #6879, .T. ) ;
#4134 = UNCERTAINTY_MEASURE_WITH_UNIT (LENGTH_MEASURE( 1.000000000000000082E-05 ), #3147, 'distance_accuracy_value', 'NONE');
#4135 = FACE_OUTER_BOUND ( 'NONE', #5828, .T. ) ;
#4136 = DIRECTION ( 'NONE',  ( 0.000000000000000000, 0.000000000000000000, 1.000000000000000000 ) ) ;
#4137 = DIRECTION ( 'NONE',  ( -1.196361017915040028E-15, -1.355252715606880049E-16, 1.000000000000000000 ) ) ;
#4138 = EDGE_CURVE ( 'NONE', #5633, #5229, #3693, .T. ) ;
#4139 = SURFACE_STYLE_FILL_AREA ( #2537 ) ;
#4140 = ORIENTED_EDGE ( 'NONE', *, *, #1061, .T. ) ;
#4141 = DIRECTION ( 'NONE',  ( -1.000000000000000000, 0.000000000000000000, 0.000000000000000000 ) ) ;
#4142 = SURFACE_STYLE_USAGE ( .BOTH. , #5479 ) ;
#4143 = PRESENTATION_STYLE_ASSIGNMENT (( #5332 ) ) ;
#4144 = EDGE_CURVE ( 'NONE', #3214, #5308, #6913, .T. ) ;
#4145 = CARTESIAN_POINT ( 'NONE',  ( 2.149999999999999911, 3.950000000000000178, 2.075000000000000178 ) ) ;
#4146 = ORIENTED_EDGE ( 'NONE', *, *, #5753, .T. ) ;
#4147 = COLOUR_RGB ( '',1.000000000000000000, 1.000000000000000000, 0.7529411764705882248 ) ;
#4148 = ORIENTED_EDGE ( 'NONE', *, *, #3599, .T. ) ;
#4149 = SURFACE_STYLE_USAGE ( .BOTH. , #1366 ) ;
#4150 = MECHANICAL_DESIGN_GEOMETRIC_PRESENTATION_REPRESENTATION (  '', ( #7035 ), #936 ) ;
#4151 = PRESENTATION_STYLE_ASSIGNMENT (( #5778 ) ) ;
#4152 = SURFACE_STYLE_USAGE ( .BOTH. , #348 ) ;
#4153 = COLOUR_RGB ( '',1.000000000000000000, 1.000000000000000000, 0.7529411764705882248 ) ;
#4154 = MECHANICAL_DESIGN_GEOMETRIC_PRESENTATION_REPRESENTATION (  '', ( #6931 ), #292 ) ;
#4155 = FILL_AREA_STYLE_COLOUR ( '', #7032 ) ;
#4156 = ORIENTED_EDGE ( 'NONE', *, *, #1492, .T. ) ;
#4157 = ORIENTED_EDGE ( 'NONE', *, *, #3496, .T. ) ;
#4158 = EDGE_CURVE ( 'NONE', #6252, #5766, #925, .T. ) ;
#4159 = AXIS2_PLACEMENT_3D ( 'NONE', #3113, #2596, #5885 ) ;
#4160 = EDGE_CURVE ( 'NONE', #3796, #4582, #1449, .T. ) ;
#4161 = VECTOR ( 'NONE', #989, 1000.000000000000000 ) ;
#4162 = MECHANICAL_DESIGN_GEOMETRIC_PRESENTATION_REPRESENTATION (  '', ( #4958 ), #3238 ) ;
#4163 = VECTOR ( 'NONE', #2369, 1000.000000000000000 ) ;
#4164 =( LENGTH_UNIT ( ) NAMED_UNIT ( * ) SI_UNIT ( .MILLI., .METRE. ) );
#4165 = EDGE_CURVE ( 'NONE', #1651, #4176, #6393, .T. ) ;
#4166 = EDGE_LOOP ( 'NONE', ( #994, #1760, #6866, #4578 ) ) ;
#4167 = SURFACE_STYLE_USAGE ( .BOTH. , #2530 ) ;
#4168 = ORIENTED_EDGE ( 'NONE', *, *, #2701, .T. ) ;
#4169 = ORIENTED_EDGE ( 'NONE', *, *, #2026, .T. ) ;
#4170 = PLANE ( 'NONE',  #2798 ) ;
#4171 = CARTESIAN_POINT ( 'NONE',  ( 2.149999999999999911, 3.950000000000000178, 2.075000000000000178 ) ) ;
#4172 = EDGE_CURVE ( 'NONE', #3565, #1937, #4230, .T. ) ;
#4173 = ORIENTED_EDGE ( 'NONE', *, *, #1815, .T. ) ;
#4174 = PRESENTATION_LAYER_ASSIGNMENT (  '', '', ( #4516 ) ) ;
#4175 = CARTESIAN_POINT ( 'NONE',  ( 1.409999999999999920, 0.000000000000000000, 0.000000000000000000 ) ) ;
#4176 = VERTEX_POINT ( 'NONE', #3656 ) ;
#4177 = CARTESIAN_POINT ( 'NONE',  ( -2.149999999999999911, 1.199999999999999956, 1.125000000000000000 ) ) ;
#4178 = SURFACE_STYLE_FILL_AREA ( #4640 ) ;
#4179 = DIRECTION ( 'NONE',  ( 0.000000000000000000, 5.421010862427510337E-16, -1.000000000000000000 ) ) ;
#4180 = DIRECTION ( 'NONE',  ( 0.000000000000000000, -1.000000000000000000, 0.000000000000000000 ) ) ;
#4181 = PLANE ( 'NONE',  #5191 ) ;
#4182 = DIRECTION ( 'NONE',  ( 0.000000000000000000, 0.000000000000000000, 1.000000000000000000 ) ) ;
#4183 = ORIENTED_EDGE ( 'NONE', *, *, #5522, .T. ) ;
#4184 = SURFACE_SIDE_STYLE ('',( #1567 ) ) ;
#4185 = LINE ( 'NONE', #6312, #3421 ) ;
#4186 = LINE ( 'NONE', #916, #2097 ) ;
#4187 = VERTEX_POINT ( 'NONE', #390 ) ;
#4188 = EDGE_LOOP ( 'NONE', ( #331, #6157, #6290, #4100 ) ) ;
#4189 = CARTESIAN_POINT ( 'NONE',  ( -2.191421356237309048, 1.172385762508457052, 1.975000000000000089 ) ) ;
#4190 = UNCERTAINTY_MEASURE_WITH_UNIT (LENGTH_MEASURE( 1.000000000000000082E-05 ), #3990, 'distance_accuracy_value', 'NONE');
#4191 = FACE_OUTER_BOUND ( 'NONE', #2871, .T. ) ;
#4192 = LINE ( 'NONE', #6875, #2106 ) ;
#4193 = CARTESIAN_POINT ( 'NONE',  ( -2.149999999999999911, 1.199999999999999956, 0.4000000000000000222 ) ) ;
#4194 =( NAMED_UNIT ( * ) SI_UNIT ( $, .STERADIAN. ) SOLID_ANGLE_UNIT ( ) );
#4195 = VERTEX_POINT ( 'NONE', #2606 ) ;
#4196 = SURFACE_STYLE_FILL_AREA ( #6960 ) ;
#4197 =( GEOMETRIC_REPRESENTATION_CONTEXT ( 3 ) GLOBAL_UNCERTAINTY_ASSIGNED_CONTEXT ( ( #4630 ) ) GLOBAL_UNIT_ASSIGNED_CONTEXT ( ( #2968, #6223, #6782 ) ) REPRESENTATION_CONTEXT ( 'NONE', 'WORKASPACE' ) );
#4198 = DIRECTION ( 'NONE',  ( 0.000000000000000000, -1.000000000000000000, 0.000000000000000000 ) ) ;
#4199 =( GEOMETRIC_REPRESENTATION_CONTEXT ( 3 ) GLOBAL_UNCERTAINTY_ASSIGNED_CONTEXT ( ( #5866 ) ) GLOBAL_UNIT_ASSIGNED_CONTEXT ( ( #3056, #3436, #5171 ) ) REPRESENTATION_CONTEXT ( 'NONE', 'WORKASPACE' ) );
#4200 = DIRECTION ( 'NONE',  ( 0.000000000000000000, -1.000000000000000000, 0.000000000000000000 ) ) ;
#4201 = SURFACE_STYLE_USAGE ( .BOTH. , #976 ) ;
#4202 = STYLED_ITEM ( 'NONE', ( #1224 ), #4779 ) ;
#4203 = LINE ( 'NONE', #2535, #4065 ) ;
#4204 =( GEOMETRIC_REPRESENTATION_CONTEXT ( 3 ) GLOBAL_UNCERTAINTY_ASSIGNED_CONTEXT ( ( #602 ) ) GLOBAL_UNIT_ASSIGNED_CONTEXT ( ( #1921, #5691, #1422 ) ) REPRESENTATION_CONTEXT ( 'NONE', 'WORKASPACE' ) );
#4205 =( LENGTH_UNIT ( ) NAMED_UNIT ( * ) SI_UNIT ( .MILLI., .METRE. ) );
#4206 = PRESENTATION_STYLE_ASSIGNMENT (( #2619 ) ) ;
#4207 = CARTESIAN_POINT ( 'NONE',  ( -2.750000000000000000, 0.000000000000000000, 0.000000000000000000 ) ) ;
#4208 = DIRECTION ( 'NONE',  ( 0.000000000000000000, 0.000000000000000000, -1.000000000000000000 ) ) ;
#4209 = VECTOR ( 'NONE', #924, 1000.000000000000000 ) ;
#4210 = CARTESIAN_POINT ( 'NONE',  ( -1.409999999999999920, 1.699999999999999956, 0.9250000000000000444 ) ) ;
#4211 = FILL_AREA_STYLE ('',( #1529 ) ) ;
#4212 =( NAMED_UNIT ( * ) PLANE_ANGLE_UNIT ( ) SI_UNIT ( $, .RADIAN. ) );
#4213 = ORIENTED_EDGE ( 'NONE', *, *, #5725, .F. ) ;
#4214 = CARTESIAN_POINT ( 'NONE',  ( 4.250000000000000000, 2.000000000000000000, 0.2500000000000000000 ) ) ;
#4215 = AXIS2_PLACEMENT_3D ( 'NONE', #2989, #896, #4231 ) ;
#4216 = MECHANICAL_DESIGN_GEOMETRIC_PRESENTATION_REPRESENTATION (  '', ( #406 ), #5604 ) ;
#4217 = DIRECTION ( 'NONE',  ( -1.000000000000000000, 0.000000000000000000, 0.000000000000000000 ) ) ;
#4218 = FILL_AREA_STYLE_COLOUR ( '', #4567 ) ;
#4219 = ADVANCED_FACE ( 'NONE', ( #4764 ), #1511, .F. ) ;
#4220 = CARTESIAN_POINT ( 'NONE',  ( 1.409999999999999920, 5.899999999999999467, 0.2999999999999999889 ) ) ;
#4221 = VECTOR ( 'NONE', #6614, 1000.000000000000000 ) ;
#4222 = MECHANICAL_DESIGN_GEOMETRIC_PRESENTATION_REPRESENTATION (  '', ( #3762 ), #99 ) ;
#4223 = LINE ( 'NONE', #1029, #2105 ) ;
#4224 = ORIENTED_EDGE ( 'NONE', *, *, #135, .T. ) ;
#4225 = ORIENTED_EDGE ( 'NONE', *, *, #730, .F. ) ;
#4226 = SURFACE_STYLE_FILL_AREA ( #2056 ) ;
#4227 = AXIS2_PLACEMENT_3D ( 'NONE', #513, #1141, #2221 ) ;
#4228 =( LENGTH_UNIT ( ) NAMED_UNIT ( * ) SI_UNIT ( .MILLI., .METRE. ) );
#4229 =( NAMED_UNIT ( * ) SI_UNIT ( $, .STERADIAN. ) SOLID_ANGLE_UNIT ( ) );
#4230 = LINE ( 'NONE', #817, #1658 ) ;
#4231 = DIRECTION ( 'NONE',  ( 1.000000000000000000, 7.228014483236700500E-16, 0.000000000000000000 ) ) ;
#4232 = ORIENTED_EDGE ( 'NONE', *, *, #3496, .F. ) ;
#4233 = LINE ( 'NONE', #1515, #438 ) ;
#4234 = DIRECTION ( 'NONE',  ( 0.000000000000000000, 1.000000000000000000, 0.000000000000000000 ) ) ;
#4235 = DIRECTION ( 'NONE',  ( 0.000000000000000000, 1.000000000000000000, 3.419883424068560022E-16 ) ) ;
#4236 = FILL_AREA_STYLE ('',( #3164 ) ) ;
#4237 = DIRECTION ( 'NONE',  ( -0.000000000000000000, 0.2095290887308729477, 0.9778024140774096429 ) ) ;
#4238 = DIRECTION ( 'NONE',  ( 0.000000000000000000, 1.000000000000000000, 0.000000000000000000 ) ) ;
#4239 = EDGE_CURVE ( 'NONE', #5550, #7109, #6467, .T. ) ;
#4240 = FILL_AREA_STYLE_COLOUR ( '', #6568 ) ;
#4241 = ADVANCED_FACE ( 'NONE', ( #4870 ), #4267, .F. ) ;
#4242 = CARTESIAN_POINT ( 'NONE',  ( 1.409999999999999920, 5.200000000000000178, 1.175000000000000044 ) ) ;
#4243 = LINE ( 'NONE', #3171, #3292 ) ;
#4244 = DIRECTION ( 'NONE',  ( 0.000000000000000000, 1.000000000000000000, 5.421010862427510337E-16 ) ) ;
#4245 = PLANE ( 'NONE',  #4972 ) ;
#4246 = CARTESIAN_POINT ( 'NONE',  ( -2.275849698379619923, 3.950000000000000178, 1.978398793518490129 ) ) ;
#4247 = PRESENTATION_STYLE_ASSIGNMENT (( #4814 ) ) ;
#4248 = ORIENTED_EDGE ( 'NONE', *, *, #1801, .T. ) ;
#4249 = CARTESIAN_POINT ( 'NONE',  ( -2.275849698379619923, 3.950000000000000178, 1.978398793518490129 ) ) ;
#4250 = EDGE_CURVE ( 'NONE', #5806, #1185, #4034, .T. ) ;
#4251 = CARTESIAN_POINT ( 'NONE',  ( 0.1600000000000000033, 5.899999999999999467, 1.175000000000000044 ) ) ;
#4252 = DIRECTION ( 'NONE',  ( 0.000000000000000000, 1.709941712034280011E-15, -1.000000000000000000 ) ) ;
#4253 = DIRECTION ( 'NONE',  ( -1.000000000000000000, 0.000000000000000000, 0.000000000000000000 ) ) ;
#4254 = ORIENTED_EDGE ( 'NONE', *, *, #7058, .F. ) ;
#4255 = EDGE_LOOP ( 'NONE', ( #6608, #4168, #3122, #2840, #5285 ) ) ;
#4256 = EDGE_CURVE ( 'NONE', #1339, #2643, #2339, .T. ) ;
#4257 = FILL_AREA_STYLE ('',( #4795 ) ) ;
#4258 = AXIS2_PLACEMENT_3D ( 'NONE', #5422, #4940, #2740 ) ;
#4259 = MECHANICAL_DESIGN_GEOMETRIC_PRESENTATION_REPRESENTATION (  '', ( #5412 ), #5063 ) ;
#4260 = MECHANICAL_DESIGN_GEOMETRIC_PRESENTATION_REPRESENTATION (  '', ( #1872 ), #3685 ) ;
#4261 = UNCERTAINTY_MEASURE_WITH_UNIT (LENGTH_MEASURE( 1.000000000000000082E-05 ), #1682, 'distance_accuracy_value', 'NONE');
#4262 = VERTEX_POINT ( 'NONE', #1245 ) ;
#4263 = LINE ( 'NONE', #6536, #1989 ) ;
#4264 = LINE ( 'NONE', #4511, #1423 ) ;
#4265 = VECTOR ( 'NONE', #5919, 1000.000000000000000 ) ;
#4266 = STYLED_ITEM ( 'NONE', ( #852 ), #3276 ) ;
#4267 = PLANE ( 'NONE',  #6831 ) ;
#4268 = CARTESIAN_POINT ( 'NONE',  ( 4.049999999999999822, 1.399999999999999911, 2.000000000000000000 ) ) ;
#4269 = ORIENTED_EDGE ( 'NONE', *, *, #3966, .T. ) ;
#4270 = CARTESIAN_POINT ( 'NONE',  ( 1.409999999999999920, 5.899999999999999467, 0.2999999999999999889 ) ) ;
#4271 = LINE ( 'NONE', #1008, #4543 ) ;
#4272 = COLOUR_RGB ( '',1.000000000000000000, 1.000000000000000000, 0.7529411764705882248 ) ;
#4273 = ADVANCED_FACE ( 'NONE', ( #171 ), #5703, .F. ) ;
#4274 =( NAMED_UNIT ( * ) SI_UNIT ( $, .STERADIAN. ) SOLID_ANGLE_UNIT ( ) );
#4275 = PRESENTATION_STYLE_ASSIGNMENT (( #335 ) ) ;
#4276 = DIRECTION ( 'NONE',  ( 1.000000000000000000, 0.000000000000000000, 0.000000000000000000 ) ) ;
#4277 = MECHANICAL_DESIGN_GEOMETRIC_PRESENTATION_REPRESENTATION (  '', ( #5547 ), #145 ) ;
#4278 =( GEOMETRIC_REPRESENTATION_CONTEXT ( 3 ) GLOBAL_UNCERTAINTY_ASSIGNED_CONTEXT ( ( #6953 ) ) GLOBAL_UNIT_ASSIGNED_CONTEXT ( ( #2200, #2712, #1152 ) ) REPRESENTATION_CONTEXT ( 'NONE', 'WORKASPACE' ) );
#4279 = DIRECTION ( 'NONE',  ( -1.000000000000000000, 0.000000000000000000, 2.710505431213759606E-16 ) ) ;
#4280 =( NAMED_UNIT ( * ) SI_UNIT ( $, .STERADIAN. ) SOLID_ANGLE_UNIT ( ) );
#4281 =( NAMED_UNIT ( * ) PLANE_ANGLE_UNIT ( ) SI_UNIT ( $, .RADIAN. ) );
#4282 =( NAMED_UNIT ( * ) PLANE_ANGLE_UNIT ( ) SI_UNIT ( $, .RADIAN. ) );
#4283 = AXIS2_PLACEMENT_3D ( 'NONE', #6857, #1933, #1464 ) ;
#4284 = PLANE ( 'NONE',  #4838 ) ;
#4285 = FILL_AREA_STYLE ('',( #3604 ) ) ;
#4286 = ORIENTED_EDGE ( 'NONE', *, *, #4172, .F. ) ;
#4287 = SURFACE_STYLE_FILL_AREA ( #5260 ) ;
#4288 = DIRECTION ( 'NONE',  ( 0.000000000000000000, 0.000000000000000000, -1.000000000000000000 ) ) ;
#4289 = CARTESIAN_POINT ( 'NONE',  ( 0.000000000000000000, 4.200000000000000178, 1.879283765641539862E-14 ) ) ;
#4290 = STYLED_ITEM ( 'NONE', ( #6045 ), #4470 ) ;
#4291 = ORIENTED_EDGE ( 'NONE', *, *, #5359, .F. ) ;
#4292 = ORIENTED_EDGE ( 'NONE', *, *, #4572, .T. ) ;
#4293 = VERTEX_POINT ( 'NONE', #3000 ) ;
#4294 =( NAMED_UNIT ( * ) PLANE_ANGLE_UNIT ( ) SI_UNIT ( $, .RADIAN. ) );
#4295 = COLOUR_RGB ( '',0.7529411764705882248, 0.7529411764705882248, 0.7529411764705882248 ) ;
#4296 = DIRECTION ( 'NONE',  ( -0.7071067811865480168, 0.000000000000000000, -0.7071067811865470176 ) ) ;
#4297 =( LENGTH_UNIT ( ) NAMED_UNIT ( * ) SI_UNIT ( .MILLI., .METRE. ) );
#4298 = CARTESIAN_POINT ( 'NONE',  ( -1.090000000000000080, 1.699999999999999956, 1.324999999999999956 ) ) ;
#4299 = ORIENTED_EDGE ( 'NONE', *, *, #2860, .F. ) ;
#4300 = CARTESIAN_POINT ( 'NONE',  ( -4.250000000000000000, 4.200000000000000178, 1.800000000000000044 ) ) ;
#4301 = ORIENTED_EDGE ( 'NONE', *, *, #558, .T. ) ;
#4302 = CARTESIAN_POINT ( 'NONE',  ( -2.750000000000000000, 2.000000000000000000, 3.200000000000000178 ) ) ;
#4303 = AXIS2_PLACEMENT_3D ( 'NONE', #4350, #4461, #1197 ) ;
#4304 = EDGE_CURVE ( 'NONE', #2210, #6918, #1284, .T. ) ;
#4305 = PRESENTATION_STYLE_ASSIGNMENT (( #3853 ) ) ;
#4306 = LINE ( 'NONE', #6511, #3184 ) ;
#4307 = VECTOR ( 'NONE', #4954, 1000.000000000000000 ) ;
#4308 = CARTESIAN_POINT ( 'NONE',  ( -0.1499999999999999944, 1.000000000000000000, 0.2000000000000000111 ) ) ;
#4309 =( NAMED_UNIT ( * ) SI_UNIT ( $, .STERADIAN. ) SOLID_ANGLE_UNIT ( ) );
#4310 = PRESENTATION_LAYER_ASSIGNMENT (  '', '', ( #5128 ) ) ;
#4311 = SURFACE_SIDE_STYLE ('',( #1563 ) ) ;
#4312 = ORIENTED_EDGE ( 'NONE', *, *, #6354, .F. ) ;
#4313 = AXIS2_PLACEMENT_3D ( 'NONE', #6939, #2655, #4182 ) ;
#4314 = FILL_AREA_STYLE_COLOUR ( '', #6887 ) ;
#4315 = APPLICATION_CONTEXT ( 'automotive_design' ) ;
#4316 = CARTESIAN_POINT ( 'NONE',  ( 0.1600000000000000033, 5.400000000000000355, 7.771561172376099727E-16 ) ) ;
#4317 = DIRECTION ( 'NONE',  ( 1.000000000000000000, 0.000000000000000000, 1.204669080539449590E-16 ) ) ;
#4318 = COLOUR_RGB ( '',1.000000000000000000, 1.000000000000000000, 0.7529411764705882248 ) ;
#4319 = COLOUR_RGB ( '',0.7529411764705882248, 0.7529411764705882248, 0.7529411764705882248 ) ;
#4320 = ORIENTED_EDGE ( 'NONE', *, *, #5452, .F. ) ;
#4321 = ORIENTED_EDGE ( 'NONE', *, *, #3638, .F. ) ;
#4322 = ADVANCED_FACE ( 'NONE', ( #6265 ), #6681, .T. ) ;
#4323 = ORIENTED_EDGE ( 'NONE', *, *, #3199, .T. ) ;
#4324 =( GEOMETRIC_REPRESENTATION_CONTEXT ( 3 ) GLOBAL_UNCERTAINTY_ASSIGNED_CONTEXT ( ( #120 ) ) GLOBAL_UNIT_ASSIGNED_CONTEXT ( ( #4938, #3260, #7117 ) ) REPRESENTATION_CONTEXT ( 'NONE', 'WORKASPACE' ) );
#4325 = EDGE_CURVE ( 'NONE', #5048, #111, #2946, .T. ) ;
#4326 = EDGE_CURVE ( 'NONE', #4262, #2210, #729, .T. ) ;
#4327 = VECTOR ( 'NONE', #1732, 1000.000000000000000 ) ;
#4328 = VECTOR ( 'NONE', #6261, 1000.000000000000000 ) ;
#4329 = UNCERTAINTY_MEASURE_WITH_UNIT (LENGTH_MEASURE( 1.000000000000000082E-05 ), #3947, 'distance_accuracy_value', 'NONE');
#4330 = CARTESIAN_POINT ( 'NONE',  ( -2.149999999999999911, 2.200000000000000178, 2.799999999999999822 ) ) ;
#4331 = CARTESIAN_POINT ( 'NONE',  ( 2.149999999999999911, 2.000000000000000000, 2.799999999999999822 ) ) ;
#4332 =( NAMED_UNIT ( * ) PLANE_ANGLE_UNIT ( ) SI_UNIT ( $, .RADIAN. ) );
#4333 = COLOUR_RGB ( '',1.000000000000000000, 1.000000000000000000, 0.7529411764705882248 ) ;
#4334 =( NAMED_UNIT ( * ) PLANE_ANGLE_UNIT ( ) SI_UNIT ( $, .RADIAN. ) );
#4335 = ORIENTED_EDGE ( 'NONE', *, *, #4852, .F. ) ;
#4336 =( GEOMETRIC_REPRESENTATION_CONTEXT ( 3 ) GLOBAL_UNCERTAINTY_ASSIGNED_CONTEXT ( ( #753 ) ) GLOBAL_UNIT_ASSIGNED_CONTEXT ( ( #1446, #776, #5714 ) ) REPRESENTATION_CONTEXT ( 'NONE', 'WORKASPACE' ) );
#4337 = DIRECTION ( 'NONE',  ( 0.000000000000000000, -1.000000000000000000, 0.000000000000000000 ) ) ;
#4338 = VERTEX_POINT ( 'NONE', #3602 ) ;
#4339 = CARTESIAN_POINT ( 'NONE',  ( -3.250000000000000000, 1.399999999999999911, 2.000000000000000000 ) ) ;
#4340 = DIRECTION ( 'NONE',  ( -1.000000000000000000, 0.000000000000000000, 0.000000000000000000 ) ) ;
#4341 =( GEOMETRIC_REPRESENTATION_CONTEXT ( 3 ) GLOBAL_UNCERTAINTY_ASSIGNED_CONTEXT ( ( #1269 ) ) GLOBAL_UNIT_ASSIGNED_CONTEXT ( ( #795, #3524, #267 ) ) REPRESENTATION_CONTEXT ( 'NONE', 'WORKASPACE' ) );
#4342 = STYLED_ITEM ( 'NONE', ( #1905 ), #6050 ) ;
#4343 = FACE_OUTER_BOUND ( 'NONE', #6046, .T. ) ;
#4344 = CARTESIAN_POINT ( 'NONE',  ( 4.935000000000000497, 3.514999999999999680, 0.05000000000000100198 ) ) ;
#4345 = FACE_OUTER_BOUND ( 'NONE', #1918, .T. ) ;
#4346 = CARTESIAN_POINT ( 'NONE',  ( -2.250000000000000000, 3.950000000000000178, 0.7750000000000000222 ) ) ;
#4347 = LINE ( 'NONE', #1670, #5406 ) ;
#4348 = ADVANCED_FACE ( 'NONE', ( #3564 ), #5771, .T. ) ;
#4349 = EDGE_CURVE ( 'NONE', #1339, #5002, #5220, .T. ) ;
#4350 = CARTESIAN_POINT ( 'NONE',  ( -2.449999999999999734, 3.950000000000000178, 2.024999999999999911 ) ) ;
#4351 = DIRECTION ( 'NONE',  ( 0.000000000000000000, 1.000000000000000000, 0.000000000000000000 ) ) ;
#4352 = CARTESIAN_POINT ( 'NONE',  ( -2.258740451326896270, 1.127506365782065645, 1.224999999999999867 ) ) ;
#4353 = EDGE_CURVE ( 'NONE', #2196, #1927, #5254, .T. ) ;
#4354 =( LENGTH_UNIT ( ) NAMED_UNIT ( * ) SI_UNIT ( .MILLI., .METRE. ) );
#4355 = PRESENTATION_STYLE_ASSIGNMENT (( #2749 ) ) ;
#4356 = EDGE_LOOP ( 'NONE', ( #1714, #1973, #5951, #350 ) ) ;
#4357 = CARTESIAN_POINT ( 'NONE',  ( -2.550000000000000266, 2.000000000000000000, -4.701596255175999207E-15 ) ) ;
#4358 = FILL_AREA_STYLE_COLOUR ( '', #4602 ) ;
#4359 = FACE_OUTER_BOUND ( 'NONE', #1678, .T. ) ;
#4360 = ADVANCED_FACE ( 'NONE', ( #2043 ), #4245, .F. ) ;
#4361 = PRESENTATION_STYLE_ASSIGNMENT (( #2793 ) ) ;
#4362 = CARTESIAN_POINT ( 'NONE',  ( -4.250000000000000000, 4.200000000000000178, 1.800000000000000044 ) ) ;
#4363 = ORIENTED_EDGE ( 'NONE', *, *, #1859, .F. ) ;
#4364 = ORIENTED_EDGE ( 'NONE', *, *, #7010, .F. ) ;
#4365 =( NAMED_UNIT ( * ) SI_UNIT ( $, .STERADIAN. ) SOLID_ANGLE_UNIT ( ) );
#4366 = ORIENTED_EDGE ( 'NONE', *, *, #6837, .F. ) ;
#4367 = VECTOR ( 'NONE', #5501, 1000.000000000000000 ) ;
#4368 = DIRECTION ( 'NONE',  ( 0.000000000000000000, -0.9805806756909203337, -0.1961161351381830731 ) ) ;
#4369 = EDGE_CURVE ( 'NONE', #5305, #4716, #340, .T. ) ;
#4370 = EDGE_LOOP ( 'NONE', ( #6092, #900, #6443, #6494, #4156, #2004 ) ) ;
#4371 = DIRECTION ( 'NONE',  ( 1.000000000000000000, 0.000000000000000000, 0.000000000000000000 ) ) ;
#4372 = VECTOR ( 'NONE', #3774, 1000.000000000000000 ) ;
#4373 = ORIENTED_EDGE ( 'NONE', *, *, #4983, .T. ) ;
#4374 =( LENGTH_UNIT ( ) NAMED_UNIT ( * ) SI_UNIT ( .MILLI., .METRE. ) );
#4375 = PRESENTATION_LAYER_ASSIGNMENT (  '', '', ( #368 ) ) ;
#4376 = MECHANICAL_DESIGN_GEOMETRIC_PRESENTATION_REPRESENTATION (  '', ( #943 ), #6339 ) ;
#4377 = EDGE_CURVE ( 'NONE', #4187, #4565, #5913, .T. ) ;
#4378 = VECTOR ( 'NONE', #3815, 1000.000000000000000 ) ;
#4379 = DIRECTION ( 'NONE',  ( 0.000000000000000000, -0.7071067811865480168, -0.7071067811865470176 ) ) ;
#4380 = SURFACE_SIDE_STYLE ('',( #1123 ) ) ;
#4381 = ORIENTED_EDGE ( 'NONE', *, *, #49, .T. ) ;
#4382 = PLANE ( 'NONE',  #4303 ) ;
#4383 = COLOUR_RGB ( '',0.7529411764705882248, 0.7529411764705882248, 0.7529411764705882248 ) ;
#4384 = AXIS2_PLACEMENT_3D ( 'NONE', #4246, #2013, #1435 ) ;
#4385 = SURFACE_STYLE_FILL_AREA ( #4994 ) ;
#4386 = EDGE_CURVE ( 'NONE', #6426, #6131, #6961, .T. ) ;
#4387 = CARTESIAN_POINT ( 'NONE',  ( 2.750000000000000000, 5.200000000000000178, 0.5999999999999999778 ) ) ;
#4388 = VECTOR ( 'NONE', #3110, 1000.000000000000114 ) ;
#4389 = MECHANICAL_DESIGN_GEOMETRIC_PRESENTATION_REPRESENTATION (  '', ( #1888 ), #6457 ) ;
#4390 = AXIS2_PLACEMENT_3D ( 'NONE', #6407, #5358, #978 ) ;
#4391 = SURFACE_STYLE_FILL_AREA ( #2208 ) ;
#4392 = ORIENTED_EDGE ( 'NONE', *, *, #2259, .T. ) ;
#4393 = VECTOR ( 'NONE', #4458, 1000.000000000000000 ) ;
#4394 = LINE ( 'NONE', #3826, #2845 ) ;
#4395 = PLANE ( 'NONE',  #2334 ) ;
#4396 = DIRECTION ( 'NONE',  ( 0.000000000000000000, 0.000000000000000000, 1.000000000000000000 ) ) ;
#4397 = MECHANICAL_DESIGN_GEOMETRIC_PRESENTATION_REPRESENTATION (  '', ( #4516 ), #5439 ) ;
#4398 = DIRECTION ( 'NONE',  ( 1.000000000000000000, 0.000000000000000000, 0.000000000000000000 ) ) ;
#4399 = CARTESIAN_POINT ( 'NONE',  ( 0.1600000000000000033, 1.699999999999999956, 1.324999999999999956 ) ) ;
#4400 = COLOUR_RGB ( '',0.7529411764705882248, 0.7529411764705882248, 0.7529411764705882248 ) ;
#4401 = ORIENTED_EDGE ( 'NONE', *, *, #1577, .T. ) ;
#4402 = ORIENTED_EDGE ( 'NONE', *, *, #5003, .T. ) ;
#4403 = AXIS2_PLACEMENT_3D ( 'NONE', #1391, #2463, #3058 ) ;
#4404 = EDGE_LOOP ( 'NONE', ( #3311, #701, #2983, #5094 ) ) ;
#4405 = UNCERTAINTY_MEASURE_WITH_UNIT (LENGTH_MEASURE( 1.000000000000000082E-05 ), #838, 'distance_accuracy_value', 'NONE');
#4406 =( LENGTH_UNIT ( ) NAMED_UNIT ( * ) SI_UNIT ( .MILLI., .METRE. ) );
#4407 = DIRECTION ( 'NONE',  ( 0.000000000000000000, 0.000000000000000000, 1.000000000000000000 ) ) ;
#4408 = VERTEX_POINT ( 'NONE', #3337 ) ;
#4409 = FACE_OUTER_BOUND ( 'NONE', #7116, .T. ) ;
#4410 = ORIENTED_EDGE ( 'NONE', *, *, #3290, .T. ) ;
#4411 = LINE ( 'NONE', #1663, #6561 ) ;
#4412 = PRESENTATION_STYLE_ASSIGNMENT (( #2241 ) ) ;
#4413 = CARTESIAN_POINT ( 'NONE',  ( 0.000000000000000000, 0.000000000000000000, 2.799999999999999822 ) ) ;
#4414 = DIRECTION ( 'NONE',  ( -0.2584969837962400874, 0.000000000000000000, -0.9660120648150551936 ) ) ;
#4415 = CARTESIAN_POINT ( 'NONE',  ( 2.750000000000000000, 1.000000000000000000, -6.661338147750939243E-16 ) ) ;
#4416 = PRESENTATION_LAYER_ASSIGNMENT (  '', '', ( #3156 ) ) ;
#4417 = DIRECTION ( 'NONE',  ( -1.000000000000000000, 0.000000000000000000, 0.000000000000000000 ) ) ;
#4418 = SURFACE_STYLE_USAGE ( .BOTH. , #4380 ) ;
#4419 = ORIENTED_EDGE ( 'NONE', *, *, #6066, .T. ) ;
#4420 =( NAMED_UNIT ( * ) PLANE_ANGLE_UNIT ( ) SI_UNIT ( $, .RADIAN. ) );
#4421 = ADVANCED_FACE ( 'NONE', ( #4921 ), #2783, .T. ) ;
#4422 = FACE_BOUND ( 'NONE', #142, .T. ) ;
#4423 = FACE_OUTER_BOUND ( 'NONE', #1428, .T. ) ;
#4424 = DIRECTION ( 'NONE',  ( -1.000000000000000000, 0.000000000000000000, 0.000000000000000000 ) ) ;
#4425 = LINE ( 'NONE', #1713, #3459 ) ;
#4426 = ORIENTED_EDGE ( 'NONE', *, *, #2551, .F. ) ;
#4427 = PLANE ( 'NONE',  #6632 ) ;
#4428 = ORIENTED_EDGE ( 'NONE', *, *, #4591, .T. ) ;
#4429 = VECTOR ( 'NONE', #1964, 1000.000000000000000 ) ;
#4430 = SURFACE_SIDE_STYLE ('',( #3894 ) ) ;
#4431 = VECTOR ( 'NONE', #502, 1000.000000000000000 ) ;
#4432 = ORIENTED_EDGE ( 'NONE', *, *, #6814, .T. ) ;
#4433 = CARTESIAN_POINT ( 'NONE',  ( -0.1600000000000000033, 1.699999999999999956, 1.324999999999999956 ) ) ;
#4434 = VERTEX_POINT ( 'NONE', #6552 ) ;
#4435 =( LENGTH_UNIT ( ) NAMED_UNIT ( * ) SI_UNIT ( .MILLI., .METRE. ) );
#4436 = ORIENTED_EDGE ( 'NONE', *, *, #6730, .F. ) ;
#4437 = AXIS2_PLACEMENT_3D ( 'NONE', #4193, #1448, #4624 ) ;
#4438 = ORIENTED_EDGE ( 'NONE', *, *, #6160, .F. ) ;
#4439 = MANIFOLD_SOLID_BREP ( '0532610371[1]', #6007 ) ;
#4440 =( LENGTH_UNIT ( ) NAMED_UNIT ( * ) SI_UNIT ( .MILLI., .METRE. ) );
#4441 = EDGE_CURVE ( 'NONE', #1834, #1576, #469, .T. ) ;
#4442 = EDGE_CURVE ( 'NONE', #1927, #5605, #505, .T. ) ;
#4443 = ORIENTED_EDGE ( 'NONE', *, *, #141, .F. ) ;
#4444 = LINE ( 'NONE', #630, #1755 ) ;
#4445 = DIRECTION ( 'NONE',  ( 0.000000000000000000, 1.000000000000000000, 0.000000000000000000 ) ) ;
#4446 = ORIENTED_EDGE ( 'NONE', *, *, #1046, .T. ) ;
#4447 = LINE ( 'NONE', #6070, #2300 ) ;
#4448 = EDGE_LOOP ( 'NONE', ( #1475, #5090, #283, #3625 ) ) ;
#4449 = CARTESIAN_POINT ( 'NONE',  ( 2.050000000000000266, 1.000000000000000000, -0.2000000000000060063 ) ) ;
#4450 = CARTESIAN_POINT ( 'NONE',  ( 2.258740451326895382, 1.127506365782066089, 1.975000000000000089 ) ) ;
#4451 = MECHANICAL_DESIGN_GEOMETRIC_PRESENTATION_REPRESENTATION (  '', ( #6765 ), #203 ) ;
#4452 = AXIS2_PLACEMENT_3D ( 'NONE', #4750, #4711, #2585 ) ;
#4453 = MECHANICAL_DESIGN_GEOMETRIC_PRESENTATION_REPRESENTATION (  '', ( #6652 ), #3760 ) ;
#4454 = VECTOR ( 'NONE', #3223, 1000.000000000000000 ) ;
#4455 =( GEOMETRIC_REPRESENTATION_CONTEXT ( 3 ) GLOBAL_UNCERTAINTY_ASSIGNED_CONTEXT ( ( #7015 ) ) GLOBAL_UNIT_ASSIGNED_CONTEXT ( ( #3409, #2896, #3045 ) ) REPRESENTATION_CONTEXT ( 'NONE', 'WORKASPACE' ) );
#4456 = LINE ( 'NONE', #6701, #3704 ) ;
#4457 = FILL_AREA_STYLE_COLOUR ( '', #2731 ) ;
#4458 = DIRECTION ( 'NONE',  ( -0.7071067811865480168, 0.7071067811865470176, 0.000000000000000000 ) ) ;
#4459 = PRESENTATION_STYLE_ASSIGNMENT (( #2287 ) ) ;
#4460 = ORIENTED_EDGE ( 'NONE', *, *, #4349, .T. ) ;
#4461 = DIRECTION ( 'NONE',  ( -1.000000000000000000, 0.000000000000000000, 0.000000000000000000 ) ) ;
#4462 = VECTOR ( 'NONE', #4928, 1000.000000000000000 ) ;
#4463 = FACE_BOUND ( 'NONE', #3358, .T. ) ;
#4464 = DIRECTION ( 'NONE',  ( -1.000000000000000000, 6.834269481524929886E-33, -5.042800802258159255E-17 ) ) ;
#4465 = SURFACE_SIDE_STYLE ('',( #1811 ) ) ;
#4466 = LINE ( 'NONE', #3270, #4614 ) ;
#4467 = SURFACE_SIDE_STYLE ('',( #3241 ) ) ;
#4468 = ORIENTED_EDGE ( 'NONE', *, *, #2685, .F. ) ;
#4469 = EDGE_CURVE ( 'NONE', #1098, #2953, #3269, .T. ) ;
#4470 = ADVANCED_FACE ( 'NONE', ( #3864 ), #2721, .F. ) ;
#4471 = DIRECTION ( 'NONE',  ( 0.000000000000000000, 0.7071067811865480168, -0.7071067811865470176 ) ) ;
#4472 = ORIENTED_EDGE ( 'NONE', *, *, #3808, .T. ) ;
#4473 =( LENGTH_UNIT ( ) NAMED_UNIT ( * ) SI_UNIT ( .MILLI., .METRE. ) );
#4474 = SURFACE_STYLE_USAGE ( .BOTH. , #1787 ) ;
#4475 = CARTESIAN_POINT ( 'NONE',  ( 2.050000000000000266, 4.200000000000000178, -9.397244887005778583E-16 ) ) ;
#4476 = EDGE_CURVE ( 'NONE', #2309, #906, #3995, .T. ) ;
#4477 = VERTEX_POINT ( 'NONE', #1233 ) ;
#4478 = ORIENTED_EDGE ( 'NONE', *, *, #5081, .T. ) ;
#4479 = PLANE ( 'NONE',  #3770 ) ;
#4480 = UNCERTAINTY_MEASURE_WITH_UNIT (LENGTH_MEASURE( 1.000000000000000082E-05 ), #2865, 'distance_accuracy_value', 'NONE');
#4481 = ADVANCED_FACE ( 'NONE', ( #6712 ), #718, .F. ) ;
#4482 = ORIENTED_EDGE ( 'NONE', *, *, #4854, .F. ) ;
#4483 = DIRECTION ( 'NONE',  ( 0.000000000000000000, 1.000000000000000000, 0.000000000000000000 ) ) ;
#4484 = ORIENTED_EDGE ( 'NONE', *, *, #5621, .T. ) ;
#4485 = SURFACE_SIDE_STYLE ('',( #112 ) ) ;
#4486 = FILL_AREA_STYLE_COLOUR ( '', #1521 ) ;
#4487 = CARTESIAN_POINT ( 'NONE',  ( -2.449999999999999734, 3.950000000000000178, 1.175000000000000044 ) ) ;
#4488 = AXIS2_PLACEMENT_3D ( 'NONE', #2031, #1149, #496 ) ;
#4489 = PLANE ( 'NONE',  #5127 ) ;
#4490 = FILL_AREA_STYLE_COLOUR ( '', #6950 ) ;
#4491 =( NAMED_UNIT ( * ) PLANE_ANGLE_UNIT ( ) SI_UNIT ( $, .RADIAN. ) );
#4492 = PRESENTATION_STYLE_ASSIGNMENT (( #5571 ) ) ;
#4493 = FILL_AREA_STYLE ('',( #6289 ) ) ;
#4494 = VERTEX_POINT ( 'NONE', #5065 ) ;
#4495 = CARTESIAN_POINT ( 'NONE',  ( -1.800000000000000044, 2.000000000000000000, 3.200000000000000178 ) ) ;
#4496 = EDGE_CURVE ( 'NONE', #2824, #4123, #1316, .T. ) ;
#4497 = UNCERTAINTY_MEASURE_WITH_UNIT (LENGTH_MEASURE( 1.000000000000000082E-05 ), #3453, 'distance_accuracy_value', 'NONE');
#4498 = SURFACE_STYLE_USAGE ( .BOTH. , #79 ) ;
#4499 =( GEOMETRIC_REPRESENTATION_CONTEXT ( 3 ) GLOBAL_UNCERTAINTY_ASSIGNED_CONTEXT ( ( #1341 ) ) GLOBAL_UNIT_ASSIGNED_CONTEXT ( ( #7062, #5250, #3169 ) ) REPRESENTATION_CONTEXT ( 'NONE', 'WORKASPACE' ) );
#4500 = CARTESIAN_POINT ( 'NONE',  ( -1.800000000000000044, 2.200000000000000178, 2.799999999999999822 ) ) ;
#4501 =( NAMED_UNIT ( * ) PLANE_ANGLE_UNIT ( ) SI_UNIT ( $, .RADIAN. ) );
#4502 = CARTESIAN_POINT ( 'NONE',  ( 0.1600000000000000033, 5.100000000000000533, 0.5999999999999999778 ) ) ;
#4503 = CARTESIAN_POINT ( 'NONE',  ( -1.090000000000000080, 1.699999999999999956, 0.9250000000000000444 ) ) ;
#4504 = VERTEX_POINT ( 'NONE', #223 ) ;
#4505 = LINE ( 'NONE', #1610, #1346 ) ;
#4506 = LINE ( 'NONE', #3344, #2673 ) ;
#4507 =( GEOMETRIC_REPRESENTATION_CONTEXT ( 3 ) GLOBAL_UNCERTAINTY_ASSIGNED_CONTEXT ( ( #4551 ) ) GLOBAL_UNIT_ASSIGNED_CONTEXT ( ( #4717, #5816, #950 ) ) REPRESENTATION_CONTEXT ( 'NONE', 'WORKASPACE' ) );
#4508 = CARTESIAN_POINT ( 'NONE',  ( -2.750000000000000000, 1.399999999999999911, 0.1000000000000000056 ) ) ;
#4509 = MECHANICAL_DESIGN_GEOMETRIC_PRESENTATION_REPRESENTATION (  '', ( #1071 ), #5424 ) ;
#4510 = CARTESIAN_POINT ( 'NONE',  ( 1.215384615384620171, 1.823076923076920153, 2.799999999999999822 ) ) ;
#4511 = CARTESIAN_POINT ( 'NONE',  ( -2.750000000000000000, 1.000000000000000000, 3.200000000000000178 ) ) ;
#4512 = EDGE_LOOP ( 'NONE', ( #6202, #5034, #4524, #3026, #1007, #1948, #7115, #1671, #2315, #697 ) ) ;
#4513 = ORIENTED_EDGE ( 'NONE', *, *, #5359, .T. ) ;
#4514 = DIRECTION ( 'NONE',  ( 0.000000000000000000, -1.000000000000000000, 0.000000000000000000 ) ) ;
#4515 =( GEOMETRIC_REPRESENTATION_CONTEXT ( 3 ) GLOBAL_UNCERTAINTY_ASSIGNED_CONTEXT ( ( #1764 ) ) GLOBAL_UNIT_ASSIGNED_CONTEXT ( ( #4554, #1842, #6210 ) ) REPRESENTATION_CONTEXT ( 'NONE', 'WORKASPACE' ) );
#4516 = STYLED_ITEM ( 'NONE', ( #3221 ), #4241 ) ;
#4517 = EDGE_LOOP ( 'NONE', ( #5010, #6341, #4366, #4335, #1792, #2477, #5, #4291, #2323, #6269, #3541, #6783, #878, #886, #1514, #7097, #6532, #481, #2805, #3953 ) ) ;
#4518 = LINE ( 'NONE', #4449, #6878 ) ;
#4519 =( NAMED_UNIT ( * ) PLANE_ANGLE_UNIT ( ) SI_UNIT ( $, .RADIAN. ) );
#4520 = LINE ( 'NONE', #1262, #5177 ) ;
#4521 =( NAMED_UNIT ( * ) SI_UNIT ( $, .STERADIAN. ) SOLID_ANGLE_UNIT ( ) );
#4522 =( NAMED_UNIT ( * ) SI_UNIT ( $, .STERADIAN. ) SOLID_ANGLE_UNIT ( ) );
#4523 =( NAMED_UNIT ( * ) SI_UNIT ( $, .STERADIAN. ) SOLID_ANGLE_UNIT ( ) );
#4524 = ORIENTED_EDGE ( 'NONE', *, *, #1150, .F. ) ;
#4525 = EDGE_CURVE ( 'NONE', #1540, #771, #6119, .T. ) ;
#4526 = LINE ( 'NONE', #5545, #6654 ) ;
#4527 = FILL_AREA_STYLE ('',( #5039 ) ) ;
#4528 = AXIS2_PLACEMENT_3D ( 'NONE', #2512, #5298, #1471 ) ;
#4529 = DIRECTION ( 'NONE',  ( 0.000000000000000000, -1.000000000000000000, 0.000000000000000000 ) ) ;
#4530 = ORIENTED_EDGE ( 'NONE', *, *, #2618, .T. ) ;
#4531 =( NAMED_UNIT ( * ) PLANE_ANGLE_UNIT ( ) SI_UNIT ( $, .RADIAN. ) );
#4532 =( LENGTH_UNIT ( ) NAMED_UNIT ( * ) SI_UNIT ( .MILLI., .METRE. ) );
#4533 = DIRECTION ( 'NONE',  ( -0.7071067811865489050, 0.000000000000000000, 0.7071067811865460184 ) ) ;
#4534 = FACE_OUTER_BOUND ( 'NONE', #213, .T. ) ;
#4535 = DIRECTION ( 'NONE',  ( 0.000000000000000000, 0.000000000000000000, 1.000000000000000000 ) ) ;
#4536 = DIRECTION ( 'NONE',  ( 5.421010862427520198E-16, 0.000000000000000000, 1.000000000000000000 ) ) ;
#4537 = VERTEX_POINT ( 'NONE', #4023 ) ;
#4538 = SURFACE_STYLE_USAGE ( .BOTH. , #1251 ) ;
#4539 = VECTOR ( 'NONE', #6482, 1000.000000000000000 ) ;
#4540 = COLOUR_RGB ( '',1.000000000000000000, 1.000000000000000000, 0.7529411764705882248 ) ;
#4541 = FILL_AREA_STYLE_COLOUR ( '', #3006 ) ;
#4542 = AXIS2_PLACEMENT_3D ( 'NONE', #3948, #1306, #182 ) ;
#4543 = VECTOR ( 'NONE', #1554, 1000.000000000000114 ) ;
#4544 = ORIENTED_EDGE ( 'NONE', *, *, #5321, .F. ) ;
#4545 = EDGE_LOOP ( 'NONE', ( #4009, #1785, #4039, #2279 ) ) ;
#4546 = EDGE_CURVE ( 'NONE', #2054, #2884, #3478, .T. ) ;
#4547 = ADVANCED_FACE ( 'NONE', ( #5659 ), #2367, .F. ) ;
#4548 = SURFACE_STYLE_USAGE ( .BOTH. , #4485 ) ;
#4549 = COLOUR_RGB ( '',0.7529411764705882248, 0.7529411764705882248, 0.7529411764705882248 ) ;
#4550 = VERTEX_POINT ( 'NONE', #6848 ) ;
#4551 = UNCERTAINTY_MEASURE_WITH_UNIT (LENGTH_MEASURE( 1.000000000000000082E-05 ), #4717, 'distance_accuracy_value', 'NONE');
#4552 = SURFACE_STYLE_FILL_AREA ( #711 ) ;
#4553 = COLOUR_RGB ( '',1.000000000000000000, 1.000000000000000000, 0.7529411764705882248 ) ;
#4554 =( LENGTH_UNIT ( ) NAMED_UNIT ( * ) SI_UNIT ( .MILLI., .METRE. ) );
#4555 =( NAMED_UNIT ( * ) PLANE_ANGLE_UNIT ( ) SI_UNIT ( $, .RADIAN. ) );
#4556 = CARTESIAN_POINT ( 'NONE',  ( -2.149999999999999911, 1.199999999999999956, 2.075000000000000178 ) ) ;
#4557 = ORIENTED_EDGE ( 'NONE', *, *, #4761, .F. ) ;
#4558 = SURFACE_STYLE_USAGE ( .BOTH. , #3954 ) ;
#4559 = CARTESIAN_POINT ( 'NONE',  ( -1.090000000000000080, 6.000000000000000000, -0.2000000000000000111 ) ) ;
#4560 = VECTOR ( 'NONE', #3980, 1000.000000000000000 ) ;
#4561 = PRESENTATION_LAYER_ASSIGNMENT (  '', '', ( #777 ) ) ;
#4562 = PLANE ( 'NONE',  #2790 ) ;
#4563 = DIRECTION ( 'NONE',  ( -1.000000000000000000, 0.000000000000000000, 0.000000000000000000 ) ) ;
#4564 = ADVANCED_FACE ( 'NONE', ( #826 ), #3136, .T. ) ;
#4565 = VERTEX_POINT ( 'NONE', #2035 ) ;
#4566 = EDGE_CURVE ( 'NONE', #2415, #949, #4203, .T. ) ;
#4567 = COLOUR_RGB ( '',0.7529411764705882248, 0.7529411764705882248, 0.7529411764705882248 ) ;
#4568 =( LENGTH_UNIT ( ) NAMED_UNIT ( * ) SI_UNIT ( .MILLI., .METRE. ) );
#4569 = MECHANICAL_DESIGN_GEOMETRIC_PRESENTATION_REPRESENTATION (  '', ( #553 ), #2413 ) ;
#4570 = PRESENTATION_STYLE_ASSIGNMENT (( #1356 ) ) ;
#4571 = PRESENTATION_STYLE_ASSIGNMENT (( #2943 ) ) ;
#4572 = EDGE_CURVE ( 'NONE', #2193, #3593, #3556, .T. ) ;
#4573 = CARTESIAN_POINT ( 'NONE',  ( 4.450000000000000178, 4.000000000000000000, 0.05000000000000889844 ) ) ;
#4574 = LINE ( 'NONE', #3448, #4042 ) ;
#4575 = FILL_AREA_STYLE_COLOUR ( '', #2347 ) ;
#4576 =( NAMED_UNIT ( * ) PLANE_ANGLE_UNIT ( ) SI_UNIT ( $, .RADIAN. ) );
#4577 = ORIENTED_EDGE ( 'NONE', *, *, #3322, .T. ) ;
#4578 = ORIENTED_EDGE ( 'NONE', *, *, #2470, .F. ) ;
#4579 = FILL_AREA_STYLE_COLOUR ( '', #1607 ) ;
#4580 = EDGE_CURVE ( 'NONE', #1460, #6792, #6406, .T. ) ;
#4581 =( LENGTH_UNIT ( ) NAMED_UNIT ( * ) SI_UNIT ( .MILLI., .METRE. ) );
#4582 = VERTEX_POINT ( 'NONE', #791 ) ;
#4583 = ORIENTED_EDGE ( 'NONE', *, *, #1409, .T. ) ;
#4584 = DIRECTION ( 'NONE',  ( 1.000000000000000000, 0.000000000000000000, 0.000000000000000000 ) ) ;
#4585 = SURFACE_STYLE_FILL_AREA ( #150 ) ;
#4586 = PLANE ( 'NONE',  #1473 ) ;
#4587 = SURFACE_STYLE_FILL_AREA ( #5140 ) ;
#4588 = CARTESIAN_POINT ( 'NONE',  ( -2.149999999999999911, 1.199999999999999956, 0.4000000000000000222 ) ) ;
#4589 = VERTEX_POINT ( 'NONE', #861 ) ;
#4590 = CARTESIAN_POINT ( 'NONE',  ( -2.550000000000000266, 4.200000000000000178, -9.397244887005778583E-16 ) ) ;
#4591 = EDGE_CURVE ( 'NONE', #5192, #596, #1486, .T. ) ;
#4592 =( GEOMETRIC_REPRESENTATION_CONTEXT ( 3 ) GLOBAL_UNCERTAINTY_ASSIGNED_CONTEXT ( ( #6206 ) ) GLOBAL_UNIT_ASSIGNED_CONTEXT ( ( #2814, #1052, #4990 ) ) REPRESENTATION_CONTEXT ( 'NONE', 'WORKASPACE' ) );
#4593 = DIRECTION ( 'NONE',  ( 0.000000000000000000, 0.000000000000000000, -1.000000000000000000 ) ) ;
#4594 = LINE ( 'NONE', #5066, #4163 ) ;
#4595 = CARTESIAN_POINT ( 'NONE',  ( -1.090000000000000080, 6.000000000000000000, -0.2000000000000000111 ) ) ;
#4596 = ORIENTED_EDGE ( 'NONE', *, *, #4995, .F. ) ;
#4597 = SURFACE_STYLE_USAGE ( .BOTH. , #2501 ) ;
#4598 = PRESENTATION_LAYER_ASSIGNMENT (  '', '', ( #1983 ) ) ;
#4599 = FILL_AREA_STYLE ('',( #5156 ) ) ;
#4600 = VECTOR ( 'NONE', #4651, 1000.000000000000114 ) ;
#4601 = COLOUR_RGB ( '',1.000000000000000000, 1.000000000000000000, 0.7529411764705882248 ) ;
#4602 = COLOUR_RGB ( '',0.7529411764705882248, 0.7529411764705882248, 0.7529411764705882248 ) ;
#4603 = EDGE_CURVE ( 'NONE', #2643, #1073, #5210, .T. ) ;
#4604 = SURFACE_STYLE_USAGE ( .BOTH. , #2336 ) ;
#4605 = LINE ( 'NONE', #2906, #824 ) ;
#4606 = STYLED_ITEM ( 'NONE', ( #2306 ), #2462 ) ;
#4607 = PRESENTATION_LAYER_ASSIGNMENT (  '', '', ( #592 ) ) ;
#4608 = SURFACE_STYLE_USAGE ( .BOTH. , #3969 ) ;
#4609 = DIRECTION ( 'NONE',  ( 1.000000000000000000, 0.000000000000000000, 0.000000000000000000 ) ) ;
#4610 = ORIENTED_EDGE ( 'NONE', *, *, #537, .T. ) ;
#4611 = VERTEX_POINT ( 'NONE', #5246 ) ;
#4612 = CARTESIAN_POINT ( 'NONE',  ( 0.1600000000000000033, 5.400000000000000355, 7.589415207398530052E-16 ) ) ;
#4613 = STYLED_ITEM ( 'NONE', ( #6890 ), #2963 ) ;
#4614 = VECTOR ( 'NONE', #3375, 1000.000000000000000 ) ;
#4615 = CARTESIAN_POINT ( 'NONE',  ( -1.090000000000000080, 6.200000000000000178, 0.2999999999999999889 ) ) ;
#4616 = ORIENTED_EDGE ( 'NONE', *, *, #4496, .F. ) ;
#4617 =( GEOMETRIC_REPRESENTATION_CONTEXT ( 3 ) GLOBAL_UNCERTAINTY_ASSIGNED_CONTEXT ( ( #2924 ) ) GLOBAL_UNIT_ASSIGNED_CONTEXT ( ( #6405, #2614, #364 ) ) REPRESENTATION_CONTEXT ( 'NONE', 'WORKASPACE' ) );
#4618 = EDGE_LOOP ( 'NONE', ( #6817, #1553, #2555, #3877, #6677, #1438 ) ) ;
#4619 = COLOUR_RGB ( '',0.7529411764705882248, 0.7529411764705882248, 0.7529411764705882248 ) ;
#4620 = UNCERTAINTY_MEASURE_WITH_UNIT (LENGTH_MEASURE( 1.000000000000000082E-05 ), #2720, 'distance_accuracy_value', 'NONE');
#4621 = EDGE_LOOP ( 'NONE', ( #3575, #5483, #195, #4942 ) ) ;
#4622 = COLOUR_RGB ( '',0.7529411764705882248, 0.7529411764705882248, 0.7529411764705882248 ) ;
#4623 = DIRECTION ( 'NONE',  ( 0.000000000000000000, -0.7071067811865470176, 0.7071067811865480168 ) ) ;
#4624 = DIRECTION ( 'NONE',  ( -1.000000000000000000, 0.000000000000000000, -5.042800802258159255E-17 ) ) ;
#4625 = DIRECTION ( 'NONE',  ( -1.000000000000000000, 0.000000000000000000, 0.000000000000000000 ) ) ;
#4626 = DIRECTION ( 'NONE',  ( 0.000000000000000000, -1.000000000000000000, -1.807003620809169702E-16 ) ) ;
#4627 = DIRECTION ( 'NONE',  ( 3.565798643449708932E-17, 0.7071067811865470176, -0.7071067811865480168 ) ) ;
#4628 = ORIENTED_EDGE ( 'NONE', *, *, #5839, .T. ) ;
#4629 = DIRECTION ( 'NONE',  ( 0.000000000000000000, 0.000000000000000000, -1.000000000000000000 ) ) ;
#4630 = UNCERTAINTY_MEASURE_WITH_UNIT (LENGTH_MEASURE( 1.000000000000000082E-05 ), #2968, 'distance_accuracy_value', 'NONE');
#4631 = SURFACE_SIDE_STYLE ('',( #1271 ) ) ;
#4632 = DIRECTION ( 'NONE',  ( -0.000000000000000000, 1.000000000000000000, 0.000000000000000000 ) ) ;
#4633 =( NAMED_UNIT ( * ) SI_UNIT ( $, .STERADIAN. ) SOLID_ANGLE_UNIT ( ) );
#4634 = CARTESIAN_POINT ( 'NONE',  ( 1.409999999999999920, 5.899999999999999467, 1.175000000000000044 ) ) ;
#4635 =( NAMED_UNIT ( * ) PLANE_ANGLE_UNIT ( ) SI_UNIT ( $, .RADIAN. ) );
#4636 = ORIENTED_EDGE ( 'NONE', *, *, #732, .F. ) ;
#4637 = EDGE_CURVE ( 'NONE', #734, #4408, #4706, .T. ) ;
#4638 = PRESENTATION_STYLE_ASSIGNMENT (( #762 ) ) ;
#4639 = ADVANCED_FACE ( 'NONE', ( #398 ), #3664, .F. ) ;
#4640 = FILL_AREA_STYLE ('',( #3484 ) ) ;
#4641 = CARTESIAN_POINT ( 'NONE',  ( -2.449999999999999734, 3.950000000000000178, 1.175000000000000044 ) ) ;
#4642 =( GEOMETRIC_REPRESENTATION_CONTEXT ( 3 ) GLOBAL_UNCERTAINTY_ASSIGNED_CONTEXT ( ( #3043 ) ) GLOBAL_UNIT_ASSIGNED_CONTEXT ( ( #2550, #6424, #3645 ) ) REPRESENTATION_CONTEXT ( 'NONE', 'WORKASPACE' ) );
#4643 = CARTESIAN_POINT ( 'NONE',  ( 4.250000000000000000, 4.200000000000000178, 0.5999999999999999778 ) ) ;
#4644 = SURFACE_SIDE_STYLE ('',( #3034 ) ) ;
#4645 = FACE_OUTER_BOUND ( 'NONE', #6315, .T. ) ;
#4646 = DIRECTION ( 'NONE',  ( -1.000000000000000000, 0.000000000000000000, 0.000000000000000000 ) ) ;
#4647 = VERTEX_POINT ( 'NONE', #3201 ) ;
#4648 = PRODUCT_DEFINITION_SHAPE ( 'NONE', 'NONE',  #3732 ) ;
#4649 = ORIENTED_EDGE ( 'NONE', *, *, #5097, .F. ) ;
#4650 = CARTESIAN_POINT ( 'NONE',  ( -1.090000000000000080, 5.899999999999999467, 0.2999999999999999889 ) ) ;
#4651 = DIRECTION ( 'NONE',  ( 0.000000000000000000, 0.9778024140774096429, -0.2095290887308729200 ) ) ;
#4652 = VERTEX_POINT ( 'NONE', #4839 ) ;
#4653 = EDGE_CURVE ( 'NONE', #3586, #6986, #3294, .T. ) ;
#4654 = ORIENTED_EDGE ( 'NONE', *, *, #6356, .F. ) ;
#4655 = LINE ( 'NONE', #6869, #4676 ) ;
#4656 = EDGE_CURVE ( 'NONE', #5490, #2253, #567, .T. ) ;
#4657 = MECHANICAL_DESIGN_GEOMETRIC_PRESENTATION_REPRESENTATION (  '', ( #2497 ), #1575 ) ;
#4658 = EDGE_CURVE ( 'NONE', #4724, #4082, #3262, .T. ) ;
#4659 =( NAMED_UNIT ( * ) PLANE_ANGLE_UNIT ( ) SI_UNIT ( $, .RADIAN. ) );
#4660 = CARTESIAN_POINT ( 'NONE',  ( 3.419999999999999929, 4.200000000000000178, 0.05000000000000100198 ) ) ;
#4661 = VECTOR ( 'NONE', #6544, 1000.000000000000000 ) ;
#4662 = DIRECTION ( 'NONE',  ( 1.000000000000000000, 0.000000000000000000, 0.000000000000000000 ) ) ;
#4663 = DIRECTION ( 'NONE',  ( -1.000000000000000000, 0.000000000000000000, 0.000000000000000000 ) ) ;
#4664 = VERTEX_POINT ( 'NONE', #1522 ) ;
#4665 = FACE_OUTER_BOUND ( 'NONE', #6242, .T. ) ;
#4666 = SURFACE_STYLE_USAGE ( .BOTH. , #4631 ) ;
#4667 = MECHANICAL_DESIGN_GEOMETRIC_PRESENTATION_REPRESENTATION (  '', ( #2058 ), #2402 ) ;
#4668 = COLOUR_RGB ( '',1.000000000000000000, 1.000000000000000000, 0.7529411764705882248 ) ;
#4669 = FACE_OUTER_BOUND ( 'NONE', #972, .T. ) ;
#4670 = CARTESIAN_POINT ( 'NONE',  ( 1.409999999999999920, 2.700000000000000178, 1.525000000000000133 ) ) ;
#4671 = FACE_OUTER_BOUND ( 'NONE', #6685, .T. ) ;
#4672 = ORIENTED_EDGE ( 'NONE', *, *, #6382, .T. ) ;
#4673 = LINE ( 'NONE', #866, #6952 ) ;
#4674 = EDGE_LOOP ( 'NONE', ( #1297, #3893, #5679, #5493 ) ) ;
#4675 = PLANE ( 'NONE',  #2344 ) ;
#4676 = VECTOR ( 'NONE', #2984, 1000.000000000000000 ) ;
#4677 = VECTOR ( 'NONE', #8, 1000.000000000000114 ) ;
#4678 = FACE_OUTER_BOUND ( 'NONE', #688, .T. ) ;
#4679 = VECTOR ( 'NONE', #5402, 1000.000000000000000 ) ;
#4680 = ADVANCED_FACE ( 'NONE', ( #2242 ), #37, .T. ) ;
#4681 = VECTOR ( 'NONE', #5268, 1000.000000000000000 ) ;
#4682 = PRESENTATION_LAYER_ASSIGNMENT (  '', '', ( #5377 ) ) ;
#4683 = VERTEX_POINT ( 'NONE', #2100 ) ;
#4684 = DIRECTION ( 'NONE',  ( 0.000000000000000000, 0.000000000000000000, -1.000000000000000000 ) ) ;
#4685 =( NAMED_UNIT ( * ) PLANE_ANGLE_UNIT ( ) SI_UNIT ( $, .RADIAN. ) );
#4686 = VECTOR ( 'NONE', #580, 1000.000000000000000 ) ;
#4687 = DIRECTION ( 'NONE',  ( 0.000000000000000000, 0.000000000000000000, -1.000000000000000000 ) ) ;
#4688 = ADVANCED_FACE ( 'NONE', ( #1631 ), #1050, .T. ) ;
#4689 = PLANE ( 'NONE',  #4159 ) ;
#4690 = ORIENTED_EDGE ( 'NONE', *, *, #225, .F. ) ;
#4691 = ORIENTED_EDGE ( 'NONE', *, *, #2760, .F. ) ;
#4692 = FACE_OUTER_BOUND ( 'NONE', #5408, .T. ) ;
#4693 = EDGE_CURVE ( 'NONE', #2157, #5450, #70, .T. ) ;
#4694 = UNCERTAINTY_MEASURE_WITH_UNIT (LENGTH_MEASURE( 1.000000000000000082E-05 ), #7101, 'distance_accuracy_value', 'NONE');
#4695 = LINE ( 'NONE', #2521, #6296 ) ;
#4696 = CARTESIAN_POINT ( 'NONE',  ( -4.450000000000000178, 2.000000000000000000, 0.05000000000000090483 ) ) ;
#4697 = CARTESIAN_POINT ( 'NONE',  ( -0.1600000000000000033, 5.400000000000000355, 0.5999999999999999778 ) ) ;
#4698 = VERTEX_POINT ( 'NONE', #1841 ) ;
#4699 = PLANE ( 'NONE',  #324 ) ;
#4700 = CARTESIAN_POINT ( 'NONE',  ( 2.250000000000000000, 3.950000000000000178, 1.975000000000000089 ) ) ;
#4701 = VERTEX_POINT ( 'NONE', #6209 ) ;
#4702 = VERTEX_POINT ( 'NONE', #4015 ) ;
#4703 =( NAMED_UNIT ( * ) SI_UNIT ( $, .STERADIAN. ) SOLID_ANGLE_UNIT ( ) );
#4704 = UNCERTAINTY_MEASURE_WITH_UNIT (LENGTH_MEASURE( 1.000000000000000082E-05 ), #4374, 'distance_accuracy_value', 'NONE');
#4705 = APPLICATION_PROTOCOL_DEFINITION ( 'draft international standard', 'automotive_design', 1998, #4315 ) ;
#4706 = LINE ( 'NONE', #6924, #3976 ) ;
#4707 = EDGE_LOOP ( 'NONE', ( #6360, #3153, #4468, #788 ) ) ;
#4708 = DIRECTION ( 'NONE',  ( 1.000000000000000000, 0.000000000000000000, 0.000000000000000000 ) ) ;
#4709 = LINE ( 'NONE', #5331, #147 ) ;
#4710 = DIRECTION ( 'NONE',  ( -1.000000000000000000, 0.000000000000000000, 0.000000000000000000 ) ) ;
#4711 = DIRECTION ( 'NONE',  ( 0.000000000000000000, -1.000000000000000000, 0.000000000000000000 ) ) ;
#4712 =( LENGTH_UNIT ( ) NAMED_UNIT ( * ) SI_UNIT ( .MILLI., .METRE. ) );
#4713 = FILL_AREA_STYLE_COLOUR ( '', #1320 ) ;
#4714 = CARTESIAN_POINT ( 'NONE',  ( 0.1600000000000000033, 3.950000000000000178, 1.525000000000000133 ) ) ;
#4715 = FILL_AREA_STYLE ('',( #1465 ) ) ;
#4716 = VERTEX_POINT ( 'NONE', #3914 ) ;
#4717 =( LENGTH_UNIT ( ) NAMED_UNIT ( * ) SI_UNIT ( .MILLI., .METRE. ) );
#4718 = CARTESIAN_POINT ( 'NONE',  ( 2.250000000000000000, 3.950000000000000178, 1.224999999999999867 ) ) ;
#4719 = PRESENTATION_LAYER_ASSIGNMENT (  '', '', ( #3915 ) ) ;
#4720 = LINE ( 'NONE', #5262, #3117 ) ;
#4721 = MECHANICAL_DESIGN_GEOMETRIC_PRESENTATION_REPRESENTATION (  '', ( #4266 ), #3125 ) ;
#4722 = PRESENTATION_LAYER_ASSIGNMENT (  '', '', ( #3455 ) ) ;
#4723 = CARTESIAN_POINT ( 'NONE',  ( 5.450000000000000178, 3.000000000000000000, -0.2000000000000000111 ) ) ;
#4724 = VERTEX_POINT ( 'NONE', #5098 ) ;
#4725 = VERTEX_POINT ( 'NONE', #607 ) ;
#4726 = LINE ( 'NONE', #5785, #5155 ) ;
#4727 = COLOUR_RGB ( '',0.7529411764705882248, 0.7529411764705882248, 0.7529411764705882248 ) ;
#4728 = AXIS2_PLACEMENT_3D ( 'NONE', #5440, #2295, #7065 ) ;
#4729 = ORIENTED_EDGE ( 'NONE', *, *, #6837, .T. ) ;
#4730 = DIRECTION ( 'NONE',  ( 1.000000000000000000, 0.000000000000000000, 0.000000000000000000 ) ) ;
#4731 = STYLED_ITEM ( 'NONE', ( #1288 ), #4 ) ;
#4732 = SURFACE_STYLE_USAGE ( .BOTH. , #284 ) ;
#4733 = SURFACE_SIDE_STYLE ('',( #6955 ) ) ;
#4734 = VECTOR ( 'NONE', #2742, 1000.000000000000000 ) ;
#4735 = CARTESIAN_POINT ( 'NONE',  ( 1.409999999999999920, 6.200000000000000178, 0.2999999999999999889 ) ) ;
#4736 = ORIENTED_EDGE ( 'NONE', *, *, #5855, .T. ) ;
#4737 = FILL_AREA_STYLE_COLOUR ( '', #6410 ) ;
#4738 = ORIENTED_EDGE ( 'NONE', *, *, #5557, .T. ) ;
#4739 = LINE ( 'NONE', #3131, #61 ) ;
#4740 = PRODUCT_CONTEXT ( 'NONE', #4315, 'mechanical' ) ;
#4741 = FILL_AREA_STYLE_COLOUR ( '', #268 ) ;
#4742 = CARTESIAN_POINT ( 'NONE',  ( -1.090000000000000080, 0.000000000000000000, 0.000000000000000000 ) ) ;
#4743 = CARTESIAN_POINT ( 'NONE',  ( -2.149999999999999911, 1.199999999999999956, 1.125000000000000000 ) ) ;
#4744 = LINE ( 'NONE', #905, #2150 ) ;
#4745 = VERTEX_POINT ( 'NONE', #3470 ) ;
#4746 = PRESENTATION_LAYER_ASSIGNMENT (  '', '', ( #6127 ) ) ;
#4747 = CARTESIAN_POINT ( 'NONE',  ( 0.1600000000000000033, 2.399999999999999911, 0.7750000000000000222 ) ) ;
#4748 = EDGE_CURVE ( 'NONE', #2939, #199, #2811, .T. ) ;
#4749 = DIRECTION ( 'NONE',  ( 4.336808689942020201E-16, -1.000000000000000000, -1.709941712034280011E-15 ) ) ;
#4750 = CARTESIAN_POINT ( 'NONE',  ( 0.1600000000000000033, 5.899999999999999467, 0.2999999999999999889 ) ) ;
#4751 = AXIS2_PLACEMENT_3D ( 'NONE', #83, #5623, #2326 ) ;
#4752 = VERTEX_POINT ( 'NONE', #2319 ) ;
#4753 = LINE ( 'NONE', #2048, #3400 ) ;
#4754 = LINE ( 'NONE', #5339, #5772 ) ;
#4755 = EDGE_LOOP ( 'NONE', ( #2371, #1229, #4114, #3650 ) ) ;
#4756 = VECTOR ( 'NONE', #5480, 1000.000000000000000 ) ;
#4757 = VERTEX_POINT ( 'NONE', #1192 ) ;
#4758 = CARTESIAN_POINT ( 'NONE',  ( -1.409999999999999920, 3.950000000000000178, 1.125000000000000000 ) ) ;
#4759 = PRODUCT ( 'Molex 053261-0371', 'Molex 053261-0371', '', ( #4740 ) ) ;
#4760 = UNCERTAINTY_MEASURE_WITH_UNIT (LENGTH_MEASURE( 1.000000000000000082E-05 ), #5629, 'distance_accuracy_value', 'NONE');
#4761 = EDGE_CURVE ( 'NONE', #1960, #2198, #2286, .T. ) ;
#4762 = DIRECTION ( 'NONE',  ( 0.000000000000000000, 1.000000000000000000, 0.000000000000000000 ) ) ;
#4763 = ADVANCED_FACE ( 'NONE', ( #3984 ), #4489, .F. ) ;
#4764 = FACE_OUTER_BOUND ( 'NONE', #561, .T. ) ;
#4765 = EDGE_CURVE ( 'NONE', #1817, #2637, #6182, .T. ) ;
#4766 = DIRECTION ( 'NONE',  ( 1.000000000000000000, -8.673617379884039416E-16, 0.000000000000000000 ) ) ;
#4767 = EDGE_LOOP ( 'NONE', ( #2458, #5223, #76, #2089 ) ) ;
#4768 = SURFACE_STYLE_FILL_AREA ( #5276 ) ;
#4769 = CARTESIAN_POINT ( 'NONE',  ( 1.409999999999999920, 5.599999999999999645, -0.2000000000000000111 ) ) ;
#4770 = COLOUR_RGB ( '',0.7529411764705882248, 0.7529411764705882248, 0.7529411764705882248 ) ;
#4771 = FILL_AREA_STYLE ('',( #4741 ) ) ;
#4772 = VECTOR ( 'NONE', #1263, 1000.000000000000000 ) ;
#4773 = DIRECTION ( 'NONE',  ( 0.000000000000000000, 1.000000000000000000, 0.000000000000000000 ) ) ;
#4774 = FACE_OUTER_BOUND ( 'NONE', #5674, .T. ) ;
#4775 = CARTESIAN_POINT ( 'NONE',  ( 2.149999999999999911, 2.200000000000000178, 2.799999999999999822 ) ) ;
#4776 = PRESENTATION_LAYER_ASSIGNMENT (  '', '', ( #3981 ) ) ;
#4777 = LINE ( 'NONE', #6371, #4431 ) ;
#4778 = CARTESIAN_POINT ( 'NONE',  ( -1.090000000000000080, 0.000000000000000000, 0.000000000000000000 ) ) ;
#4779 = ADVANCED_FACE ( 'NONE', ( #5031 ), #114, .F. ) ;
#4780 = SURFACE_STYLE_FILL_AREA ( #5811 ) ;
#4781 =( LENGTH_UNIT ( ) NAMED_UNIT ( * ) SI_UNIT ( .MILLI., .METRE. ) );
#4782 = ORIENTED_EDGE ( 'NONE', *, *, #6951, .T. ) ;
#4783 = COLOUR_RGB ( '',1.000000000000000000, 1.000000000000000000, 0.7529411764705882248 ) ;
#4784 = CARTESIAN_POINT ( 'NONE',  ( -1.090000000000000080, 5.400000000000000355, 0.5999999999999999778 ) ) ;
#4785 = CARTESIAN_POINT ( 'NONE',  ( -0.1600000000000000033, 6.000000000000000000, -0.2000000000000000111 ) ) ;
#4786 =( NAMED_UNIT ( * ) PLANE_ANGLE_UNIT ( ) SI_UNIT ( $, .RADIAN. ) );
#4787 =( BOUNDED_CURVE ( )  B_SPLINE_CURVE ( 3, ( #2475, #2408, #1363, #5705 ),
 .UNSPECIFIED., .F., .T. ) 
 B_SPLINE_CURVE_WITH_KNOTS ( ( 4, 4 ),
 ( 3.141592653589793116, 4.712388980384689674 ),
 .UNSPECIFIED. ) 
 CURVE ( )  GEOMETRIC_REPRESENTATION_ITEM ( )  RATIONAL_B_SPLINE_CURVE ( ( 1.000000000000000000, 0.8047378541243649375, 0.8047378541243649375, 1.000000000000000000 ) ) 
 REPRESENTATION_ITEM ( '' )  );
#4788 = CARTESIAN_POINT ( 'NONE',  ( 2.750000000000000000, 2.000000000000000000, 3.000000000000000000 ) ) ;
#4789 = VECTOR ( 'NONE', #1770, 1000.000000000000000 ) ;
#4790 =( GEOMETRIC_REPRESENTATION_CONTEXT ( 3 ) GLOBAL_UNCERTAINTY_ASSIGNED_CONTEXT ( ( #2933 ) ) GLOBAL_UNIT_ASSIGNED_CONTEXT ( ( #3048, #286, #5237 ) ) REPRESENTATION_CONTEXT ( 'NONE', 'WORKASPACE' ) );
#4791 = CARTESIAN_POINT ( 'NONE',  ( -1.409999999999999920, 5.200000000000000178, 1.175000000000000044 ) ) ;
#4792 = VERTEX_POINT ( 'NONE', #5751 ) ;
#4793 = VERTEX_POINT ( 'NONE', #323 ) ;
#4794 = VERTEX_POINT ( 'NONE', #3618 ) ;
#4795 = FILL_AREA_STYLE_COLOUR ( '', #2746 ) ;
#4796 = MECHANICAL_DESIGN_GEOMETRIC_PRESENTATION_REPRESENTATION (  '', ( #5381 ), #1953 ) ;
#4797 = EDGE_CURVE ( 'NONE', #5002, #3901, #3547, .T. ) ;
#4798 = ORIENTED_EDGE ( 'NONE', *, *, #4882, .F. ) ;
#4799 = SURFACE_STYLE_FILL_AREA ( #420 ) ;
#4800 = LINE ( 'NONE', #5590, #5773 ) ;
#4801 =( LENGTH_UNIT ( ) NAMED_UNIT ( * ) SI_UNIT ( .MILLI., .METRE. ) );
#4802 = DIRECTION ( 'NONE',  ( 0.000000000000000000, 0.000000000000000000, -1.000000000000000000 ) ) ;
#4803 = ORIENTED_EDGE ( 'NONE', *, *, #2601, .F. ) ;
#4804 = SURFACE_SIDE_STYLE ('',( #4768 ) ) ;
#4805 = PRESENTATION_STYLE_ASSIGNMENT (( #4167 ) ) ;
#4806 = APPLICATION_PROTOCOL_DEFINITION ( 'draft international standard', 'automotive_design', 1998, #2881 ) ;
#4807 = SURFACE_STYLE_FILL_AREA ( #5427 ) ;
#4808 = LINE ( 'NONE', #2102, #2059 ) ;
#4809 = DIRECTION ( 'NONE',  ( 1.000000000000000000, 0.000000000000000000, -5.421010862427520198E-16 ) ) ;
#4810 = DIRECTION ( 'NONE',  ( 0.000000000000000000, 0.000000000000000000, 1.000000000000000000 ) ) ;
#4811 = EDGE_CURVE ( 'NONE', #3339, #4702, #5717, .T. ) ;
#4812 = SURFACE_SIDE_STYLE ('',( #6480 ) ) ;
#4813 = LINE ( 'NONE', #5950, #6458 ) ;
#4814 = SURFACE_STYLE_USAGE ( .BOTH. , #1436 ) ;
#4815 = ORIENTED_EDGE ( 'NONE', *, *, #6277, .T. ) ;
#4816 = DIRECTION ( 'NONE',  ( -1.000000000000000000, 0.000000000000000000, 0.000000000000000000 ) ) ;
#4817 =( LENGTH_UNIT ( ) NAMED_UNIT ( * ) SI_UNIT ( .MILLI., .METRE. ) );
#4818 = SURFACE_STYLE_USAGE ( .BOTH. , #2662 ) ;
#4819 = CARTESIAN_POINT ( 'NONE',  ( 3.750000000000000000, 1.399999999999999911, 0.1000000000000000056 ) ) ;
#4820 = VECTOR ( 'NONE', #1844, 1000.000000000000000 ) ;
#4821 = ORIENTED_EDGE ( 'NONE', *, *, #3206, .T. ) ;
#4822 = VECTOR ( 'NONE', #450, 1000.000000000000000 ) ;
#4823 = ORIENTED_EDGE ( 'NONE', *, *, #4866, .T. ) ;
#4824 = EDGE_CURVE ( 'NONE', #5166, #1309, #4052, .T. ) ;
#4825 = ORIENTED_EDGE ( 'NONE', *, *, #3688, .T. ) ;
#4826 = VECTOR ( 'NONE', #387, 1000.000000000000000 ) ;
#4827 = PRESENTATION_LAYER_ASSIGNMENT (  '', '', ( #22 ) ) ;
#4828 = UNCERTAINTY_MEASURE_WITH_UNIT (LENGTH_MEASURE( 1.000000000000000082E-05 ), #6369, 'distance_accuracy_value', 'NONE');
#4829 = ORIENTED_EDGE ( 'NONE', *, *, #7043, .T. ) ;
#4830 =( NAMED_UNIT ( * ) SI_UNIT ( $, .STERADIAN. ) SOLID_ANGLE_UNIT ( ) );
#4831 = VECTOR ( 'NONE', #270, 1000.000000000000227 ) ;
#4832 = CARTESIAN_POINT ( 'NONE',  ( 0.1600000000000000033, 6.200000000000000178, 7.216449660063520471E-16 ) ) ;
#4833 = ORIENTED_EDGE ( 'NONE', *, *, #3859, .F. ) ;
#4834 = CARTESIAN_POINT ( 'NONE',  ( 2.267406316945908884, 1.121729122036057014, 1.976139413213473528 ) ) ;
#4835 = EDGE_LOOP ( 'NONE', ( #1585, #5407, #3287, #3540 ) ) ;
#4836 = AXIS2_PLACEMENT_3D ( 'NONE', #306, #2510, #4684 ) ;
#4837 = COLOUR_RGB ( '',0.7529411764705882248, 0.7529411764705882248, 0.7529411764705882248 ) ;
#4838 = AXIS2_PLACEMENT_3D ( 'NONE', #5982, #5475, #1638 ) ;
#4839 = CARTESIAN_POINT ( 'NONE',  ( -2.995735931288070031, 4.200000000000000178, 0.1000000000000000056 ) ) ;
#4840 = FILL_AREA_STYLE_COLOUR ( '', #540 ) ;
#4841 = DIRECTION ( 'NONE',  ( 0.000000000000000000, -1.000000000000000000, 0.000000000000000000 ) ) ;
#4842 = LINE ( 'NONE', #5943, #2677 ) ;
#4843 = PRESENTATION_LAYER_ASSIGNMENT (  '', '', ( #5433 ) ) ;
#4844 = CARTESIAN_POINT ( 'NONE',  ( 2.050000000000000266, 5.200000000000000178, -0.2000000000000000111 ) ) ;
#4845 = CARTESIAN_POINT ( 'NONE',  ( -1.894117647058819909, 1.370588235294119883, 0.5705882352941169522 ) ) ;
#4846 = FILL_AREA_STYLE ('',( #1637 ) ) ;
#4847 = VECTOR ( 'NONE', #2488, 1000.000000000000000 ) ;
#4848 = CARTESIAN_POINT ( 'NONE',  ( 2.250000000000000000, 3.950000000000000178, 1.224999999999999867 ) ) ;
#4849 =( NAMED_UNIT ( * ) SI_UNIT ( $, .STERADIAN. ) SOLID_ANGLE_UNIT ( ) );
#4850 = VERTEX_POINT ( 'NONE', #6319 ) ;
#4851 = ADVANCED_FACE ( 'NONE', ( #5199 ), #4586, .F. ) ;
#4852 = EDGE_CURVE ( 'NONE', #273, #4477, #3515, .T. ) ;
#4853 = CARTESIAN_POINT ( 'NONE',  ( -4.049999999999999822, 1.399999999999999911, 2.000000000000000000 ) ) ;
#4854 = EDGE_CURVE ( 'NONE', #6563, #3759, #6282, .T. ) ;
#4855 =( LENGTH_UNIT ( ) NAMED_UNIT ( * ) SI_UNIT ( .MILLI., .METRE. ) );
#4856 = CARTESIAN_POINT ( 'NONE',  ( -1.800000000000000044, 2.000000000000000000, 2.799999999999999822 ) ) ;
#4857 = COLOUR_RGB ( '',0.7529411764705882248, 0.7529411764705882248, 0.7529411764705882248 ) ;
#4858 = FILL_AREA_STYLE_COLOUR ( '', #1558 ) ;
#4859 = CARTESIAN_POINT ( 'NONE',  ( 1.090000000000000080, 2.399999999999999911, 0.7750000000000000222 ) ) ;
#4860 = CARTESIAN_POINT ( 'NONE',  ( -1.409999999999999920, 1.699999999999999956, 1.324999999999999956 ) ) ;
#4861 = ORIENTED_EDGE ( 'NONE', *, *, #5589, .F. ) ;
#4862 = ORIENTED_EDGE ( 'NONE', *, *, #1555, .T. ) ;
#4863 = DIRECTION ( 'NONE',  ( -1.000000000000000000, 0.000000000000000000, 0.000000000000000000 ) ) ;
#4864 = DIRECTION ( 'NONE',  ( 0.5547001962252289253, 0.8320502943378439431, 7.763855334859726879E-16 ) ) ;
#4865 = PRESENTATION_LAYER_ASSIGNMENT (  '', '', ( #2612 ) ) ;
#4866 = EDGE_CURVE ( 'NONE', #3539, #1332, #4127, .T. ) ;
#4867 = DIRECTION ( 'NONE',  ( 0.000000000000000000, 0.9778024140774096429, -0.2095290887308729200 ) ) ;
#4868 = ADVANCED_FACE ( 'NONE', ( #853 ), #5235, .F. ) ;
#4869 =( NAMED_UNIT ( * ) SI_UNIT ( $, .STERADIAN. ) SOLID_ANGLE_UNIT ( ) );
#4870 = FACE_OUTER_BOUND ( 'NONE', #4835, .T. ) ;
#4871 = ORIENTED_EDGE ( 'NONE', *, *, #4797, .T. ) ;
#4872 = LINE ( 'NONE', #3847, #4221 ) ;
#4873 = ORIENTED_EDGE ( 'NONE', *, *, #957, .F. ) ;
#4874 = CARTESIAN_POINT ( 'NONE',  ( 1.090000000000000080, 5.400000000000000355, 7.771561172376099727E-16 ) ) ;
#4875 = ADVANCED_FACE ( 'NONE', ( #3844 ), #7049, .T. ) ;
#4876 = CARTESIAN_POINT ( 'NONE',  ( -2.750000000000000000, 4.200000000000000178, 2.500000000000000000 ) ) ;
#4877 =( NAMED_UNIT ( * ) PLANE_ANGLE_UNIT ( ) SI_UNIT ( $, .RADIAN. ) );
#4878 = STYLED_ITEM ( 'NONE', ( #3861 ), #6958 ) ;
#4879 = SURFACE_STYLE_FILL_AREA ( #2716 ) ;
#4880 = DIRECTION ( 'NONE',  ( 1.196361017915040028E-15, 1.355252715606880049E-16, -1.000000000000000000 ) ) ;
#4881 = SURFACE_STYLE_FILL_AREA ( #3889 ) ;
#4882 = EDGE_CURVE ( 'NONE', #6965, #2637, #5967, .T. ) ;
#4883 = CARTESIAN_POINT ( 'NONE',  ( 0.5500000000000000444, 2.449999999999999734, -4.336808689942019708E-16 ) ) ;
#4884 = CARTESIAN_POINT ( 'NONE',  ( 0.1600000000000000033, 3.950000000000000178, 0.7750000000000000222 ) ) ;
#4885 = CARTESIAN_POINT ( 'NONE',  ( -1.800000000000000044, 2.200000000000000178, 2.799999999999999822 ) ) ;
#4886 =( NAMED_UNIT ( * ) SI_UNIT ( $, .STERADIAN. ) SOLID_ANGLE_UNIT ( ) );
#4887 = SURFACE_STYLE_FILL_AREA ( #6019 ) ;
#4888 = ORIENTED_EDGE ( 'NONE', *, *, #3314, .T. ) ;
#4889 = CARTESIAN_POINT ( 'NONE',  ( 1.409999999999999920, 5.899999999999999467, 1.175000000000000044 ) ) ;
#4890 = PRESENTATION_LAYER_ASSIGNMENT (  '', '', ( #5594 ) ) ;
#4891 = FILL_AREA_STYLE ('',( #4358 ) ) ;
#4892 = PLANE ( 'NONE',  #3890 ) ;
#4893 = ADVANCED_FACE ( 'NONE', ( #1038 ), #3220, .F. ) ;
#4894 = FACE_OUTER_BOUND ( 'NONE', #4950, .T. ) ;
#4895 = COLOUR_RGB ( '',1.000000000000000000, 1.000000000000000000, 0.7529411764705882248 ) ;
#4896 = SURFACE_STYLE_USAGE ( .BOTH. , #3834 ) ;
#4897 = AXIS2_PLACEMENT_3D ( 'NONE', #6145, #1916, #2359 ) ;
#4898 = EDGE_LOOP ( 'NONE', ( #3174, #1104, #3345, #3071 ) ) ;
#4899 = ORIENTED_EDGE ( 'NONE', *, *, #2057, .F. ) ;
#4900 = DIRECTION ( 'NONE',  ( 0.000000000000000000, -1.000000000000000000, 0.000000000000000000 ) ) ;
#4901 = ORIENTED_EDGE ( 'NONE', *, *, #3952, .F. ) ;
#4902 =( GEOMETRIC_REPRESENTATION_CONTEXT ( 3 ) GLOBAL_UNCERTAINTY_ASSIGNED_CONTEXT ( ( #4704 ) ) GLOBAL_UNIT_ASSIGNED_CONTEXT ( ( #4374, #6616, #2134 ) ) REPRESENTATION_CONTEXT ( 'NONE', 'WORKASPACE' ) );
#4903 = MECHANICAL_DESIGN_GEOMETRIC_PRESENTATION_REPRESENTATION (  '', ( #2514 ), #4790 ) ;
#4904 = ADVANCED_FACE ( 'NONE', ( #733 ), #2947, .F. ) ;
#4905 = UNCERTAINTY_MEASURE_WITH_UNIT (LENGTH_MEASURE( 1.000000000000000082E-05 ), #4801, 'distance_accuracy_value', 'NONE');
#4906 = SURFACE_STYLE_USAGE ( .BOTH. , #2349 ) ;
#4907 = DIRECTION ( 'NONE',  ( 0.000000000000000000, 0.000000000000000000, -1.000000000000000000 ) ) ;
#4908 = ORIENTED_EDGE ( 'NONE', *, *, #5867, .F. ) ;
#4909 = SURFACE_SIDE_STYLE ('',( #2738 ) ) ;
#4910 = ORIENTED_EDGE ( 'NONE', *, *, #5637, .T. ) ;
#4911 = VERTEX_POINT ( 'NONE', #5119 ) ;
#4912 = VECTOR ( 'NONE', #4710, 1000.000000000000000 ) ;
#4913 =( NAMED_UNIT ( * ) PLANE_ANGLE_UNIT ( ) SI_UNIT ( $, .RADIAN. ) );
#4914 = SURFACE_STYLE_FILL_AREA ( #3886 ) ;
#4915 = SURFACE_STYLE_USAGE ( .BOTH. , #3327 ) ;
#4916 = DIRECTION ( 'NONE',  ( 1.000000000000000000, 0.000000000000000000, 0.000000000000000000 ) ) ;
#4917 = CARTESIAN_POINT ( 'NONE',  ( 2.449999999999999734, 1.000000000000000000, 3.200000000000000178 ) ) ;
#4918 = EDGE_LOOP ( 'NONE', ( #6330, #7016, #1267, #2190 ) ) ;
#4919 = CYLINDRICAL_SURFACE ( 'NONE', #4988, 0.09999999999999982514 ) ;
#4920 = DIRECTION ( 'NONE',  ( 0.000000000000000000, 0.000000000000000000, 1.000000000000000000 ) ) ;
#4921 = FACE_OUTER_BOUND ( 'NONE', #3080, .T. ) ;
#4922 = FACE_OUTER_BOUND ( 'NONE', #6648, .T. ) ;
#4923 = ORIENTED_EDGE ( 'NONE', *, *, #1538, .T. ) ;
#4924 = CARTESIAN_POINT ( 'NONE',  ( 2.550000000000000266, 2.000000000000000000, -0.2000000000000050071 ) ) ;
#4925 = CARTESIAN_POINT ( 'NONE',  ( 3.750000000000000000, 1.399999999999999911, 0.1000000000000000056 ) ) ;
#4926 = ORIENTED_EDGE ( 'NONE', *, *, #3096, .F. ) ;
#4927 = EDGE_LOOP ( 'NONE', ( #3225, #3435, #3456, #4672 ) ) ;
#4928 = DIRECTION ( 'NONE',  ( 0.000000000000000000, 0.000000000000000000, 1.000000000000000000 ) ) ;
#4929 = ORIENTED_EDGE ( 'NONE', *, *, #4469, .T. ) ;
#4930 = VECTOR ( 'NONE', #3696, 999.9999999999998863 ) ;
#4931 = LINE ( 'NONE', #768, #2161 ) ;
#4932 = ORIENTED_EDGE ( 'NONE', *, *, #728, .F. ) ;
#4933 = CARTESIAN_POINT ( 'NONE',  ( -2.449999999999999734, 1.000000000000000000, 2.024999999999999911 ) ) ;
#4934 = EDGE_CURVE ( 'NONE', #6252, #2167, #4787, .T. ) ;
#4935 = STYLED_ITEM ( 'NONE', ( #601 ), #868 ) ;
#4936 = VERTEX_POINT ( 'NONE', #1864 ) ;
#4937 =( GEOMETRIC_REPRESENTATION_CONTEXT ( 3 ) GLOBAL_UNCERTAINTY_ASSIGNED_CONTEXT ( ( #2987 ) ) GLOBAL_UNIT_ASSIGNED_CONTEXT ( ( #1906, #3497, #2414 ) ) REPRESENTATION_CONTEXT ( 'NONE', 'WORKASPACE' ) );
#4938 =( LENGTH_UNIT ( ) NAMED_UNIT ( * ) SI_UNIT ( .MILLI., .METRE. ) );
#4939 = MECHANICAL_DESIGN_GEOMETRIC_PRESENTATION_REPRESENTATION (  '', ( #22 ), #1536 ) ;
#4940 = DIRECTION ( 'NONE',  ( 1.000000000000000000, 0.000000000000000000, 0.000000000000000000 ) ) ;
#4941 = COLOUR_RGB ( '',1.000000000000000000, 1.000000000000000000, 0.7529411764705882248 ) ;
#4942 = ORIENTED_EDGE ( 'NONE', *, *, #5272, .T. ) ;
#4943 = VECTOR ( 'NONE', #767, 1000.000000000000000 ) ;
#4944 = FILL_AREA_STYLE ('',( #1664 ) ) ;
#4945 =( NAMED_UNIT ( * ) SI_UNIT ( $, .STERADIAN. ) SOLID_ANGLE_UNIT ( ) );
#4946 = CARTESIAN_POINT ( 'NONE',  ( -2.149999999999999911, 1.199999999999999956, 0.4000000000000000222 ) ) ;
#4947 = SURFACE_STYLE_FILL_AREA ( #1087 ) ;
#4948 = SURFACE_STYLE_USAGE ( .BOTH. , #1088 ) ;
#4949 = DIRECTION ( 'NONE',  ( 0.000000000000000000, 1.000000000000000000, 0.000000000000000000 ) ) ;
#4950 = EDGE_LOOP ( 'NONE', ( #6793, #4691, #3681, #4173 ) ) ;
#4951 = CARTESIAN_POINT ( 'NONE',  ( 1.409999999999999920, 5.200000000000000178, 0.5999999999999999778 ) ) ;
#4952 = VECTOR ( 'NONE', #4535, 1000.000000000000000 ) ;
#4953 = COLOUR_RGB ( '',1.000000000000000000, 1.000000000000000000, 0.7529411764705882248 ) ;
#4954 = DIRECTION ( 'NONE',  ( 0.000000000000000000, 1.000000000000000000, 0.000000000000000000 ) ) ;
#4955 = CARTESIAN_POINT ( 'NONE',  ( 1.800000000000000044, 2.000000000000000000, 3.200000000000000178 ) ) ;
#4956 = VECTOR ( 'NONE', #7033, 1000.000000000000000 ) ;
#4957 = SURFACE_STYLE_FILL_AREA ( #6594 ) ;
#4958 = STYLED_ITEM ( 'NONE', ( #5064 ), #2901 ) ;
#4959 = PRESENTATION_STYLE_ASSIGNMENT (( #5548 ) ) ;
#4960 = LINE ( 'NONE', #12, #5464 ) ;
#4961 = ORIENTED_EDGE ( 'NONE', *, *, #1410, .F. ) ;
#4962 = EDGE_CURVE ( 'NONE', #3840, #1546, #4931, .T. ) ;
#4963 = FILL_AREA_STYLE ('',( #6086 ) ) ;
#4964 = LINE ( 'NONE', #6757, #3089 ) ;
#4965 = FILL_AREA_STYLE ('',( #1613 ) ) ;
#4966 = VERTEX_POINT ( 'NONE', #5161 ) ;
#4967 =( LENGTH_UNIT ( ) NAMED_UNIT ( * ) SI_UNIT ( .MILLI., .METRE. ) );
#4968 = SURFACE_STYLE_USAGE ( .BOTH. , #3248 ) ;
#4969 = ORIENTED_EDGE ( 'NONE', *, *, #4765, .T. ) ;
#4970 = ORIENTED_EDGE ( 'NONE', *, *, #6079, .T. ) ;
#4971 = DIRECTION ( 'NONE',  ( 0.000000000000000000, 1.000000000000000000, 0.000000000000000000 ) ) ;
#4972 = AXIS2_PLACEMENT_3D ( 'NONE', #7002, #5844, #3708 ) ;
#4973 = ORIENTED_EDGE ( 'NONE', *, *, #5314, .T. ) ;
#4974 = UNCERTAINTY_MEASURE_WITH_UNIT (LENGTH_MEASURE( 1.000000000000000082E-05 ), #5456, 'distance_accuracy_value', 'NONE');
#4975 = PRESENTATION_STYLE_ASSIGNMENT (( #6032 ) ) ;
#4976 = CARTESIAN_POINT ( 'NONE',  ( 1.409999999999999920, 6.200000000000000178, 7.318364664277149999E-16 ) ) ;
#4977 = ORIENTED_EDGE ( 'NONE', *, *, #1190, .F. ) ;
#4978 = PRESENTATION_STYLE_ASSIGNMENT (( #3465 ) ) ;
#4979 = ORIENTED_EDGE ( 'NONE', *, *, #6920, .F. ) ;
#4980 = DIRECTION ( 'NONE',  ( -1.000000000000000000, 0.000000000000000000, 0.000000000000000000 ) ) ;
#4981 = UNCERTAINTY_MEASURE_WITH_UNIT (LENGTH_MEASURE( 1.000000000000000082E-05 ), #5390, 'distance_accuracy_value', 'NONE');
#4982 = PRESENTATION_LAYER_ASSIGNMENT (  '', '', ( #6737 ) ) ;
#4983 = EDGE_CURVE ( 'NONE', #1576, #23, #2440, .T. ) ;
#4984 = EDGE_CURVE ( 'NONE', #771, #2030, #5742, .T. ) ;
#4985 = LINE ( 'NONE', #2926, #3354 ) ;
#4986 = DIRECTION ( 'NONE',  ( -1.000000000000000000, 0.000000000000000000, 0.000000000000000000 ) ) ;
#4987 = SURFACE_STYLE_USAGE ( .BOTH. , #2852 ) ;
#4988 = AXIS2_PLACEMENT_3D ( 'NONE', #2363, #1349, #1230 ) ;
#4989 = FACE_OUTER_BOUND ( 'NONE', #4927, .T. ) ;
#4990 =( NAMED_UNIT ( * ) SI_UNIT ( $, .STERADIAN. ) SOLID_ANGLE_UNIT ( ) );
#4991 = ORIENTED_EDGE ( 'NONE', *, *, #5227, .F. ) ;
#4992 = DIRECTION ( 'NONE',  ( 0.000000000000000000, 1.000000000000000000, 0.000000000000000000 ) ) ;
#4993 = UNCERTAINTY_MEASURE_WITH_UNIT (LENGTH_MEASURE( 1.000000000000000082E-05 ), #1883, 'distance_accuracy_value', 'NONE');
#4994 = FILL_AREA_STYLE ('',( #1200 ) ) ;
#4995 = EDGE_CURVE ( 'NONE', #6492, #621, #5527, .T. ) ;
#4996 = DIRECTION ( 'NONE',  ( 1.000000000000000000, 0.000000000000000000, 6.776263578034410601E-16 ) ) ;
#4997 = DIRECTION ( 'NONE',  ( 0.000000000000000000, -0.7071067811865470176, 0.7071067811865480168 ) ) ;
#4998 =( NAMED_UNIT ( * ) PLANE_ANGLE_UNIT ( ) SI_UNIT ( $, .RADIAN. ) );
#4999 = AXIS2_PLACEMENT_3D ( 'NONE', #1527, #6477, #5979 ) ;
#5000 =( NAMED_UNIT ( * ) PLANE_ANGLE_UNIT ( ) SI_UNIT ( $, .RADIAN. ) );
#5001 = DIRECTION ( 'NONE',  ( 1.000000000000000000, 0.000000000000000000, 0.000000000000000000 ) ) ;
#5002 = VERTEX_POINT ( 'NONE', #2801 ) ;
#5003 = EDGE_CURVE ( 'NONE', #960, #1147, #3002, .T. ) ;
#5004 = FILL_AREA_STYLE ('',( #3243 ) ) ;
#5005 = VERTEX_POINT ( 'NONE', #3905 ) ;
#5006 = LINE ( 'NONE', #91, #3228 ) ;
#5007 = VECTOR ( 'NONE', #3165, 1000.000000000000000 ) ;
#5008 = FILL_AREA_STYLE ('',( #6159 ) ) ;
#5009 = VECTOR ( 'NONE', #3733, 1000.000000000000000 ) ;
#5010 = ORIENTED_EDGE ( 'NONE', *, *, #4441, .F. ) ;
#5011 = LINE ( 'NONE', #2728, #5069 ) ;
#5012 = DIRECTION ( 'NONE',  ( -1.000000000000000000, 0.000000000000000000, 5.421010862427519089E-17 ) ) ;
#5013 = CARTESIAN_POINT ( 'NONE',  ( 3.750000000000000000, 4.200000000000000178, 0.1000000000000000056 ) ) ;
#5014 = ORIENTED_EDGE ( 'NONE', *, *, #5302, .F. ) ;
#5015 = MECHANICAL_DESIGN_GEOMETRIC_PRESENTATION_REPRESENTATION (  '', ( #6158 ), #1357 ) ;
#5016 = ORIENTED_EDGE ( 'NONE', *, *, #1290, .T. ) ;
#5017 = COLOUR_RGB ( '',1.000000000000000000, 1.000000000000000000, 0.7529411764705882248 ) ;
#5018 = PRESENTATION_LAYER_ASSIGNMENT (  '', '', ( #6170 ) ) ;
#5019 = COLOUR_RGB ( '',1.000000000000000000, 1.000000000000000000, 0.7529411764705882248 ) ;
#5020 = EDGE_CURVE ( 'NONE', #1236, #516, #5185, .T. ) ;
#5021 = ORIENTED_EDGE ( 'NONE', *, *, #2394, .F. ) ;
#5022 = CARTESIAN_POINT ( 'NONE',  ( 2.250000000000000000, 3.950000000000000178, 2.075000000000000178 ) ) ;
#5023 = ORIENTED_EDGE ( 'NONE', *, *, #2153, .T. ) ;
#5024 = VECTOR ( 'NONE', #4379, 1000.000000000000000 ) ;
#5025 = CARTESIAN_POINT ( 'NONE',  ( -1.409999999999999920, 5.400000000000000355, 7.771561172376099727E-16 ) ) ;
#5026 = LINE ( 'NONE', #4079, #21 ) ;
#5027 = PRESENTATION_LAYER_ASSIGNMENT (  '', '', ( #406 ) ) ;
#5028 = MECHANICAL_DESIGN_GEOMETRIC_PRESENTATION_REPRESENTATION (  '', ( #5148 ), #4902 ) ;
#5029 = VECTOR ( 'NONE', #1586, 1000.000000000000000 ) ;
#5030 = COLOUR_RGB ( '',0.7529411764705882248, 0.7529411764705882248, 0.7529411764705882248 ) ;
#5031 = FACE_OUTER_BOUND ( 'NONE', #4188, .T. ) ;
#5032 =( NAMED_UNIT ( * ) PLANE_ANGLE_UNIT ( ) SI_UNIT ( $, .RADIAN. ) );
#5033 = CARTESIAN_POINT ( 'NONE',  ( -1.409999999999999920, 5.400000000000000355, 7.589415207398530052E-16 ) ) ;
#5034 = ORIENTED_EDGE ( 'NONE', *, *, #3299, .T. ) ;
#5035 = VECTOR ( 'NONE', #1242, 1000.000000000000000 ) ;
#5036 = PRESENTATION_LAYER_ASSIGNMENT (  '', '', ( #1022 ) ) ;
#5037 = CARTESIAN_POINT ( 'NONE',  ( -1.409999999999999920, 5.200000000000000178, 0.5999999999999999778 ) ) ;
#5038 =( NAMED_UNIT ( * ) SI_UNIT ( $, .STERADIAN. ) SOLID_ANGLE_UNIT ( ) );
#5039 = FILL_AREA_STYLE_COLOUR ( '', #5204 ) ;
#5040 = CARTESIAN_POINT ( 'NONE',  ( 0.1600000000000000033, 1.699999999999999956, 0.9250000000000000444 ) ) ;
#5041 = ORIENTED_EDGE ( 'NONE', *, *, #6812, .T. ) ;
#5042 = LINE ( 'NONE', #4924, #6976 ) ;
#5043 = VERTEX_POINT ( 'NONE', #6859 ) ;
#5044 = PRESENTATION_STYLE_ASSIGNMENT (( #2753 ) ) ;
#5045 = SURFACE_STYLE_USAGE ( .BOTH. , #5074 ) ;
#5046 = CARTESIAN_POINT ( 'NONE',  ( 2.449999999999999734, 3.950000000000000178, 1.175000000000000044 ) ) ;
#5047 = CARTESIAN_POINT ( 'NONE',  ( 3.419999999999999929, 4.200000000000000178, 0.05000000000000109912 ) ) ;
#5048 = VERTEX_POINT ( 'NONE', #1936 ) ;
#5049 = EDGE_LOOP ( 'NONE', ( #2112, #6909, #4484, #1364 ) ) ;
#5050 = UNCERTAINTY_MEASURE_WITH_UNIT (LENGTH_MEASURE( 1.000000000000000082E-05 ), #813, 'distance_accuracy_value', 'NONE');
#5051 = VERTEX_POINT ( 'NONE', #6309 ) ;
#5052 = LINE ( 'NONE', #143, #6411 ) ;
#5053 = EDGE_CURVE ( 'NONE', #413, #1786, #1401, .T. ) ;
#5054 = DIRECTION ( 'NONE',  ( 1.000000000000000000, -6.834269481524929886E-33, 5.042800802258159255E-17 ) ) ;
#5055 = AXIS2_PLACEMENT_3D ( 'NONE', #4588, #4627, #6251 ) ;
#5056 = LINE ( 'NONE', #6143, #1173 ) ;
#5057 = DIRECTION ( 'NONE',  ( 0.000000000000000000, 1.807003620809169702E-16, -1.000000000000000000 ) ) ;
#5058 = CARTESIAN_POINT ( 'NONE',  ( -2.750000000000000000, 4.200000000000000178, 0.1000000000000000056 ) ) ;
#5059 = CARTESIAN_POINT ( 'NONE',  ( 4.450000000000000178, 2.200000000000000178, -0.2000000000000000111 ) ) ;
#5060 = FACE_OUTER_BOUND ( 'NONE', #2091, .T. ) ;
#5061 = UNCERTAINTY_MEASURE_WITH_UNIT (LENGTH_MEASURE( 1.000000000000000082E-05 ), #1457, 'distance_accuracy_value', 'NONE');
#5062 = PLANE ( 'NONE',  #522 ) ;
#5063 =( GEOMETRIC_REPRESENTATION_CONTEXT ( 3 ) GLOBAL_UNCERTAINTY_ASSIGNED_CONTEXT ( ( #5269 ) ) GLOBAL_UNIT_ASSIGNED_CONTEXT ( ( #3324, #2137, #1593 ) ) REPRESENTATION_CONTEXT ( 'NONE', 'WORKASPACE' ) );
#5064 = PRESENTATION_STYLE_ASSIGNMENT (( #2965 ) ) ;
#5065 = CARTESIAN_POINT ( 'NONE',  ( -2.050000000000000266, 5.200000000000000178, -0.2000000000000000111 ) ) ;
#5066 = CARTESIAN_POINT ( 'NONE',  ( 1.090000000000000080, 1.699999999999999956, 1.324999999999999956 ) ) ;
#5067 = DIRECTION ( 'NONE',  ( 1.020425574104000055E-15, -2.551063935260009998E-16, 1.000000000000000000 ) ) ;
#5068 = VERTEX_POINT ( 'NONE', #6611 ) ;
#5069 = VECTOR ( 'NONE', #94, 1000.000000000000114 ) ;
#5070 = PRESENTATION_LAYER_ASSIGNMENT (  '', '', ( #825 ) ) ;
#5071 = VERTEX_POINT ( 'NONE', #4976 ) ;
#5072 = LINE ( 'NONE', #1818, #3811 ) ;
#5073 =( LENGTH_UNIT ( ) NAMED_UNIT ( * ) SI_UNIT ( .MILLI., .METRE. ) );
#5074 = SURFACE_SIDE_STYLE ('',( #5738 ) ) ;
#5075 = VECTOR ( 'NONE', #792, 1000.000000000000000 ) ;
#5076 = CARTESIAN_POINT ( 'NONE',  ( 1.090000000000000080, 5.899999999999999467, 0.2999999999999999889 ) ) ;
#5077 = EDGE_CURVE ( 'NONE', #4725, #1748, #64, .T. ) ;
#5078 = PRESENTATION_STYLE_ASSIGNMENT (( #693 ) ) ;
#5079 = EDGE_CURVE ( 'NONE', #1287, #5490, #1286, .T. ) ;
#5080 = FILL_AREA_STYLE ('',( #799 ) ) ;
#5081 = EDGE_CURVE ( 'NONE', #1170, #4057, #3672, .T. ) ;
#5082 = ORIENTED_EDGE ( 'NONE', *, *, #5764, .F. ) ;
#5083 = ORIENTED_EDGE ( 'NONE', *, *, #6612, .T. ) ;
#5084 = SURFACE_STYLE_FILL_AREA ( #1829 ) ;
#5085 = AXIS2_PLACEMENT_3D ( 'NONE', #5719, #2455, #4625 ) ;
#5086 = VECTOR ( 'NONE', #2620, 1000.000000000000000 ) ;
#5087 = CARTESIAN_POINT ( 'NONE',  ( -1.409999999999999920, 1.699999999999999956, 0.9250000000000000444 ) ) ;
#5088 = ORIENTED_EDGE ( 'NONE', *, *, #1290, .F. ) ;
#5089 = VECTOR ( 'NONE', #894, 1000.000000000000000 ) ;
#5090 = ORIENTED_EDGE ( 'NONE', *, *, #4325, .F. ) ;
#5091 = ORIENTED_EDGE ( 'NONE', *, *, #1804, .F. ) ;
#5092 = FILL_AREA_STYLE ('',( #597 ) ) ;
#5093 = DIRECTION ( 'NONE',  ( 0.000000000000000000, 1.000000000000000000, 0.000000000000000000 ) ) ;
#5094 = ORIENTED_EDGE ( 'NONE', *, *, #2372, .T. ) ;
#5095 = COLOUR_RGB ( '',1.000000000000000000, 1.000000000000000000, 0.7529411764705882248 ) ;
#5096 = ADVANCED_FACE ( 'NONE', ( #5221 ), #6379, .F. ) ;
#5097 = EDGE_CURVE ( 'NONE', #2803, #1073, #7030, .T. ) ;
#5098 = CARTESIAN_POINT ( 'NONE',  ( -2.750000000000000000, 4.200000000000000178, 2.500000000000000000 ) ) ;
#5099 = FACE_OUTER_BOUND ( 'NONE', #6531, .T. ) ;
#5100 = PRESENTATION_STYLE_ASSIGNMENT (( #4987 ) ) ;
#5101 = PLANE ( 'NONE',  #1368 ) ;
#5102 = DIRECTION ( 'NONE',  ( 1.000000000000000000, 0.000000000000000000, 0.000000000000000000 ) ) ;
#5103 = EDGE_CURVE ( 'NONE', #4850, #1960, #5814, .T. ) ;
#5104 = ORIENTED_EDGE ( 'NONE', *, *, #5857, .F. ) ;
#5105 = FACE_OUTER_BOUND ( 'NONE', #5901, .T. ) ;
#5106 = CARTESIAN_POINT ( 'NONE',  ( 1.090000000000000080, 5.899999999999999467, 1.175000000000000044 ) ) ;
#5107 = DIRECTION ( 'NONE',  ( 0.000000000000000000, 0.000000000000000000, 1.000000000000000000 ) ) ;
#5108 = CARTESIAN_POINT ( 'NONE',  ( 0.1499999999999999944, 2.449999999999999734, -3.559999999999999609 ) ) ;
#5109 =( GEOMETRIC_REPRESENTATION_CONTEXT ( 3 ) GLOBAL_UNCERTAINTY_ASSIGNED_CONTEXT ( ( #810 ) ) GLOBAL_UNIT_ASSIGNED_CONTEXT ( ( #2532, #1484, #4703 ) ) REPRESENTATION_CONTEXT ( 'NONE', 'WORKASPACE' ) );
#5110 = DIRECTION ( 'NONE',  ( 1.000000000000000000, 0.000000000000000000, 0.000000000000000000 ) ) ;
#5111 = ORIENTED_EDGE ( 'NONE', *, *, #2086, .T. ) ;
#5112 = ADVANCED_FACE ( 'NONE', ( #2624 ), #304, .T. ) ;
#5113 = CARTESIAN_POINT ( 'NONE',  ( -1.409999999999999920, 6.200000000000000178, 7.216449660063520471E-16 ) ) ;
#5114 = DIRECTION ( 'NONE',  ( 0.7071067811865489050, 0.000000000000000000, -0.7071067811865460184 ) ) ;
#5115 = CARTESIAN_POINT ( 'NONE',  ( -1.090000000000000080, 5.599999999999999645, -0.2000000000000000111 ) ) ;
#5116 = LINE ( 'NONE', #4643, #3012 ) ;
#5117 =( NAMED_UNIT ( * ) SI_UNIT ( $, .STERADIAN. ) SOLID_ANGLE_UNIT ( ) );
#5118 = DIRECTION ( 'NONE',  ( 1.000000000000000000, 0.000000000000000000, -5.421010862427520198E-16 ) ) ;
#5119 = CARTESIAN_POINT ( 'NONE',  ( 2.050000000000000266, 1.000000000000000000, -0.2000000000000060063 ) ) ;
#5120 = ORIENTED_EDGE ( 'NONE', *, *, #3199, .F. ) ;
#5121 = ORIENTED_EDGE ( 'NONE', *, *, #6788, .F. ) ;
#5122 = DIRECTION ( 'NONE',  ( -0.000000000000000000, 1.000000000000000000, 0.000000000000000000 ) ) ;
#5123 = MECHANICAL_DESIGN_GEOMETRIC_PRESENTATION_REPRESENTATION (  '', ( #5927 ), #4197 ) ;
#5124 = VECTOR ( 'NONE', #6846, 1000.000000000000000 ) ;
#5125 = EDGE_CURVE ( 'NONE', #3209, #6426, #5258, .T. ) ;
#5126 = DIRECTION ( 'NONE',  ( -7.131597286899421561E-17, 0.7071067811865470176, 0.7071067811865480168 ) ) ;
#5127 = AXIS2_PLACEMENT_3D ( 'NONE', #745, #5057, #6108 ) ;
#5128 = STYLED_ITEM ( 'NONE', ( #1847 ), #7009 ) ;
#5129 = ORIENTED_EDGE ( 'NONE', *, *, #341, .F. ) ;
#5130 = ORIENTED_EDGE ( 'NONE', *, *, #2693, .F. ) ;
#5131 = LINE ( 'NONE', #1799, #4327 ) ;
#5132 = FILL_AREA_STYLE_COLOUR ( '', #6294 ) ;
#5133 = EDGE_CURVE ( 'NONE', #5984, #7017, #2082, .T. ) ;
#5134 = VECTOR ( 'NONE', #4407, 1000.000000000000000 ) ;
#5135 = UNCERTAINTY_MEASURE_WITH_UNIT (LENGTH_MEASURE( 1.000000000000000082E-05 ), #1590, 'distance_accuracy_value', 'NONE');
#5136 = DIRECTION ( 'NONE',  ( -1.000000000000000000, 0.000000000000000000, 0.000000000000000000 ) ) ;
#5137 =( GEOMETRIC_REPRESENTATION_CONTEXT ( 3 ) GLOBAL_UNCERTAINTY_ASSIGNED_CONTEXT ( ( #6808 ) ) GLOBAL_UNIT_ASSIGNED_CONTEXT ( ( #376, #5500, #3111 ) ) REPRESENTATION_CONTEXT ( 'NONE', 'WORKASPACE' ) );
#5138 = SURFACE_STYLE_FILL_AREA ( #2927 ) ;
#5139 = MECHANICAL_DESIGN_GEOMETRIC_PRESENTATION_REPRESENTATION (  '', ( #1127 ), #98 ) ;
#5140 = FILL_AREA_STYLE ('',( #2958 ) ) ;
#5141 = VECTOR ( 'NONE', #2009, 1000.000000000000000 ) ;
#5142 = FACE_OUTER_BOUND ( 'NONE', #2609, .T. ) ;
#5143 = ADVANCED_FACE ( 'NONE', ( #2590 ), #2209, .F. ) ;
#5144 = ORIENTED_EDGE ( 'NONE', *, *, #4525, .F. ) ;
#5145 = PRESENTATION_STYLE_ASSIGNMENT (( #4558 ) ) ;
#5146 = UNCERTAINTY_MEASURE_WITH_UNIT (LENGTH_MEASURE( 1.000000000000000082E-05 ), #7114, 'distance_accuracy_value', 'NONE');
#5147 = CARTESIAN_POINT ( 'NONE',  ( -0.5500000000000000444, 2.449999999999999734, -4.336808689942019708E-16 ) ) ;
#5148 = STYLED_ITEM ( 'NONE', ( #528 ), #6374 ) ;
#5149 =( GEOMETRIC_REPRESENTATION_CONTEXT ( 3 ) GLOBAL_UNCERTAINTY_ASSIGNED_CONTEXT ( ( #823 ) ) GLOBAL_UNIT_ASSIGNED_CONTEXT ( ( #5274, #6957, #6394 ) ) REPRESENTATION_CONTEXT ( 'NONE', 'WORKASPACE' ) );
#5150 = AXIS2_PLACEMENT_3D ( 'NONE', #5964, #2162, #1036 ) ;
#5151 = SURFACE_STYLE_USAGE ( .BOTH. , #3410 ) ;
#5152 = ORIENTED_EDGE ( 'NONE', *, *, #5097, .T. ) ;
#5153 = PRESENTATION_LAYER_ASSIGNMENT (  '', '', ( #2868 ) ) ;
#5154 = CARTESIAN_POINT ( 'NONE',  ( -4.450000000000000178, 2.000000000000000000, 0.05000000000000090483 ) ) ;
#5155 = VECTOR ( 'NONE', #3083, 1000.000000000000000 ) ;
#5156 = FILL_AREA_STYLE_COLOUR ( '', #4941 ) ;
#5157 = DIRECTION ( 'NONE',  ( -1.000000000000000000, 0.000000000000000000, 6.776263578034390387E-17 ) ) ;
#5158 = DIRECTION ( 'NONE',  ( -1.000000000000000000, 0.000000000000000000, 0.000000000000000000 ) ) ;
#5159 = DIRECTION ( 'NONE',  ( 0.7071067811865474617, 7.359808400080184030E-15, -0.7071067811865474617 ) ) ;
#5160 = LINE ( 'NONE', #6858, #7039 ) ;
#5161 = CARTESIAN_POINT ( 'NONE',  ( 2.449999999999999734, 1.000000000000000000, 2.024999999999999911 ) ) ;
#5162 = VERTEX_POINT ( 'NONE', #1056 ) ;
#5163 = SURFACE_STYLE_FILL_AREA ( #2443 ) ;
#5164 = PLANE ( 'NONE',  #6534 ) ;
#5165 = ORIENTED_EDGE ( 'NONE', *, *, #2571, .T. ) ;
#5166 = VERTEX_POINT ( 'NONE', #576 ) ;
#5167 = FILL_AREA_STYLE ('',( #3546 ) ) ;
#5168 = EDGE_CURVE ( 'NONE', #3858, #3918, #4960, .T. ) ;
#5169 = PLANE ( 'NONE',  #3825 ) ;
#5170 = DIRECTION ( 'NONE',  ( 0.000000000000000000, 0.000000000000000000, 1.000000000000000000 ) ) ;
#5171 =( NAMED_UNIT ( * ) SI_UNIT ( $, .STERADIAN. ) SOLID_ANGLE_UNIT ( ) );
#5172 = VECTOR ( 'NONE', #4234, 1000.000000000000000 ) ;
#5173 = CARTESIAN_POINT ( 'NONE',  ( -2.250000000000000000, 3.950000000000000178, 2.075000000000000178 ) ) ;
#5174 = ORIENTED_EDGE ( 'NONE', *, *, #6137, .T. ) ;
#5175 = CARTESIAN_POINT ( 'NONE',  ( 2.149999999999999911, 3.950000000000000178, 0.4000000000000000222 ) ) ;
#5176 = VECTOR ( 'NONE', #1472, 1000.000000000000000 ) ;
#5177 = VECTOR ( 'NONE', #2358, 1000.000000000000114 ) ;
#5178 =( GEOMETRIC_REPRESENTATION_CONTEXT ( 3 ) GLOBAL_UNCERTAINTY_ASSIGNED_CONTEXT ( ( #4050 ) ) GLOBAL_UNIT_ASSIGNED_CONTEXT ( ( #4532, #5736, #2502 ) ) REPRESENTATION_CONTEXT ( 'NONE', 'WORKASPACE' ) );
#5179 = LINE ( 'NONE', #1397, #6751 ) ;
#5180 = CARTESIAN_POINT ( 'NONE',  ( -0.1600000000000000033, 5.599999999999999645, -0.2000000000000000111 ) ) ;
#5181 = ADVANCED_FACE ( 'NONE', ( #86 ), #506, .F. ) ;
#5182 = FILL_AREA_STYLE_COLOUR ( '', #5556 ) ;
#5183 =( GEOMETRIC_REPRESENTATION_CONTEXT ( 3 ) GLOBAL_UNCERTAINTY_ASSIGNED_CONTEXT ( ( #244 ) ) GLOBAL_UNIT_ASSIGNED_CONTEXT ( ( #6679, #6560, #5517 ) ) REPRESENTATION_CONTEXT ( 'NONE', 'WORKASPACE' ) );
#5184 = COLOUR_RGB ( '',1.000000000000000000, 1.000000000000000000, 0.7529411764705882248 ) ;
#5185 = LINE ( 'NONE', #6097, #1587 ) ;
#5186 = EDGE_LOOP ( 'NONE', ( #6077, #5632, #3259, #1941 ) ) ;
#5187 = ORIENTED_EDGE ( 'NONE', *, *, #225, .T. ) ;
#5188 = FILL_AREA_STYLE ('',( #1403 ) ) ;
#5189 = DIRECTION ( 'NONE',  ( -1.000000000000000000, 0.000000000000000000, 2.710505431213759606E-16 ) ) ;
#5190 = MECHANICAL_DESIGN_GEOMETRIC_PRESENTATION_REPRESENTATION (  '', ( #5893 ), #4507 ) ;
#5191 = AXIS2_PLACEMENT_3D ( 'NONE', #912, #3603, #5813 ) ;
#5192 = VERTEX_POINT ( 'NONE', #7066 ) ;
#5193 = ORIENTED_EDGE ( 'NONE', *, *, #1724, .T. ) ;
#5194 = CARTESIAN_POINT ( 'NONE',  ( -2.250000000000000000, 1.133333333333329973, 1.975000000000000089 ) ) ;
#5195 = STYLED_ITEM ( 'NONE', ( #1991 ), #4119 ) ;
#5196 = UNCERTAINTY_MEASURE_WITH_UNIT (LENGTH_MEASURE( 1.000000000000000082E-05 ), #2118, 'distance_accuracy_value', 'NONE');
#5197 = VECTOR ( 'NONE', #2027, 1000.000000000000000 ) ;
#5198 = PRESENTATION_STYLE_ASSIGNMENT (( #4732 ) ) ;
#5199 = FACE_OUTER_BOUND ( 'NONE', #1373, .T. ) ;
#5200 = DIRECTION ( 'NONE',  ( 0.000000000000000000, 3.614007241618340488E-15, -1.000000000000000000 ) ) ;
#5201 = PLANE ( 'NONE',  #2170 ) ;
#5202 = LINE ( 'NONE', #5239, #4930 ) ;
#5203 = ORIENTED_EDGE ( 'NONE', *, *, #1190, .T. ) ;
#5204 = COLOUR_RGB ( '',1.000000000000000000, 1.000000000000000000, 0.7529411764705882248 ) ;
#5205 = UNCERTAINTY_MEASURE_WITH_UNIT (LENGTH_MEASURE( 1.000000000000000082E-05 ), #2766, 'distance_accuracy_value', 'NONE');
#5206 = ADVANCED_FACE ( 'NONE', ( #6554 ), #5508, .F. ) ;
#5207 = FACE_OUTER_BOUND ( 'NONE', #723, .T. ) ;
#5208 = ADVANCED_FACE ( 'NONE', ( #126 ), #3441, .T. ) ;
#5209 = FACE_OUTER_BOUND ( 'NONE', #1845, .T. ) ;
#5210 = LINE ( 'NONE', #4171, #5711 ) ;
#5211 = LINE ( 'NONE', #5869, #4429 ) ;
#5212 = ORIENTED_EDGE ( 'NONE', *, *, #4369, .T. ) ;
#5213 =( NAMED_UNIT ( * ) PLANE_ANGLE_UNIT ( ) SI_UNIT ( $, .RADIAN. ) );
#5214 = ORIENTED_EDGE ( 'NONE', *, *, #2741, .F. ) ;
#5215 = CARTESIAN_POINT ( 'NONE',  ( 1.090000000000000080, 5.100000000000000533, 0.5999999999999999778 ) ) ;
#5216 = ADVANCED_FACE ( 'NONE', ( #3997 ), #1235, .F. ) ;
#5217 = CARTESIAN_POINT ( 'NONE',  ( 0.1600000000000000033, 1.699999999999999956, 1.324999999999999956 ) ) ;
#5218 = PLANE ( 'NONE',  #3648 ) ;
#5219 = MECHANICAL_DESIGN_GEOMETRIC_PRESENTATION_REPRESENTATION (  '', ( #5810 ), #4642 ) ;
#5220 = LINE ( 'NONE', #911, #276 ) ;
#5221 = FACE_OUTER_BOUND ( 'NONE', #1295, .T. ) ;
#5222 = ORIENTED_EDGE ( 'NONE', *, *, #2647, .T. ) ;
#5223 = ORIENTED_EDGE ( 'NONE', *, *, #6030, .F. ) ;
#5224 = DIRECTION ( 'NONE',  ( 0.000000000000000000, 1.000000000000000000, 0.000000000000000000 ) ) ;
#5225 = SURFACE_STYLE_FILL_AREA ( #1734 ) ;
#5226 =( GEOMETRIC_REPRESENTATION_CONTEXT ( 3 ) GLOBAL_UNCERTAINTY_ASSIGNED_CONTEXT ( ( #2061 ) ) GLOBAL_UNIT_ASSIGNED_CONTEXT ( ( #289, #684, #2962 ) ) REPRESENTATION_CONTEXT ( 'NONE', 'WORKASPACE' ) );
#5227 = EDGE_CURVE ( 'NONE', #5305, #4966, #3412, .T. ) ;
#5228 = VERTEX_POINT ( 'NONE', #163 ) ;
#5229 = VERTEX_POINT ( 'NONE', #2370 ) ;
#5230 = CARTESIAN_POINT ( 'NONE',  ( -2.550000000000000266, 5.200000000000000178, -0.2000000000000000111 ) ) ;
#5231 =( GEOMETRIC_REPRESENTATION_CONTEXT ( 3 ) GLOBAL_UNCERTAINTY_ASSIGNED_CONTEXT ( ( #3254 ) ) GLOBAL_UNIT_ASSIGNED_CONTEXT ( ( #3812, #6584, #4521 ) ) REPRESENTATION_CONTEXT ( 'NONE', 'WORKASPACE' ) );
#5232 =( GEOMETRIC_REPRESENTATION_CONTEXT ( 3 ) GLOBAL_UNCERTAINTY_ASSIGNED_CONTEXT ( ( #4981 ) ) GLOBAL_UNIT_ASSIGNED_CONTEXT ( ( #5390, #6402, #3229 ) ) REPRESENTATION_CONTEXT ( 'NONE', 'WORKASPACE' ) );
#5233 = FILL_AREA_STYLE ('',( #6220 ) ) ;
#5234 = EDGE_CURVE ( 'NONE', #2824, #295, #6753, .T. ) ;
#5235 = PLANE ( 'NONE',  #7088 ) ;
#5236 = DIRECTION ( 'NONE',  ( 0.000000000000000000, -1.000000000000000000, -1.807003620809169702E-16 ) ) ;
#5237 =( NAMED_UNIT ( * ) SI_UNIT ( $, .STERADIAN. ) SOLID_ANGLE_UNIT ( ) );
#5238 = ORIENTED_EDGE ( 'NONE', *, *, #4239, .T. ) ;
#5239 = CARTESIAN_POINT ( 'NONE',  ( 2.149999999999999911, 1.199999999999999956, 0.4000000000000000222 ) ) ;
#5240 = ORIENTED_EDGE ( 'NONE', *, *, #2914, .F. ) ;
#5241 = SURFACE_STYLE_FILL_AREA ( #2032 ) ;
#5242 = CARTESIAN_POINT ( 'NONE',  ( -1.090000000000000080, 5.100000000000000533, 1.525000000000000133 ) ) ;
#5243 = MECHANICAL_DESIGN_GEOMETRIC_PRESENTATION_REPRESENTATION (  '', ( #5709 ), #3735 ) ;
#5244 = MECHANICAL_DESIGN_GEOMETRIC_PRESENTATION_REPRESENTATION (  '', ( #317 ), #3288 ) ;
#5245 = DIRECTION ( 'NONE',  ( 0.000000000000000000, 0.000000000000000000, 1.000000000000000000 ) ) ;
#5246 = CARTESIAN_POINT ( 'NONE',  ( -2.275849698379619923, 3.950000000000000178, 1.221601206481500057 ) ) ;
#5247 = FILL_AREA_STYLE_COLOUR ( '', #6270 ) ;
#5248 = EDGE_LOOP ( 'NONE', ( #599, #2795, #2756, #2921, #5712, #2453, #4472, #2737, #2308, #1106 ) ) ;
#5249 = SURFACE_STYLE_USAGE ( .BOTH. , #5284 ) ;
#5250 =( NAMED_UNIT ( * ) PLANE_ANGLE_UNIT ( ) SI_UNIT ( $, .RADIAN. ) );
#5251 = VECTOR ( 'NONE', #1300, 1000.000000000000000 ) ;
#5252 = VECTOR ( 'NONE', #6758, 1000.000000000000000 ) ;
#5253 = PLANE ( 'NONE',  #6624 ) ;
#5254 =( BOUNDED_CURVE ( )  B_SPLINE_CURVE ( 3, ( #874, #5290, #303, #2081 ),
 .UNSPECIFIED., .F., .T. ) 
 B_SPLINE_CURVE_WITH_KNOTS ( ( 4, 4 ),
 ( 4.712388980384689674, 4.973854960671280523 ),
 .UNSPECIFIED. ) 
 CURVE ( )  GEOMETRIC_REPRESENTATION_ITEM ( )  RATIONAL_B_SPLINE_CURVE ( ( 1.000000000000000000, 0.9943110712026991260, 0.9943110712026991260, 1.000000000000000000 ) ) 
 REPRESENTATION_ITEM ( '' )  );
#5255 = SURFACE_STYLE_USAGE ( .BOTH. , #2541 ) ;
#5256 = LINE ( 'NONE', #5368, #1182 ) ;
#5257 = MECHANICAL_DESIGN_GEOMETRIC_PRESENTATION_REPRESENTATION (  '', ( #2072 ), #6069 ) ;
#5258 = LINE ( 'NONE', #343, #3398 ) ;
#5259 = ORIENTED_EDGE ( 'NONE', *, *, #6186, .T. ) ;
#5260 = FILL_AREA_STYLE ('',( #2692 ) ) ;
#5261 = PRESENTATION_STYLE_ASSIGNMENT (( #4149 ) ) ;
#5262 = CARTESIAN_POINT ( 'NONE',  ( -2.149999999999999911, 1.199999999999999956, 0.4000000000000000222 ) ) ;
#5263 = CIRCLE ( 'NONE', #3753, 0.09999999999999982514 ) ;
#5264 = DIRECTION ( 'NONE',  ( 0.000000000000000000, 0.000000000000000000, -1.000000000000000000 ) ) ;
#5265 = LINE ( 'NONE', #3151, #3340 ) ;
#5266 = ORIENTED_EDGE ( 'NONE', *, *, #1945, .F. ) ;
#5267 = ORIENTED_EDGE ( 'NONE', *, *, #958, .T. ) ;
#5268 = DIRECTION ( 'NONE',  ( -1.000000000000000000, 0.000000000000000000, 5.421010862427519089E-17 ) ) ;
#5269 = UNCERTAINTY_MEASURE_WITH_UNIT (LENGTH_MEASURE( 1.000000000000000082E-05 ), #3324, 'distance_accuracy_value', 'NONE');
#5270 = SURFACE_STYLE_USAGE ( .BOTH. , #891 ) ;
#5271 = LINE ( 'NONE', #2604, #5301 ) ;
#5272 = EDGE_CURVE ( 'NONE', #1163, #4725, #1487, .T. ) ;
#5273 = DIRECTION ( 'NONE',  ( 0.000000000000000000, -1.000000000000000000, 0.000000000000000000 ) ) ;
#5274 =( LENGTH_UNIT ( ) NAMED_UNIT ( * ) SI_UNIT ( .MILLI., .METRE. ) );
#5275 = EDGE_LOOP ( 'NONE', ( #3558, #236, #2632, #457 ) ) ;
#5276 = FILL_AREA_STYLE ('',( #427 ) ) ;
#5277 = DIRECTION ( 'NONE',  ( 1.000000000000000000, 0.000000000000000000, 1.008560160451629879E-16 ) ) ;
#5278 = UNCERTAINTY_MEASURE_WITH_UNIT (LENGTH_MEASURE( 1.000000000000000082E-05 ), #3301, 'distance_accuracy_value', 'NONE');
#5279 = CARTESIAN_POINT ( 'NONE',  ( -1.090000000000000080, 1.699999999999999956, 0.9250000000000000444 ) ) ;
#5280 = CARTESIAN_POINT ( 'NONE',  ( -2.750000000000000000, 1.000000000000000000, -6.661338147750939243E-16 ) ) ;
#5281 = SURFACE_STYLE_FILL_AREA ( #6327 ) ;
#5282 = FILL_AREA_STYLE_COLOUR ( '', #6014 ) ;
#5283 = ORIENTED_EDGE ( 'NONE', *, *, #6812, .F. ) ;
#5284 = SURFACE_SIDE_STYLE ('',( #5330 ) ) ;
#5285 = ORIENTED_EDGE ( 'NONE', *, *, #6465, .F. ) ;
#5286 = CARTESIAN_POINT ( 'NONE',  ( 0.1600000000000000033, 5.899999999999999467, 1.175000000000000044 ) ) ;
#5287 = VECTOR ( 'NONE', #5318, 1000.000000000000000 ) ;
#5288 =( LENGTH_UNIT ( ) NAMED_UNIT ( * ) SI_UNIT ( .MILLI., .METRE. ) );
#5289 = FILL_AREA_STYLE ('',( #1463 ) ) ;
#5290 = CARTESIAN_POINT ( 'NONE',  ( -2.258740451326895382, 1.127506365782066089, 1.975000000000000089 ) ) ;
#5291 = PLANE ( 'NONE',  #4384 ) ;
#5292 = DIRECTION ( 'NONE',  ( 0.000000000000000000, 0.000000000000000000, 1.000000000000000000 ) ) ;
#5293 = VERTEX_POINT ( 'NONE', #979 ) ;
#5294 = FACE_OUTER_BOUND ( 'NONE', #3430, .T. ) ;
#5295 = MECHANICAL_DESIGN_GEOMETRIC_PRESENTATION_REPRESENTATION (  '', ( #3915 ), #819 ) ;
#5296 = CARTESIAN_POINT ( 'NONE',  ( -1.090000000000000080, 2.700000000000000178, 1.525000000000000133 ) ) ;
#5297 = EDGE_CURVE ( 'NONE', #3593, #4647, #4744, .T. ) ;
#5298 = DIRECTION ( 'NONE',  ( 5.042800802258159255E-17, 0.000000000000000000, -1.000000000000000000 ) ) ;
#5299 = AXIS2_PLACEMENT_3D ( 'NONE', #594, #5489, #1691 ) ;
#5300 = ADVANCED_FACE ( 'NONE', ( #4671 ), #6964, .F. ) ;
#5301 = VECTOR ( 'NONE', #6391, 1000.000000000000000 ) ;
#5302 = EDGE_CURVE ( 'NONE', #1394, #5228, #5765, .T. ) ;
#5303 = LINE ( 'NONE', #4723, #6101 ) ;
#5304 = ORIENTED_EDGE ( 'NONE', *, *, #3365, .F. ) ;
#5305 = VERTEX_POINT ( 'NONE', #3702 ) ;
#5306 = LINE ( 'NONE', #2600, #1253 ) ;
#5307 = VECTOR ( 'NONE', #1683, 1000.000000000000000 ) ;
#5308 = VERTEX_POINT ( 'NONE', #3666 ) ;
#5309 = CARTESIAN_POINT ( 'NONE',  ( 0.1500000000000029921, 1.000000000000000000, -3.559999999999999609 ) ) ;
#5310 = PRESENTATION_LAYER_ASSIGNMENT (  '', '', ( #2109 ) ) ;
#5311 = VECTOR ( 'NONE', #4137, 1000.000000000000000 ) ;
#5312 =( NAMED_UNIT ( * ) PLANE_ANGLE_UNIT ( ) SI_UNIT ( $, .RADIAN. ) );
#5313 = PRESENTATION_STYLE_ASSIGNMENT (( #3046 ) ) ;
#5314 = EDGE_CURVE ( 'NONE', #2409, #3249, #5360, .T. ) ;
#5315 = CARTESIAN_POINT ( 'NONE',  ( 2.149999999999999911, 3.950000000000000178, 1.125000000000000000 ) ) ;
#5316 = LINE ( 'NONE', #2607, #6525 ) ;
#5317 = EDGE_LOOP ( 'NONE', ( #6155, #6300, #1451, #1505 ) ) ;
#5318 = DIRECTION ( 'NONE',  ( 0.000000000000000000, 1.000000000000000000, 0.000000000000000000 ) ) ;
#5319 = EDGE_LOOP ( 'NONE', ( #6893, #6861, #5520, #2345 ) ) ;
#5320 = SURFACE_SIDE_STYLE ('',( #5241 ) ) ;
#5321 = EDGE_CURVE ( 'NONE', #3892, #6469, #5211, .T. ) ;
#5322 = LINE ( 'NONE', #3663, #309 ) ;
#5323 = STYLED_ITEM ( 'NONE', ( #2587 ), #4348 ) ;
#5324 = STYLED_ITEM ( 'NONE', ( #3265 ), #454 ) ;
#5325 =( NAMED_UNIT ( * ) SI_UNIT ( $, .STERADIAN. ) SOLID_ANGLE_UNIT ( ) );
#5326 = CARTESIAN_POINT ( 'NONE',  ( -2.750000000000000000, 1.399999999999999911, 0.1000000000000000056 ) ) ;
#5327 = CARTESIAN_POINT ( 'NONE',  ( 1.409999999999999920, 1.699999999999999956, 0.9250000000000000444 ) ) ;
#5328 = LINE ( 'NONE', #400, #5007 ) ;
#5329 = STYLED_ITEM ( 'NONE', ( #5438 ), #4439 ) ;
#5330 = SURFACE_STYLE_FILL_AREA ( #5362 ) ;
#5331 = CARTESIAN_POINT ( 'NONE',  ( 2.275849698379619923, 3.950000000000000178, 1.221601206481510049 ) ) ;
#5332 = SURFACE_STYLE_USAGE ( .BOTH. , #3640 ) ;
#5333 =( GEOMETRIC_REPRESENTATION_CONTEXT ( 3 ) GLOBAL_UNCERTAINTY_ASSIGNED_CONTEXT ( ( #2762 ) ) GLOBAL_UNIT_ASSIGNED_CONTEXT ( ( #5731, #260, #5836 ) ) REPRESENTATION_CONTEXT ( 'NONE', 'WORKASPACE' ) );
#5334 = EDGE_CURVE ( 'NONE', #3907, #5450, #5328, .T. ) ;
#5335 = DIRECTION ( 'NONE',  ( 0.000000000000000000, 1.000000000000000000, 0.000000000000000000 ) ) ;
#5336 = ORIENTED_EDGE ( 'NONE', *, *, #1367, .F. ) ;
#5337 = LINE ( 'NONE', #990, #4822 ) ;
#5338 = COLOUR_RGB ( '',1.000000000000000000, 1.000000000000000000, 0.7529411764705882248 ) ;
#5339 = CARTESIAN_POINT ( 'NONE',  ( 2.149999999999999911, 3.950000000000000178, 0.4000000000000000222 ) ) ;
#5340 = VERTEX_POINT ( 'NONE', #1393 ) ;
#5341 = CIRCLE ( 'NONE', #3722, 0.09999999999999982514 ) ;
#5342 = ORIENTED_EDGE ( 'NONE', *, *, #639, .T. ) ;
#5343 = SURFACE_STYLE_USAGE ( .BOTH. , #2192 ) ;
#5344 = UNCERTAINTY_MEASURE_WITH_UNIT (LENGTH_MEASURE( 1.000000000000000082E-05 ), #119, 'distance_accuracy_value', 'NONE');
#5345 = EDGE_LOOP ( 'NONE', ( #5852, #2120, #5120, #281 ) ) ;
#5346 = FILL_AREA_STYLE_COLOUR ( '', #1641 ) ;
#5347 = PRESENTATION_LAYER_ASSIGNMENT (  '', '', ( #2274 ) ) ;
#5348 =( LENGTH_UNIT ( ) NAMED_UNIT ( * ) SI_UNIT ( .MILLI., .METRE. ) );
#5349 = ADVANCED_FACE ( 'NONE', ( #3592 ), #864, .F. ) ;
#5350 = ORIENTED_EDGE ( 'NONE', *, *, #4353, .F. ) ;
#5351 = CARTESIAN_POINT ( 'NONE',  ( -4.250000000000000000, 4.200000000000000178, 0.5999999999999999778 ) ) ;
#5352 = CARTESIAN_POINT ( 'NONE',  ( -0.1499999999999999944, 2.449999999999999734, -4.336808689942019708E-16 ) ) ;
#5353 = PRESENTATION_LAYER_ASSIGNMENT (  '', '', ( #3052 ) ) ;
#5354 = PRESENTATION_LAYER_ASSIGNMENT (  '', '', ( #3626 ) ) ;
#5355 = DIRECTION ( 'NONE',  ( 0.000000000000000000, 0.000000000000000000, -1.000000000000000000 ) ) ;
#5356 = CARTESIAN_POINT ( 'NONE',  ( 3.419999999999999929, 2.000000000000000000, 0.2500000000000000000 ) ) ;
#5357 = VECTOR ( 'NONE', #5825, 1000.000000000000000 ) ;
#5358 = DIRECTION ( 'NONE',  ( 1.000000000000000000, -1.734723475976810053E-15, 0.000000000000000000 ) ) ;
#5359 = EDGE_CURVE ( 'NONE', #6131, #5766, #658, .T. ) ;
#5360 = LINE ( 'NONE', #6892, #2272 ) ;
#5361 = MECHANICAL_DESIGN_GEOMETRIC_PRESENTATION_REPRESENTATION (  '', ( #1359 ), #885 ) ;
#5362 = FILL_AREA_STYLE ('',( #3635 ) ) ;
#5363 = CARTESIAN_POINT ( 'NONE',  ( 1.409999999999999920, 3.950000000000000178, 1.125000000000000000 ) ) ;
#5364 = COLOUR_RGB ( '',0.7529411764705882248, 0.7529411764705882248, 0.7529411764705882248 ) ;
#5365 = DIRECTION ( 'NONE',  ( -1.020425574104000055E-15, 0.000000000000000000, -1.000000000000000000 ) ) ;
#5366 = SURFACE_STYLE_FILL_AREA ( #5289 ) ;
#5367 = CARTESIAN_POINT ( 'NONE',  ( -3.834999999999999964, 1.584999999999999964, -0.2000000000000000111 ) ) ;
#5368 = CARTESIAN_POINT ( 'NONE',  ( 2.750000000000000000, 1.000000000000000000, 0.2000000000000000111 ) ) ;
#5369 = SURFACE_STYLE_FILL_AREA ( #4285 ) ;
#5370 = ORIENTED_EDGE ( 'NONE', *, *, #1140, .T. ) ;
#5371 = ADVANCED_FACE ( 'NONE', ( #2680 ), #2773, .F. ) ;
#5372 = AXIS2_PLACEMENT_3D ( 'NONE', #6076, #4417, #610 ) ;
#5373 = STYLED_ITEM ( 'NONE', ( #1674 ), #1932 ) ;
#5374 = FILL_AREA_STYLE_COLOUR ( '', #1216 ) ;
#5375 = VECTOR ( 'NONE', #6734, 1000.000000000000000 ) ;
#5376 = AXIS2_PLACEMENT_3D ( 'NONE', #5022, #3319, #6658 ) ;
#5377 = STYLED_ITEM ( 'NONE', ( #6149 ), #2113 ) ;
#5378 =( LENGTH_UNIT ( ) NAMED_UNIT ( * ) SI_UNIT ( .MILLI., .METRE. ) );
#5379 = ORIENTED_EDGE ( 'NONE', *, *, #6579, .T. ) ;
#5380 = VERTEX_POINT ( 'NONE', #7060 ) ;
#5381 = STYLED_ITEM ( 'NONE', ( #1027 ), #6659 ) ;
#5382 = EDGE_LOOP ( 'NONE', ( #1907, #4871, #1032, #6980, #4973, #3307 ) ) ;
#5383 = DIRECTION ( 'NONE',  ( 0.000000000000000000, 0.000000000000000000, 1.000000000000000000 ) ) ;
#5384 = FILL_AREA_STYLE ('',( #1584 ) ) ;
#5385 = DIRECTION ( 'NONE',  ( 0.000000000000000000, 0.000000000000000000, -1.000000000000000000 ) ) ;
#5386 = ORIENTED_EDGE ( 'NONE', *, *, #2356, .T. ) ;
#5387 = PRESENTATION_STYLE_ASSIGNMENT (( #3226 ) ) ;
#5388 = DIRECTION ( 'NONE',  ( -1.000000000000000000, 0.000000000000000000, 0.000000000000000000 ) ) ;
#5389 = EDGE_LOOP ( 'NONE', ( #3803, #344, #918, #4232, #4901, #582, #6146, #5121, #6036, #6380 ) ) ;
#5390 =( LENGTH_UNIT ( ) NAMED_UNIT ( * ) SI_UNIT ( .MILLI., .METRE. ) );
#5391 = EDGE_CURVE ( 'NONE', #1616, #5984, #4306, .T. ) ;
#5392 = ADVANCED_FACE ( 'NONE', ( #4345 ), #1667, .F. ) ;
#5393 = EDGE_CURVE ( 'NONE', #5886, #3386, #6623, .T. ) ;
#5394 = FACE_OUTER_BOUND ( 'NONE', #2395, .T. ) ;
#5395 =( NAMED_UNIT ( * ) SI_UNIT ( $, .STERADIAN. ) SOLID_ANGLE_UNIT ( ) );
#5396 =( NAMED_UNIT ( * ) SI_UNIT ( $, .STERADIAN. ) SOLID_ANGLE_UNIT ( ) );
#5397 = SURFACE_SIDE_STYLE ('',( #909 ) ) ;
#5398 = CARTESIAN_POINT ( 'NONE',  ( 1.409999999999999920, 3.950000000000000178, 1.525000000000000133 ) ) ;
#5399 = FILL_AREA_STYLE_COLOUR ( '', #6944 ) ;
#5400 = ORIENTED_EDGE ( 'NONE', *, *, #2164, .F. ) ;
#5401 = FACE_OUTER_BOUND ( 'NONE', #1279, .T. ) ;
#5402 = DIRECTION ( 'NONE',  ( 4.336808689942020201E-16, -1.000000000000000000, -1.709941712034280011E-15 ) ) ;
#5403 = EDGE_CURVE ( 'NONE', #1437, #3892, #4808, .T. ) ;
#5404 = FACE_OUTER_BOUND ( 'NONE', #2839, .T. ) ;
#5405 = DIRECTION ( 'NONE',  ( 1.000000000000000000, 3.548298019043469819E-16, 0.000000000000000000 ) ) ;
#5406 = VECTOR ( 'NONE', #4949, 1000.000000000000000 ) ;
#5407 = ORIENTED_EDGE ( 'NONE', *, *, #675, .F. ) ;
#5408 = EDGE_LOOP ( 'NONE', ( #5543, #5591, #6917, #2482, #3572, #3355, #2667, #4961 ) ) ;
#5409 = ADVANCED_FACE ( 'NONE', ( #1557 ), #6665, .F. ) ;
#5410 = ORIENTED_EDGE ( 'NONE', *, *, #1577, .F. ) ;
#5411 = MECHANICAL_DESIGN_GEOMETRIC_PRESENTATION_REPRESENTATION (  '', ( #2446 ), #2779 ) ;
#5412 = STYLED_ITEM ( 'NONE', ( #4412 ), #3064 ) ;
#5413 = UNCERTAINTY_MEASURE_WITH_UNIT (LENGTH_MEASURE( 1.000000000000000082E-05 ), #2325, 'distance_accuracy_value', 'NONE');
#5414 = FACE_OUTER_BOUND ( 'NONE', #2691, .T. ) ;
#5415 = LINE ( 'NONE', #1757, #6218 ) ;
#5416 = PRESENTATION_LAYER_ASSIGNMENT (  '', '', ( #943 ) ) ;
#5417 = ADVANCED_FACE ( 'NONE', ( #2422, #1776 ), #1194, .T. ) ;
#5418 = ORIENTED_EDGE ( 'NONE', *, *, #1538, .F. ) ;
#5419 = CARTESIAN_POINT ( 'NONE',  ( -3.419999999999999929, 4.200000000000000178, 0.2500000000000000000 ) ) ;
#5420 = ORIENTED_EDGE ( 'NONE', *, *, #4386, .T. ) ;
#5421 =( NAMED_UNIT ( * ) SI_UNIT ( $, .STERADIAN. ) SOLID_ANGLE_UNIT ( ) );
#5422 = CARTESIAN_POINT ( 'NONE',  ( 0.1600000000000000033, 0.000000000000000000, 0.000000000000000000 ) ) ;
#5423 = PRESENTATION_LAYER_ASSIGNMENT (  '', '', ( #5893 ) ) ;
#5424 =( GEOMETRIC_REPRESENTATION_CONTEXT ( 3 ) GLOBAL_UNCERTAINTY_ASSIGNED_CONTEXT ( ( #890 ) ) GLOBAL_UNIT_ASSIGNED_CONTEXT ( ( #3372, #161, #6749 ) ) REPRESENTATION_CONTEXT ( 'NONE', 'WORKASPACE' ) );
#5425 = VECTOR ( 'NONE', #6298, 1000.000000000000000 ) ;
#5426 = DIRECTION ( 'NONE',  ( -1.196361017915040028E-15, 0.000000000000000000, 1.000000000000000000 ) ) ;
#5427 = FILL_AREA_STYLE ('',( #5907 ) ) ;
#5428 = PRESENTATION_STYLE_ASSIGNMENT (( #6074 ) ) ;
#5429 = CYLINDRICAL_SURFACE ( 'NONE', #4897, 0.1000000000000000472 ) ;
#5430 = CARTESIAN_POINT ( 'NONE',  ( 2.050000000000000266, 2.000000000000000000, -3.241454723682380207E-16 ) ) ;
#5431 = ADVANCED_FACE ( 'NONE', ( #1806 ), #1345, .F. ) ;
#5432 = CARTESIAN_POINT ( 'NONE',  ( -2.550000000000000266, 1.000000000000000000, -6.411537967210279810E-15 ) ) ;
#5433 = STYLED_ITEM ( 'NONE', ( #3949 ), #4051 ) ;
#5434 = EDGE_CURVE ( 'NONE', #2277, #1168, #6359, .T. ) ;
#5435 = FACE_OUTER_BOUND ( 'NONE', #3442, .T. ) ;
#5436 = CARTESIAN_POINT ( 'NONE',  ( 0.1600000000000000033, 1.699999999999999956, 1.324999999999999956 ) ) ;
#5437 = CARTESIAN_POINT ( 'NONE',  ( 2.750000000000000000, 1.000000000000000000, 0.2000000000000000111 ) ) ;
#5438 = PRESENTATION_STYLE_ASSIGNMENT (( #3784 ) ) ;
#5439 =( GEOMETRIC_REPRESENTATION_CONTEXT ( 3 ) GLOBAL_UNCERTAINTY_ASSIGNED_CONTEXT ( ( #4974 ) ) GLOBAL_UNIT_ASSIGNED_CONTEXT ( ( #5456, #1000, #460 ) ) REPRESENTATION_CONTEXT ( 'NONE', 'WORKASPACE' ) );
#5440 = CARTESIAN_POINT ( 'NONE',  ( 2.750000000000000000, 1.000000000000000000, 3.200000000000000178 ) ) ;
#5441 = ORIENTED_EDGE ( 'NONE', *, *, #2828, .F. ) ;
#5442 = SURFACE_STYLE_FILL_AREA ( #5004 ) ;
#5443 = EDGE_CURVE ( 'NONE', #1981, #6310, #3657, .T. ) ;
#5444 = CARTESIAN_POINT ( 'NONE',  ( 0.1499999999999999944, 2.449999999999999734, -4.336808689942019708E-16 ) ) ;
#5445 = FACE_OUTER_BOUND ( 'NONE', #137, .T. ) ;
#5446 = MECHANICAL_DESIGN_GEOMETRIC_PRESENTATION_REPRESENTATION (  '', ( #1204 ), #737 ) ;
#5447 = DIRECTION ( 'NONE',  ( 0.000000000000000000, 5.421010862427510337E-16, -1.000000000000000000 ) ) ;
#5448 = ADVANCED_FACE ( 'NONE', ( #3126 ), #5861, .T. ) ;
#5449 = PRESENTATION_STYLE_ASSIGNMENT (( #4968 ) ) ;
#5450 = VERTEX_POINT ( 'NONE', #926 ) ;
#5451 = ORIENTED_EDGE ( 'NONE', *, *, #5620, .F. ) ;
#5452 = EDGE_CURVE ( 'NONE', #514, #7017, #5316, .T. ) ;
#5453 = ORIENTED_EDGE ( 'NONE', *, *, #6138, .T. ) ;
#5454 =( NAMED_UNIT ( * ) SI_UNIT ( $, .STERADIAN. ) SOLID_ANGLE_UNIT ( ) );
#5455 = PRESENTATION_LAYER_ASSIGNMENT (  '', '', ( #5918 ) ) ;
#5456 =( LENGTH_UNIT ( ) NAMED_UNIT ( * ) SI_UNIT ( .MILLI., .METRE. ) );
#5457 = VERTEX_POINT ( 'NONE', #4697 ) ;
#5458 = FILL_AREA_STYLE_COLOUR ( '', #5957 ) ;
#5459 = ORIENTED_EDGE ( 'NONE', *, *, #3087, .T. ) ;
#5460 = CARTESIAN_POINT ( 'NONE',  ( 0.000000000000000000, 1.388725686697909881E-29, -0.2000000000000080047 ) ) ;
#5461 = CARTESIAN_POINT ( 'NONE',  ( -3.419999999999999929, 2.000000000000000000, 0.05000000000000090483 ) ) ;
#5462 =( LENGTH_UNIT ( ) NAMED_UNIT ( * ) SI_UNIT ( .MILLI., .METRE. ) );
#5463 = SURFACE_SIDE_STYLE ('',( #6585 ) ) ;
#5464 = VECTOR ( 'NONE', #2183, 1000.000000000000000 ) ;
#5465 = DIRECTION ( 'NONE',  ( 1.000000000000000000, -8.673617379884039416E-16, 0.000000000000000000 ) ) ;
#5466 = MECHANICAL_DESIGN_GEOMETRIC_PRESENTATION_REPRESENTATION (  '', ( #2274 ), #872 ) ;
#5467 =( NAMED_UNIT ( * ) PLANE_ANGLE_UNIT ( ) SI_UNIT ( $, .RADIAN. ) );
#5468 = FILL_AREA_STYLE ('',( #6512 ) ) ;
#5469 = FACE_OUTER_BOUND ( 'NONE', #5516, .T. ) ;
#5470 = STYLED_ITEM ( 'NONE', ( #2074 ), #4639 ) ;
#5471 = SURFACE_SIDE_STYLE ('',( #7026 ) ) ;
#5472 = AXIS2_PLACEMENT_3D ( 'NONE', #2674, #3132, #6435 ) ;
#5473 = CARTESIAN_POINT ( 'NONE',  ( 0.000000000000000000, 0.000000000000000000, 2.799999999999999822 ) ) ;
#5474 = CARTESIAN_POINT ( 'NONE',  ( -0.1600000000000000033, 6.000000000000000000, -0.2000000000000000111 ) ) ;
#5475 = DIRECTION ( 'NONE',  ( -1.000000000000000000, 0.000000000000000000, 0.000000000000000000 ) ) ;
#5476 = EDGE_LOOP ( 'NONE', ( #7076, #6983, #3605, #6121, #101, #4910 ) ) ;
#5477 = DIRECTION ( 'NONE',  ( 0.000000000000000000, -1.000000000000000000, 0.000000000000000000 ) ) ;
#5478 = COLOUR_RGB ( '',0.7529411764705882248, 0.7529411764705882248, 0.7529411764705882248 ) ;
#5479 = SURFACE_SIDE_STYLE ('',( #3279 ) ) ;
#5480 = DIRECTION ( 'NONE',  ( -1.000000000000000000, 0.000000000000000000, 0.000000000000000000 ) ) ;
#5481 = LINE ( 'NONE', #3349, #1479 ) ;
#5482 = STYLED_ITEM ( 'NONE', ( #436 ), #5349 ) ;
#5483 = ORIENTED_EDGE ( 'NONE', *, *, #2792, .T. ) ;
#5484 = ORIENTED_EDGE ( 'NONE', *, *, #5393, .F. ) ;
#5485 = ORIENTED_EDGE ( 'NONE', *, *, #1724, .F. ) ;
#5486 = VECTOR ( 'NONE', #5012, 1000.000000000000000 ) ;
#5487 = MECHANICAL_DESIGN_GEOMETRIC_PRESENTATION_REPRESENTATION (  '', ( #1128 ), #1248 ) ;
#5488 = UNCERTAINTY_MEASURE_WITH_UNIT (LENGTH_MEASURE( 1.000000000000000082E-05 ), #1055, 'distance_accuracy_value', 'NONE');
#5489 = DIRECTION ( 'NONE',  ( -5.824137784301192118E-16, 0.7071067811865480168, 0.7071067811865470176 ) ) ;
#5490 = VERTEX_POINT ( 'NONE', #2067 ) ;
#5491 = AXIS2_PLACEMENT_3D ( 'NONE', #6836, #314, #242 ) ;
#5492 = CARTESIAN_POINT ( 'NONE',  ( 4.250000000000000000, 1.399999999999999911, 0.5999999999999999778 ) ) ;
#5493 = ORIENTED_EDGE ( 'NONE', *, *, #2434, .T. ) ;
#5494 = SURFACE_STYLE_FILL_AREA ( #3881 ) ;
#5495 = EDGE_CURVE ( 'NONE', #3565, #5051, #6431, .T. ) ;
#5496 = PRESENTATION_STYLE_ASSIGNMENT (( #6037 ) ) ;
#5497 = CARTESIAN_POINT ( 'NONE',  ( -0.5500000000000000444, 2.449999999999999734, -4.336808689942019708E-16 ) ) ;
#5498 = PLANE ( 'NONE',  #4049 ) ;
#5499 = CARTESIAN_POINT ( 'NONE',  ( 1.409999999999999920, 5.100000000000000533, 0.5999999999999999778 ) ) ;
#5500 =( NAMED_UNIT ( * ) PLANE_ANGLE_UNIT ( ) SI_UNIT ( $, .RADIAN. ) );
#5501 = DIRECTION ( 'NONE',  ( 0.000000000000000000, 0.000000000000000000, -1.000000000000000000 ) ) ;
#5502 = ORIENTED_EDGE ( 'NONE', *, *, #5618, .F. ) ;
#5503 = FILL_AREA_STYLE_COLOUR ( '', #1302 ) ;
#5504 = UNCERTAINTY_MEASURE_WITH_UNIT (LENGTH_MEASURE( 1.000000000000000082E-05 ), #6670, 'distance_accuracy_value', 'NONE');
#5505 = SURFACE_SIDE_STYLE ('',( #1634 ) ) ;
#5506 = SURFACE_STYLE_FILL_AREA ( #2651 ) ;
#5507 = CARTESIAN_POINT ( 'NONE',  ( -3.419999999999999929, 2.000000000000000000, 0.2500000000000000000 ) ) ;
#5508 = PLANE ( 'NONE',  #3278 ) ;
#5509 = VERTEX_POINT ( 'NONE', #1512 ) ;
#5510 = FACE_OUTER_BOUND ( 'NONE', #3041, .T. ) ;
#5511 = ORIENTED_EDGE ( 'NONE', *, *, #3112, .T. ) ;
#5512 = PLANE ( 'NONE',  #3567 ) ;
#5513 = DIRECTION ( 'NONE',  ( 0.000000000000000000, 3.614007241618349954E-15, -1.000000000000000000 ) ) ;
#5514 = ORIENTED_EDGE ( 'NONE', *, *, #5434, .T. ) ;
#5515 = SURFACE_SIDE_STYLE ('',( #3872 ) ) ;
#5516 = EDGE_LOOP ( 'NONE', ( #5104, #6136, #1619, #3109 ) ) ;
#5517 =( NAMED_UNIT ( * ) SI_UNIT ( $, .STERADIAN. ) SOLID_ANGLE_UNIT ( ) );
#5518 = DIRECTION ( 'NONE',  ( -1.000000000000000000, 0.000000000000000000, 0.000000000000000000 ) ) ;
#5519 = ORIENTED_EDGE ( 'NONE', *, *, #1945, .T. ) ;
#5520 = ORIENTED_EDGE ( 'NONE', *, *, #6048, .F. ) ;
#5521 = CARTESIAN_POINT ( 'NONE',  ( -2.149999999999999911, 3.950000000000000178, 2.799999999999999822 ) ) ;
#5522 = EDGE_CURVE ( 'NONE', #3918, #4793, #5795, .T. ) ;
#5523 = ADVANCED_FACE ( 'NONE', ( #327 ), #2456, .F. ) ;
#5524 = EDGE_CURVE ( 'NONE', #6573, #1256, #526, .T. ) ;
#5525 = PRESENTATION_LAYER_ASSIGNMENT (  '', '', ( #6798 ) ) ;
#5526 = CARTESIAN_POINT ( 'NONE',  ( 2.050000000000000266, 5.200000000000000178, 7.702172233337019555E-16 ) ) ;
#5527 = LINE ( 'NONE', #595, #2631 ) ;
#5528 = ORIENTED_EDGE ( 'NONE', *, *, #2381, .T. ) ;
#5529 = LINE ( 'NONE', #1768, #6653 ) ;
#5530 = VECTOR ( 'NONE', #2548, 1000.000000000000000 ) ;
#5531 = ORIENTED_EDGE ( 'NONE', *, *, #2880, .T. ) ;
#5532 = SURFACE_STYLE_USAGE ( .BOTH. , #2168 ) ;
#5533 = VECTOR ( 'NONE', #2889, 1000.000000000000000 ) ;
#5534 = LINE ( 'NONE', #2237, #698 ) ;
#5535 = ADVANCED_FACE ( 'NONE', ( #1625 ), #2132, .T. ) ;
#5536 = AXIS2_PLACEMENT_3D ( 'NONE', #803, #2479, #1943 ) ;
#5537 = VECTOR ( 'NONE', #6091, 1000.000000000000000 ) ;
#5538 = COLOUR_RGB ( '',0.7529411764705882248, 0.7529411764705882248, 0.7529411764705882248 ) ;
#5539 = CARTESIAN_POINT ( 'NONE',  ( -3.287712434446770082, 2.000000000000000000, 0.1000000000000000056 ) ) ;
#5540 = LINE ( 'NONE', #3295, #7050 ) ;
#5541 = DIRECTION ( 'NONE',  ( 0.000000000000000000, 0.000000000000000000, 1.000000000000000000 ) ) ;
#5542 = DIRECTION ( 'NONE',  ( 0.000000000000000000, 0.000000000000000000, -1.000000000000000000 ) ) ;
#5543 = ORIENTED_EDGE ( 'NONE', *, *, #3166, .F. ) ;
#5544 = AXIS2_PLACEMENT_3D ( 'NONE', #222, #5658, #5802 ) ;
#5545 = CARTESIAN_POINT ( 'NONE',  ( -3.750000000000000000, 1.399999999999999911, 0.1000000000000000056 ) ) ;
#5546 = FACE_OUTER_BOUND ( 'NONE', #1699, .T. ) ;
#5547 = STYLED_ITEM ( 'NONE', ( #2534 ), #2985 ) ;
#5548 = SURFACE_STYLE_USAGE ( .BOTH. , #2748 ) ;
#5549 = DIRECTION ( 'NONE',  ( 0.000000000000000000, 0.000000000000000000, 1.000000000000000000 ) ) ;
#5550 = VERTEX_POINT ( 'NONE', #5931 ) ;
#5551 = MECHANICAL_DESIGN_GEOMETRIC_PRESENTATION_REPRESENTATION (  '', ( #5195 ), #2702 ) ;
#5552 = ORIENTED_EDGE ( 'NONE', *, *, #2129, .F. ) ;
#5553 =( NAMED_UNIT ( * ) PLANE_ANGLE_UNIT ( ) SI_UNIT ( $, .RADIAN. ) );
#5554 = DIRECTION ( 'NONE',  ( 0.000000000000000000, 1.000000000000000000, 3.614007241618349954E-15 ) ) ;
#5555 = FACE_OUTER_BOUND ( 'NONE', #6638, .T. ) ;
#5556 = COLOUR_RGB ( '',1.000000000000000000, 1.000000000000000000, 0.7529411764705882248 ) ;
#5557 = EDGE_CURVE ( 'NONE', #5043, #2253, #3727, .T. ) ;
#5558 = EDGE_LOOP ( 'NONE', ( #3152, #2430, #3159, #4026, #5459, #59, #2671, #1659 ) ) ;
#5559 = EDGE_LOOP ( 'NONE', ( #5016, #6396, #337, #6690, #5562, #1903, #2022, #4970, #426, #1696, #1338, #1466 ) ) ;
#5560 = UNCERTAINTY_MEASURE_WITH_UNIT (LENGTH_MEASURE( 1.000000000000000082E-05 ), #3671, 'distance_accuracy_value', 'NONE');
#5561 = SURFACE_SIDE_STYLE ('',( #3285 ) ) ;
#5562 = ORIENTED_EDGE ( 'NONE', *, *, #1491, .F. ) ;
#5563 = CARTESIAN_POINT ( 'NONE',  ( -2.449999999999999734, 1.000000000000000000, 1.175000000000000044 ) ) ;
#5564 = ORIENTED_EDGE ( 'NONE', *, *, #2239, .T. ) ;
#5565 =( NAMED_UNIT ( * ) PLANE_ANGLE_UNIT ( ) SI_UNIT ( $, .RADIAN. ) );
#5566 = FACE_OUTER_BOUND ( 'NONE', #6844, .T. ) ;
#5567 = MECHANICAL_DESIGN_GEOMETRIC_PRESENTATION_REPRESENTATION (  '', ( #2380 ), #7070 ) ;
#5568 = PLANE ( 'NONE',  #3007 ) ;
#5569 = LINE ( 'NONE', #6183, #716 ) ;
#5570 = MECHANICAL_DESIGN_GEOMETRIC_PRESENTATION_REPRESENTATION (  '', ( #631 ), #515 ) ;
#5571 = SURFACE_STYLE_USAGE ( .BOTH. , #3367 ) ;
#5572 = CARTESIAN_POINT ( 'NONE',  ( 0.1600000000000000033, 2.399999999999999911, 0.7750000000000000222 ) ) ;
#5573 =( NAMED_UNIT ( * ) SI_UNIT ( $, .STERADIAN. ) SOLID_ANGLE_UNIT ( ) );
#5574 = UNCERTAINTY_MEASURE_WITH_UNIT (LENGTH_MEASURE( 1.000000000000000082E-05 ), #4435, 'distance_accuracy_value', 'NONE');
#5575 = FILL_AREA_STYLE_COLOUR ( '', #1920 ) ;
#5576 = FACE_OUTER_BOUND ( 'NONE', #311, .T. ) ;
#5577 = PRESENTATION_LAYER_ASSIGNMENT (  '', '', ( #520 ) ) ;
#5578 = PRESENTATION_STYLE_ASSIGNMENT (( #4064 ) ) ;
#5579 = PRESENTATION_LAYER_ASSIGNMENT (  '', '', ( #757 ) ) ;
#5580 = SURFACE_SIDE_STYLE ('',( #1606 ) ) ;
#5581 = SURFACE_SIDE_STYLE ('',( #2429 ) ) ;
#5582 = ORIENTED_EDGE ( 'NONE', *, *, #299, .F. ) ;
#5583 = DIRECTION ( 'NONE',  ( 0.9660120648150559708, 0.000000000000000000, 0.2584969837962370343 ) ) ;
#5584 = ORIENTED_EDGE ( 'NONE', *, *, #6356, .T. ) ;
#5585 = CARTESIAN_POINT ( 'NONE',  ( 2.750000000000000000, 5.200000000000000178, 1.175000000000000044 ) ) ;
#5586 = COLOUR_RGB ( '',1.000000000000000000, 1.000000000000000000, 0.7529411764705882248 ) ;
#5587 = FILL_AREA_STYLE ('',( #3380 ) ) ;
#5588 = PLANE ( 'NONE',  #2171 ) ;
#5589 = EDGE_CURVE ( 'NONE', #4757, #3312, #6503, .T. ) ;
#5590 = CARTESIAN_POINT ( 'NONE',  ( -0.1600000000000000033, 1.699999999999999956, 0.9250000000000000444 ) ) ;
#5591 = ORIENTED_EDGE ( 'NONE', *, *, #6830, .F. ) ;
#5592 = EDGE_LOOP ( 'NONE', ( #5627, #4530, #6002, #6660 ) ) ;
#5593 = CARTESIAN_POINT ( 'NONE',  ( 2.449999999999999734, 3.950000000000000178, 1.175000000000000044 ) ) ;
#5594 = STYLED_ITEM ( 'NONE', ( #6233 ), #4904 ) ;
#5595 = VECTOR ( 'NONE', #1195, 1000.000000000000114 ) ;
#5596 = MECHANICAL_DESIGN_GEOMETRIC_PRESENTATION_REPRESENTATION (  '', ( #5482 ), #4104 ) ;
#5597 = CARTESIAN_POINT ( 'NONE',  ( -0.5500000000000000444, 3.600000000000000089, 0.4000000000000000222 ) ) ;
#5598 = ORIENTED_EDGE ( 'NONE', *, *, #431, .T. ) ;
#5599 = CARTESIAN_POINT ( 'NONE',  ( 1.090000000000000080, 3.950000000000000178, 0.7750000000000000222 ) ) ;
#5600 = AXIS2_PLACEMENT_3D ( 'NONE', #2280, #144, #3431 ) ;
#5601 = DIRECTION ( 'NONE',  ( 0.000000000000000000, 1.000000000000000000, 0.000000000000000000 ) ) ;
#5602 = DIRECTION ( 'NONE',  ( -0.7071067811865470176, -0.7071067811865480168, -2.811037930586190308E-15 ) ) ;
#5603 = MECHANICAL_DESIGN_GEOMETRIC_PRESENTATION_REPRESENTATION (  '', ( #3192 ), #2861 ) ;
#5604 =( GEOMETRIC_REPRESENTATION_CONTEXT ( 3 ) GLOBAL_UNCERTAINTY_ASSIGNED_CONTEXT ( ( #4760 ) ) GLOBAL_UNIT_ASSIGNED_CONTEXT ( ( #5629, #1860, #6126 ) ) REPRESENTATION_CONTEXT ( 'NONE', 'WORKASPACE' ) );
#5605 = VERTEX_POINT ( 'NONE', #4933 ) ;
#5606 = MECHANICAL_DESIGN_GEOMETRIC_PRESENTATION_REPRESENTATION (  '', ( #7104 ), #2981 ) ;
#5607 = COLOUR_RGB ( '',1.000000000000000000, 1.000000000000000000, 0.7529411764705882248 ) ;
#5608 = VECTOR ( 'NONE', #2365, 1000.000000000000000 ) ;
#5609 = FILL_AREA_STYLE_COLOUR ( '', #1871 ) ;
#5610 = CARTESIAN_POINT ( 'NONE',  ( -1.090000000000000080, 6.200000000000000178, 7.318364664277149999E-16 ) ) ;
#5611 = DIRECTION ( 'NONE',  ( -1.000000000000000000, 0.000000000000000000, 0.000000000000000000 ) ) ;
#5612 = SURFACE_STYLE_USAGE ( .BOTH. , #747 ) ;
#5613 = DIRECTION ( 'NONE',  ( 0.000000000000000000, 0.000000000000000000, -1.000000000000000000 ) ) ;
#5614 = LINE ( 'NONE', #1266, #4820 ) ;
#5615 = ORIENTED_EDGE ( 'NONE', *, *, #6876, .T. ) ;
#5616 = CARTESIAN_POINT ( 'NONE',  ( 0.1600000000000000033, 6.200000000000000178, 0.2999999999999999889 ) ) ;
#5617 = MECHANICAL_DESIGN_GEOMETRIC_PRESENTATION_REPRESENTATION (  '', ( #6871 ), #1352 ) ;
#5618 = EDGE_CURVE ( 'NONE', #5068, #1287, #6003, .T. ) ;
#5619 = PRESENTATION_STYLE_ASSIGNMENT (( #1092 ) ) ;
#5620 = EDGE_CURVE ( 'NONE', #174, #5767, #5971, .T. ) ;
#5621 = EDGE_CURVE ( 'NONE', #1386, #2750, #4872, .T. ) ;
#5622 = PRESENTATION_STYLE_ASSIGNMENT (( #5151 ) ) ;
#5623 = DIRECTION ( 'NONE',  ( -0.000000000000000000, 1.000000000000000000, 0.000000000000000000 ) ) ;
#5624 = CARTESIAN_POINT ( 'NONE',  ( 2.449999999999999734, 1.000000000000000000, 1.175000000000000044 ) ) ;
#5625 = ORIENTED_EDGE ( 'NONE', *, *, #4256, .F. ) ;
#5626 = SURFACE_SIDE_STYLE ('',( #4101 ) ) ;
#5627 = ORIENTED_EDGE ( 'NONE', *, *, #4087, .F. ) ;
#5628 = FACE_OUTER_BOUND ( 'NONE', #5389, .T. ) ;
#5629 =( LENGTH_UNIT ( ) NAMED_UNIT ( * ) SI_UNIT ( .MILLI., .METRE. ) );
#5630 = LINE ( 'NONE', #5739, #3133 ) ;
#5631 = DIRECTION ( 'NONE',  ( 0.000000000000000000, 0.000000000000000000, -1.000000000000000000 ) ) ;
#5632 = ORIENTED_EDGE ( 'NONE', *, *, #4546, .F. ) ;
#5633 = VERTEX_POINT ( 'NONE', #2233 ) ;
#5634 = FILL_AREA_STYLE ('',( #2379 ) ) ;
#5635 = EDGE_CURVE ( 'NONE', #544, #199, #1718, .T. ) ;
#5636 = ADVANCED_FACE ( 'NONE', ( #4409 ), #971, .T. ) ;
#5637 = EDGE_CURVE ( 'NONE', #667, #2567, #5131, .T. ) ;
#5638 = VERTEX_POINT ( 'NONE', #66 ) ;
#5639 = EDGE_LOOP ( 'NONE', ( #3866, #656, #1980, #2796 ) ) ;
#5640 = VECTOR ( 'NONE', #7019, 1000.000000000000000 ) ;
#5641 = UNCERTAINTY_MEASURE_WITH_UNIT (LENGTH_MEASURE( 1.000000000000000082E-05 ), #4354, 'distance_accuracy_value', 'NONE');
#5642 = EDGE_CURVE ( 'NONE', #2157, #380, #2885, .T. ) ;
#5643 = DIRECTION ( 'NONE',  ( 0.2584969837962290962, 0.000000000000000000, -0.9660120648150581912 ) ) ;
#5644 = CIRCLE ( 'NONE', #2445, 0.2000000000000000944 ) ;
#5645 =( LENGTH_UNIT ( ) NAMED_UNIT ( * ) SI_UNIT ( .MILLI., .METRE. ) );
#5646 = DIRECTION ( 'NONE',  ( 0.000000000000000000, 1.000000000000000000, 0.000000000000000000 ) ) ;
#5647 =( NAMED_UNIT ( * ) SI_UNIT ( $, .STERADIAN. ) SOLID_ANGLE_UNIT ( ) );
#5648 = VECTOR ( 'NONE', #6304, 1000.000000000000000 ) ;
#5649 = FACE_OUTER_BOUND ( 'NONE', #4767, .T. ) ;
#5650 =( NAMED_UNIT ( * ) SI_UNIT ( $, .STERADIAN. ) SOLID_ANGLE_UNIT ( ) );
#5651 = ORIENTED_EDGE ( 'NONE', *, *, #2860, .T. ) ;
#5652 = SURFACE_SIDE_STYLE ('',( #6779 ) ) ;
#5653 = UNCERTAINTY_MEASURE_WITH_UNIT (LENGTH_MEASURE( 1.000000000000000082E-05 ), #944, 'distance_accuracy_value', 'NONE');
#5654 = FILL_AREA_STYLE ('',( #6293 ) ) ;
#5655 = STYLED_ITEM ( 'NONE', ( #2836 ), #2140 ) ;
#5656 =( GEOMETRIC_REPRESENTATION_CONTEXT ( 3 ) GLOBAL_UNCERTAINTY_ASSIGNED_CONTEXT ( ( #6731 ) ) GLOBAL_UNIT_ASSIGNED_CONTEXT ( ( #2506, #2978, #1826 ) ) REPRESENTATION_CONTEXT ( 'NONE', 'WORKASPACE' ) );
#5657 = VECTOR ( 'NONE', #6513, 1000.000000000000000 ) ;
#5658 = DIRECTION ( 'NONE',  ( 0.000000000000000000, 1.000000000000000000, 0.000000000000000000 ) ) ;
#5659 = FACE_OUTER_BOUND ( 'NONE', #3720, .T. ) ;
#5660 = DIRECTION ( 'NONE',  ( 0.000000000000000000, 0.000000000000000000, 1.000000000000000000 ) ) ;
#5661 =( NAMED_UNIT ( * ) PLANE_ANGLE_UNIT ( ) SI_UNIT ( $, .RADIAN. ) );
#5662 = ORIENTED_EDGE ( 'NONE', *, *, #5168, .T. ) ;
#5663 = PRESENTATION_LAYER_ASSIGNMENT (  '', '', ( #1647 ) ) ;
#5664 = EDGE_CURVE ( 'NONE', #235, #514, #5052, .T. ) ;
#5665 = ORIENTED_EDGE ( 'NONE', *, *, #4172, .T. ) ;
#5666 = CARTESIAN_POINT ( 'NONE',  ( -1.090000000000000080, 5.899999999999999467, 1.175000000000000044 ) ) ;
#5667 = MECHANICAL_DESIGN_GEOMETRIC_PRESENTATION_REPRESENTATION (  '', ( #4731 ), #3462 ) ;
#5668 =( GEOMETRIC_REPRESENTATION_CONTEXT ( 3 ) GLOBAL_UNCERTAINTY_ASSIGNED_CONTEXT ( ( #1412 ) ) GLOBAL_UNIT_ASSIGNED_CONTEXT ( ( #6441, #1495, #3033 ) ) REPRESENTATION_CONTEXT ( 'NONE', 'WORKASPACE' ) );
#5669 = STYLED_ITEM ( 'NONE', ( #3701 ), #3845 ) ;
#5670 = PLANE ( 'NONE',  #1877 ) ;
#5671 = CARTESIAN_POINT ( 'NONE',  ( 0.1600000000000000033, 2.399999999999999911, 0.7750000000000000222 ) ) ;
#5672 = EDGE_CURVE ( 'NONE', #5675, #419, #4012, .T. ) ;
#5673 = FILL_AREA_STYLE ('',( #2764 ) ) ;
#5674 = EDGE_LOOP ( 'NONE', ( #2961, #1371, #3764, #5088, #5240, #328 ) ) ;
#5675 = VERTEX_POINT ( 'NONE', #5599 ) ;
#5676 = LINE ( 'NONE', #60, #6657 ) ;
#5677 =( GEOMETRIC_REPRESENTATION_CONTEXT ( 3 ) GLOBAL_UNCERTAINTY_ASSIGNED_CONTEXT ( ( #4125 ) ) GLOBAL_UNIT_ASSIGNED_CONTEXT ( ( #831, #4531, #3203 ) ) REPRESENTATION_CONTEXT ( 'NONE', 'WORKASPACE' ) );
#5678 = EDGE_CURVE ( 'NONE', #5071, #2997, #6691, .T. ) ;
#5679 = ORIENTED_EDGE ( 'NONE', *, *, #3360, .T. ) ;
#5680 = VECTOR ( 'NONE', #2542, 1000.000000000000000 ) ;
#5681 = VERTEX_POINT ( 'NONE', #179 ) ;
#5682 =( NAMED_UNIT ( * ) PLANE_ANGLE_UNIT ( ) SI_UNIT ( $, .RADIAN. ) );
#5683 = LINE ( 'NONE', #741, #5251 ) ;
#5684 = VECTOR ( 'NONE', #4593, 1000.000000000000000 ) ;
#5685 =( NAMED_UNIT ( * ) PLANE_ANGLE_UNIT ( ) SI_UNIT ( $, .RADIAN. ) );
#5686 = DIRECTION ( 'NONE',  ( 0.000000000000000000, 1.000000000000000000, 0.000000000000000000 ) ) ;
#5687 = DIRECTION ( 'NONE',  ( 0.000000000000000000, 1.000000000000000000, 0.000000000000000000 ) ) ;
#5688 = CARTESIAN_POINT ( 'NONE',  ( -1.090000000000000080, 5.899999999999999467, 0.2999999999999999889 ) ) ;
#5689 = DIRECTION ( 'NONE',  ( 0.7071067811865461294, 0.000000000000000000, 0.7071067811865490160 ) ) ;
#5690 = EDGE_LOOP ( 'NONE', ( #6234, #2387, #5528, #3102 ) ) ;
#5691 =( NAMED_UNIT ( * ) PLANE_ANGLE_UNIT ( ) SI_UNIT ( $, .RADIAN. ) );
#5692 = CARTESIAN_POINT ( 'NONE',  ( 0.5500000000000000444, 3.600000000000000089, -3.559999999999999609 ) ) ;
#5693 = CARTESIAN_POINT ( 'NONE',  ( -2.250000000000000000, 3.950000000000000178, 1.525000000000000133 ) ) ;
#5694 = MECHANICAL_DESIGN_GEOMETRIC_PRESENTATION_REPRESENTATION (  '', ( #2612 ), #3264 ) ;
#5695 = CARTESIAN_POINT ( 'NONE',  ( -1.800000000000000044, 2.600000000000000089, 2.799999999999999822 ) ) ;
#5696 = SURFACE_STYLE_USAGE ( .BOTH. , #2328 ) ;
#5697 = VERTEX_POINT ( 'NONE', #110 ) ;
#5698 = CARTESIAN_POINT ( 'NONE',  ( -0.1600000000000000033, 6.200000000000000178, 7.216449660063520471E-16 ) ) ;
#5699 = LINE ( 'NONE', #5215, #3335 ) ;
#5700 = AXIS2_PLACEMENT_3D ( 'NONE', #4889, #3788, #5477 ) ;
#5701 = FILL_AREA_STYLE ('',( #2905 ) ) ;
#5702 = LINE ( 'NONE', #765, #947 ) ;
#5703 = PLANE ( 'NONE',  #7057 ) ;
#5704 = SURFACE_STYLE_USAGE ( .BOTH. , #172 ) ;
#5705 = CARTESIAN_POINT ( 'NONE',  ( 2.250000000000000000, 1.133333333333329973, 1.224999999999999867 ) ) ;
#5706 = ORIENTED_EDGE ( 'NONE', *, *, #2859, .T. ) ;
#5707 = EDGE_LOOP ( 'NONE', ( #3081, #1725, #5379, #3745 ) ) ;
#5708 = LINE ( 'NONE', #772, #96 ) ;
#5709 = STYLED_ITEM ( 'NONE', ( #1784 ), #5216 ) ;
#5710 = EDGE_CURVE ( 'NONE', #1458, #4792, #5529, .T. ) ;
#5711 = VECTOR ( 'NONE', #291, 1000.000000000000000 ) ;
#5712 = ORIENTED_EDGE ( 'NONE', *, *, #6488, .T. ) ;
#5713 = ORIENTED_EDGE ( 'NONE', *, *, #4765, .F. ) ;
#5714 =( NAMED_UNIT ( * ) SI_UNIT ( $, .STERADIAN. ) SOLID_ANGLE_UNIT ( ) );
#5715 = UNCERTAINTY_MEASURE_WITH_UNIT (LENGTH_MEASURE( 1.000000000000000082E-05 ), #6592, 'distance_accuracy_value', 'NONE');
#5716 = DIRECTION ( 'NONE',  ( 0.000000000000000000, -1.000000000000000000, 0.000000000000000000 ) ) ;
#5717 = LINE ( 'NONE', #4660, #5357 ) ;
#5718 = COLOUR_RGB ( '',0.7529411764705882248, 0.7529411764705882248, 0.7529411764705882248 ) ;
#5719 = CARTESIAN_POINT ( 'NONE',  ( 0.000000000000000000, 1.388725686697909881E-29, -0.2000000000000080047 ) ) ;
#5720 = MECHANICAL_DESIGN_GEOMETRIC_PRESENTATION_REPRESENTATION (  '', ( #1820 ), #889 ) ;
#5721 = SURFACE_STYLE_FILL_AREA ( #3507 ) ;
#5722 = STYLED_ITEM ( 'NONE', ( #3707 ), #1848 ) ;
#5723 = DIRECTION ( 'NONE',  ( 0.000000000000000000, 0.000000000000000000, 1.000000000000000000 ) ) ;
#5724 = FILL_AREA_STYLE_COLOUR ( '', #6439 ) ;
#5725 = EDGE_CURVE ( 'NONE', #3403, #3900, #2922, .T. ) ;
#5726 = DIRECTION ( 'NONE',  ( -1.000000000000000000, 0.000000000000000000, 0.000000000000000000 ) ) ;
#5727 = EDGE_CURVE ( 'NONE', #2799, #2121, #4447, .T. ) ;
#5728 = UNCERTAINTY_MEASURE_WITH_UNIT (LENGTH_MEASURE( 1.000000000000000082E-05 ), #2714, 'distance_accuracy_value', 'NONE');
#5729 = STYLED_ITEM ( 'NONE', ( #600 ), #6358 ) ;
#5730 = PRESENTATION_LAYER_ASSIGNMENT (  '', '', ( #326 ) ) ;
#5731 =( LENGTH_UNIT ( ) NAMED_UNIT ( * ) SI_UNIT ( .MILLI., .METRE. ) );
#5732 = LINE ( 'NONE', #4024, #3239 ) ;
#5733 = ORIENTED_EDGE ( 'NONE', *, *, #6066, .F. ) ;
#5734 =( GEOMETRIC_REPRESENTATION_CONTEXT ( 3 ) GLOBAL_UNCERTAINTY_ASSIGNED_CONTEXT ( ( #6363 ) ) GLOBAL_UNIT_ASSIGNED_CONTEXT ( ( #4817, #1612, #1570 ) ) REPRESENTATION_CONTEXT ( 'NONE', 'WORKASPACE' ) );
#5735 =( LENGTH_UNIT ( ) NAMED_UNIT ( * ) SI_UNIT ( .MILLI., .METRE. ) );
#5736 =( NAMED_UNIT ( * ) PLANE_ANGLE_UNIT ( ) SI_UNIT ( $, .RADIAN. ) );
#5737 = DIRECTION ( 'NONE',  ( -1.000000000000000000, 0.000000000000000000, 0.000000000000000000 ) ) ;
#5738 = SURFACE_STYLE_FILL_AREA ( #5701 ) ;
#5739 = CARTESIAN_POINT ( 'NONE',  ( 4.250000000000000000, 1.399999999999999911, 1.800000000000000044 ) ) ;
#5740 = CARTESIAN_POINT ( 'NONE',  ( 2.149999999999999911, 3.950000000000000178, 2.799999999999999822 ) ) ;
#5741 =( NAMED_UNIT ( * ) SI_UNIT ( $, .STERADIAN. ) SOLID_ANGLE_UNIT ( ) );
#5742 = LINE ( 'NONE', #800, #6508 ) ;
#5743 = EDGE_LOOP ( 'NONE', ( #2855, #6651, #3115, #2785 ) ) ;
#5744 = ORIENTED_EDGE ( 'NONE', *, *, #4566, .T. ) ;
#5745 = CARTESIAN_POINT ( 'NONE',  ( 0.1600000000000000033, 5.200000000000000178, 0.5999999999999999778 ) ) ;
#5746 = VERTEX_POINT ( 'NONE', #5563 ) ;
#5747 = ORIENTED_EDGE ( 'NONE', *, *, #4653, .F. ) ;
#5748 = PRESENTATION_STYLE_ASSIGNMENT (( #3542 ) ) ;
#5749 = ADVANCED_FACE ( 'NONE', ( #633 ), #2352, .F. ) ;
#5750 = DIRECTION ( 'NONE',  ( 0.000000000000000000, -0.7071067811865480168, 0.7071067811865470176 ) ) ;
#5751 = CARTESIAN_POINT ( 'NONE',  ( -1.409999999999999920, 2.700000000000000178, 1.525000000000000133 ) ) ;
#5752 = DIRECTION ( 'NONE',  ( -1.000000000000000000, 0.000000000000000000, 5.421010862427519089E-17 ) ) ;
#5753 = EDGE_CURVE ( 'NONE', #6768, #5638, #282, .T. ) ;
#5754 =( LENGTH_UNIT ( ) NAMED_UNIT ( * ) SI_UNIT ( .MILLI., .METRE. ) );
#5755 = ORIENTED_EDGE ( 'NONE', *, *, #3487, .T. ) ;
#5756 = CARTESIAN_POINT ( 'NONE',  ( 2.750000000000000000, 5.200000000000000178, 0.5999999999999999778 ) ) ;
#5757 = DIRECTION ( 'NONE',  ( 0.000000000000000000, 1.000000000000000000, 0.000000000000000000 ) ) ;
#5758 = EDGE_CURVE ( 'NONE', #5886, #2867, #2023, .T. ) ;
#5759 =( GEOMETRIC_REPRESENTATION_CONTEXT ( 3 ) GLOBAL_UNCERTAINTY_ASSIGNED_CONTEXT ( ( #3544 ) ) GLOBAL_UNIT_ASSIGNED_CONTEXT ( ( #5754, #3623, #361 ) ) REPRESENTATION_CONTEXT ( 'NONE', 'WORKASPACE' ) );
#5760 =( LENGTH_UNIT ( ) NAMED_UNIT ( * ) SI_UNIT ( .MILLI., .METRE. ) );
#5761 = AXIS2_PLACEMENT_3D ( 'NONE', #6421, #3177, #6977 ) ;
#5762 = DIRECTION ( 'NONE',  ( -1.000000000000000000, 0.000000000000000000, 6.776263578034390387E-17 ) ) ;
#5763 = SURFACE_STYLE_FILL_AREA ( #1317 ) ;
#5764 = EDGE_CURVE ( 'NONE', #612, #2196, #5770, .T. ) ;
#5765 = LINE ( 'NONE', #336, #412 ) ;
#5766 = VERTEX_POINT ( 'NONE', #1982 ) ;
#5767 = VERTEX_POINT ( 'NONE', #3652 ) ;
#5768 = PRESENTATION_LAYER_ASSIGNMENT (  '', '', ( #5412 ) ) ;
#5769 = SURFACE_STYLE_FILL_AREA ( #1462 ) ;
#5770 =( BOUNDED_CURVE ( )  B_SPLINE_CURVE ( 3, ( #2484, #3011, #4189, #5194 ),
 .UNSPECIFIED., .F., .F. ) 
 B_SPLINE_CURVE_WITH_KNOTS ( ( 4, 4 ),
 ( 3.141592653589793116, 4.712388980384689674 ),
 .UNSPECIFIED. ) 
 CURVE ( )  GEOMETRIC_REPRESENTATION_ITEM ( )  RATIONAL_B_SPLINE_CURVE ( ( 1.000000000000000000, 0.8047378541243649375, 0.8047378541243649375, 1.000000000000000000 ) ) 
 REPRESENTATION_ITEM ( '' )  );
#5771 = CYLINDRICAL_SURFACE ( 'NONE', #4283, 0.4500000000000000111 ) ;
#5772 = VECTOR ( 'NONE', #2052, 1000.000000000000000 ) ;
#5773 = VECTOR ( 'NONE', #4867, 1000.000000000000114 ) ;
#5774 = DIRECTION ( 'NONE',  ( 0.000000000000000000, -5.421010862427520198E-16, 1.000000000000000000 ) ) ;
#5775 = PRESENTATION_STYLE_ASSIGNMENT (( #6973 ) ) ;
#5776 = ORIENTED_EDGE ( 'NONE', *, *, #1099, .T. ) ;
#5777 = FILL_AREA_STYLE ('',( #4579 ) ) ;
#5778 = SURFACE_STYLE_USAGE ( .BOTH. , #3607 ) ;
#5779 =( GEOMETRIC_REPRESENTATION_CONTEXT ( 3 ) GLOBAL_UNCERTAINTY_ASSIGNED_CONTEXT ( ( #2348 ) ) GLOBAL_UNIT_ASSIGNED_CONTEXT ( ( #51, #1096, #4886 ) ) REPRESENTATION_CONTEXT ( 'NONE', 'WORKASPACE' ) );
#5780 = EDGE_CURVE ( 'NONE', #4745, #949, #4655, .T. ) ;
#5781 = DIRECTION ( 'NONE',  ( 0.000000000000000000, -1.000000000000000000, 0.000000000000000000 ) ) ;
#5782 = PRESENTATION_STYLE_ASSIGNMENT (( #1796 ) ) ;
#5783 = ORIENTED_EDGE ( 'NONE', *, *, #2888, .F. ) ;
#5784 = VERTEX_POINT ( 'NONE', #5823 ) ;
#5785 = CARTESIAN_POINT ( 'NONE',  ( 2.449999999999999734, 3.950000000000000178, 2.024999999999999911 ) ) ;
#5786 = AXIS2_PLACEMENT_3D ( 'NONE', #3024, #293, #2499 ) ;
#5787 = UNCERTAINTY_MEASURE_WITH_UNIT (LENGTH_MEASURE( 1.000000000000000082E-05 ), #4712, 'distance_accuracy_value', 'NONE');
#5788 = ORIENTED_EDGE ( 'NONE', *, *, #530, .T. ) ;
#5789 = CARTESIAN_POINT ( 'NONE',  ( 0.1499999999999999944, 2.449999999999999734, 0.4000000000000000222 ) ) ;
#5790 = VECTOR ( 'NONE', #5236, 1000.000000000000000 ) ;
#5791 = SURFACE_STYLE_FILL_AREA ( #2562 ) ;
#5792 = DIRECTION ( 'NONE',  ( 0.000000000000000000, -1.000000000000000000, 0.000000000000000000 ) ) ;
#5793 = SURFACE_STYLE_FILL_AREA ( #1957 ) ;
#5794 = ORIENTED_EDGE ( 'NONE', *, *, #2661, .F. ) ;
#5795 = LINE ( 'NONE', #3694, #2066 ) ;
#5796 = LINE ( 'NONE', #2644, #893 ) ;
#5797 = LINE ( 'NONE', #4769, #5287 ) ;
#5798 = ORIENTED_EDGE ( 'NONE', *, *, #4304, .T. ) ;
#5799 = FILL_AREA_STYLE ('',( #3662 ) ) ;
#5800 = MECHANICAL_DESIGN_GEOMETRIC_PRESENTATION_REPRESENTATION (  '', ( #4290 ), #1899 ) ;
#5801 = UNCERTAINTY_MEASURE_WITH_UNIT (LENGTH_MEASURE( 1.000000000000000082E-05 ), #785, 'distance_accuracy_value', 'NONE');
#5802 = DIRECTION ( 'NONE',  ( 0.000000000000000000, 0.000000000000000000, -1.000000000000000000 ) ) ;
#5803 = CARTESIAN_POINT ( 'NONE',  ( 1.409999999999999920, 5.100000000000000533, 0.5999999999999999778 ) ) ;
#5804 = DIRECTION ( 'NONE',  ( 0.000000000000000000, -1.000000000000000000, 0.000000000000000000 ) ) ;
#5805 = FILL_AREA_STYLE ('',( #3099 ) ) ;
#5806 = VERTEX_POINT ( 'NONE', #5230 ) ;
#5807 = SURFACE_STYLE_FILL_AREA ( #4599 ) ;
#5808 = DIRECTION ( 'NONE',  ( 0.000000000000000000, -1.000000000000000000, 0.000000000000000000 ) ) ;
#5809 = LINE ( 'NONE', #6933, #5141 ) ;
#5810 = STYLED_ITEM ( 'NONE', ( #2019 ), #1602 ) ;
#5811 = FILL_AREA_STYLE ('',( #3641 ) ) ;
#5812 =( LENGTH_UNIT ( ) NAMED_UNIT ( * ) SI_UNIT ( .MILLI., .METRE. ) );
#5813 = DIRECTION ( 'NONE',  ( 0.000000000000000000, -1.000000000000000000, 0.000000000000000000 ) ) ;
#5814 = LINE ( 'NONE', #2111, #4539 ) ;
#5815 = EDGE_LOOP ( 'NONE', ( #6198, #495, #6385, #2331, #5887, #3961, #3794, #4577, #3716, #4596, #2788, #2232 ) ) ;
#5816 =( NAMED_UNIT ( * ) PLANE_ANGLE_UNIT ( ) SI_UNIT ( $, .RADIAN. ) );
#5817 = AXIS2_PLACEMENT_3D ( 'NONE', #220, #254, #5726 ) ;
#5818 = ADVANCED_FACE ( 'NONE', ( #4692 ), #887, .F. ) ;
#5819 =( NAMED_UNIT ( * ) SI_UNIT ( $, .STERADIAN. ) SOLID_ANGLE_UNIT ( ) );
#5820 = COLOUR_RGB ( '',1.000000000000000000, 1.000000000000000000, 0.7529411764705882248 ) ;
#5821 = ORIENTED_EDGE ( 'NONE', *, *, #2880, .F. ) ;
#5822 = ORIENTED_EDGE ( 'NONE', *, *, #4546, .T. ) ;
#5823 = CARTESIAN_POINT ( 'NONE',  ( 0.1600000000000000033, 5.599999999999999645, -0.2000000000000000111 ) ) ;
#5824 = VECTOR ( 'NONE', #4986, 1000.000000000000000 ) ;
#5825 = DIRECTION ( 'NONE',  ( 1.000000000000000000, 0.000000000000000000, 0.000000000000000000 ) ) ;
#5826 = PLANE ( 'NONE',  #2123 ) ;
#5827 = PRESENTATION_STYLE_ASSIGNMENT (( #3583 ) ) ;
#5828 = EDGE_LOOP ( 'NONE', ( #3612, #6459, #6389, #108 ) ) ;
#5829 = LINE ( 'NONE', #4130, #1513 ) ;
#5830 = EDGE_LOOP ( 'NONE', ( #4286, #2267, #5259, #173, #2416, #571 ) ) ;
#5831 = ORIENTED_EDGE ( 'NONE', *, *, #3939, .T. ) ;
#5832 = PRESENTATION_STYLE_ASSIGNMENT (( #4132 ) ) ;
#5833 = DIRECTION ( 'NONE',  ( 0.000000000000000000, 1.000000000000000000, 0.000000000000000000 ) ) ;
#5834 = PRESENTATION_LAYER_ASSIGNMENT (  '', '', ( #2058 ) ) ;
#5835 = MECHANICAL_DESIGN_GEOMETRIC_PRESENTATION_REPRESENTATION (  '', ( #6646 ), #3986 ) ;
#5836 =( NAMED_UNIT ( * ) SI_UNIT ( $, .STERADIAN. ) SOLID_ANGLE_UNIT ( ) );
#5837 = SURFACE_STYLE_USAGE ( .BOTH. , #6329 ) ;
#5838 = ORIENTED_EDGE ( 'NONE', *, *, #5968, .F. ) ;
#5839 = EDGE_CURVE ( 'NONE', #1219, #2538, #2451, .T. ) ;
#5840 = LINE ( 'NONE', #5286, #1418 ) ;
#5841 = VECTOR ( 'NONE', #4662, 1000.000000000000000 ) ;
#5842 = EDGE_CURVE ( 'NONE', #3717, #3907, #5306, .T. ) ;
#5843 = CARTESIAN_POINT ( 'NONE',  ( -2.449999999999999734, 1.000000000000000000, 3.200000000000000178 ) ) ;
#5844 = DIRECTION ( 'NONE',  ( -0.000000000000000000, 0.7071067811865470176, 0.7071067811865480168 ) ) ;
#5845 = VECTOR ( 'NONE', #5518, 1000.000000000000000 ) ;
#5846 = COLOUR_RGB ( '',0.7529411764705882248, 0.7529411764705882248, 0.7529411764705882248 ) ;
#5847 = DIRECTION ( 'NONE',  ( 0.000000000000000000, 1.000000000000000000, 0.000000000000000000 ) ) ;
#5848 = ORIENTED_EDGE ( 'NONE', *, *, #6963, .T. ) ;
#5849 = CARTESIAN_POINT ( 'NONE',  ( 2.550000000000000266, 4.200000000000000178, -0.2000000000000000111 ) ) ;
#5850 = DIRECTION ( 'NONE',  ( 0.000000000000000000, 5.421010862427510337E-16, -1.000000000000000000 ) ) ;
#5851 = FACE_OUTER_BOUND ( 'NONE', #5892, .T. ) ;
#5852 = ORIENTED_EDGE ( 'NONE', *, *, #2078, .F. ) ;
#5853 = ORIENTED_EDGE ( 'NONE', *, *, #5077, .F. ) ;
#5854 = DIRECTION ( 'NONE',  ( 0.000000000000000000, 1.000000000000000000, 0.000000000000000000 ) ) ;
#5855 = EDGE_CURVE ( 'NONE', #3283, #739, #2518, .T. ) ;
#5856 = UNCERTAINTY_MEASURE_WITH_UNIT (LENGTH_MEASURE( 1.000000000000000082E-05 ), #6375, 'distance_accuracy_value', 'NONE');
#5857 = EDGE_CURVE ( 'NONE', #4966, #1386, #4726, .T. ) ;
#5858 = CARTESIAN_POINT ( 'NONE',  ( 2.149999999999999911, 1.199999999999999956, 2.075000000000000178 ) ) ;
#5859 =( LENGTH_UNIT ( ) NAMED_UNIT ( * ) SI_UNIT ( .MILLI., .METRE. ) );
#5860 =( NAMED_UNIT ( * ) SI_UNIT ( $, .STERADIAN. ) SOLID_ANGLE_UNIT ( ) );
#5861 = PLANE ( 'NONE',  #895 ) ;
#5862 = ORIENTED_EDGE ( 'NONE', *, *, #835, .F. ) ;
#5863 = DIRECTION ( 'NONE',  ( -1.000000000000000000, 0.000000000000000000, 0.000000000000000000 ) ) ;
#5864 = CARTESIAN_POINT ( 'NONE',  ( 4.450000000000000178, 4.000000000000000000, -0.2000000000000000111 ) ) ;
#5865 = PLANE ( 'NONE',  #2950 ) ;
#5866 = UNCERTAINTY_MEASURE_WITH_UNIT (LENGTH_MEASURE( 1.000000000000000082E-05 ), #3056, 'distance_accuracy_value', 'NONE');
#5867 = EDGE_CURVE ( 'NONE', #1458, #1748, #6949, .T. ) ;
#5868 = FILL_AREA_STYLE ('',( #1455 ) ) ;
#5869 = CARTESIAN_POINT ( 'NONE',  ( -3.250000000000000000, 1.399999999999999911, 2.000000000000000000 ) ) ;
#5870 = CARTESIAN_POINT ( 'NONE',  ( 3.250000000000000000, 1.399999999999999911, 2.000000000000000000 ) ) ;
#5871 = CARTESIAN_POINT ( 'NONE',  ( -2.149999999999999911, 1.199999999999999956, 2.799999999999999822 ) ) ;
#5872 = VECTOR ( 'NONE', #4880, 1000.000000000000000 ) ;
#5873 = CARTESIAN_POINT ( 'NONE',  ( 2.449999999999999734, 3.950000000000000178, 1.175000000000000044 ) ) ;
#5874 = SURFACE_SIDE_STYLE ('',( #1565 ) ) ;
#5875 = EDGE_LOOP ( 'NONE', ( #884, #4583, #6125, #1908, #5838, #4323, #3874 ) ) ;
#5876 =( GEOMETRIC_REPRESENTATION_CONTEXT ( 3 ) GLOBAL_UNCERTAINTY_ASSIGNED_CONTEXT ( ( #2419 ) ) GLOBAL_UNIT_ASSIGNED_CONTEXT ( ( #2199, #4519, #6863 ) ) REPRESENTATION_CONTEXT ( 'NONE', 'WORKASPACE' ) );
#5877 = VECTOR ( 'NONE', #6739, 1000.000000000000000 ) ;
#5878 = DIRECTION ( 'NONE',  ( 0.000000000000000000, 1.000000000000000000, 0.000000000000000000 ) ) ;
#5879 = MECHANICAL_DESIGN_GEOMETRIC_PRESENTATION_REPRESENTATION (  '', ( #2559 ), #5178 ) ;
#5880 =( LENGTH_UNIT ( ) NAMED_UNIT ( * ) SI_UNIT ( .MILLI., .METRE. ) );
#5881 = DIRECTION ( 'NONE',  ( 0.000000000000000000, 0.000000000000000000, -1.000000000000000000 ) ) ;
#5882 =( NAMED_UNIT ( * ) PLANE_ANGLE_UNIT ( ) SI_UNIT ( $, .RADIAN. ) );
#5883 = VECTOR ( 'NONE', #1539, 1000.000000000000114 ) ;
#5884 = ADVANCED_FACE ( 'NONE', ( #1910 ), #4048, .F. ) ;
#5885 = DIRECTION ( 'NONE',  ( 0.000000000000000000, 0.000000000000000000, 1.000000000000000000 ) ) ;
#5886 = VERTEX_POINT ( 'NONE', #557 ) ;
#5887 = ORIENTED_EDGE ( 'NONE', *, *, #6301, .F. ) ;
#5888 = DIRECTION ( 'NONE',  ( 0.000000000000000000, 1.807003620809169702E-16, -1.000000000000000000 ) ) ;
#5889 = COLOUR_RGB ( '',0.7529411764705882248, 0.7529411764705882248, 0.7529411764705882248 ) ;
#5890 = PRESENTATION_LAYER_ASSIGNMENT (  '', '', ( #3015 ) ) ;
#5891 = ADVANCED_FACE ( 'NONE', ( #962 ), #483, .T. ) ;
#5892 = EDGE_LOOP ( 'NONE', ( #1249, #1407, #6197, #362 ) ) ;
#5893 = STYLED_ITEM ( 'NONE', ( #2657 ), #104 ) ;
#5894 = MECHANICAL_DESIGN_GEOMETRIC_PRESENTATION_REPRESENTATION (  '', ( #2109 ), #3576 ) ;
#5895 = STYLED_ITEM ( 'NONE', ( #1736 ), #3082 ) ;
#5896 = DIRECTION ( 'NONE',  ( 0.000000000000000000, -1.000000000000000000, 0.000000000000000000 ) ) ;
#5897 =( NAMED_UNIT ( * ) PLANE_ANGLE_UNIT ( ) SI_UNIT ( $, .RADIAN. ) );
#5898 = MECHANICAL_DESIGN_GEOMETRIC_PRESENTATION_REPRESENTATION (  '', ( #1191 ), #4515 ) ;
#5899 = CARTESIAN_POINT ( 'NONE',  ( 3.750000000000000000, 2.000000000000000000, 0.1000000000000000056 ) ) ;
#5900 = SURFACE_STYLE_FILL_AREA ( #6539 ) ;
#5901 = EDGE_LOOP ( 'NONE', ( #2468, #6725, #6718, #5165 ) ) ;
#5902 = DIRECTION ( 'NONE',  ( -0.5547001962252300356, 0.8320502943378431659, 1.127638420922871074E-16 ) ) ;
#5903 = LINE ( 'NONE', #2610, #2554 ) ;
#5904 = CARTESIAN_POINT ( 'NONE',  ( 3.419999999999999929, 2.000000000000000000, 0.2500000000000000000 ) ) ;
#5905 = COLOUR_RGB ( '',0.7529411764705882248, 0.7529411764705882248, 0.7529411764705882248 ) ;
#5906 = SURFACE_STYLE_FILL_AREA ( #3097 ) ;
#5907 = FILL_AREA_STYLE_COLOUR ( '', #3176 ) ;
#5908 = CARTESIAN_POINT ( 'NONE',  ( 2.149999999999999911, 1.199999999999999956, 2.075000000000000178 ) ) ;
#5909 = DIRECTION ( 'NONE',  ( 0.000000000000000000, 0.000000000000000000, -1.000000000000000000 ) ) ;
#5910 = COLOUR_RGB ( '',0.7529411764705882248, 0.7529411764705882248, 0.7529411764705882248 ) ;
#5911 = PLANE ( 'NONE',  #6557 ) ;
#5912 = SURFACE_STYLE_FILL_AREA ( #910 ) ;
#5913 = LINE ( 'NONE', #5367, #2936 ) ;
#5914 = LINE ( 'NONE', #3173, #3348 ) ;
#5915 = ORIENTED_EDGE ( 'NONE', *, *, #1367, .T. ) ;
#5916 = FACE_OUTER_BOUND ( 'NONE', #3978, .T. ) ;
#5917 = FACE_OUTER_BOUND ( 'NONE', #2910, .T. ) ;
#5918 = STYLED_ITEM ( 'NONE', ( #5832 ), #1597 ) ;
#5919 = DIRECTION ( 'NONE',  ( 0.000000000000000000, 1.000000000000000000, 0.000000000000000000 ) ) ;
#5920 = ORIENTED_EDGE ( 'NONE', *, *, #860, .F. ) ;
#5921 = VECTOR ( 'NONE', #3234, 1000.000000000000000 ) ;
#5922 = ORIENTED_EDGE ( 'NONE', *, *, #5053, .F. ) ;
#5923 =( LENGTH_UNIT ( ) NAMED_UNIT ( * ) SI_UNIT ( .MILLI., .METRE. ) );
#5924 = ADVANCED_FACE ( 'NONE', ( #5994 ), #517, .F. ) ;
#5925 = UNCERTAINTY_MEASURE_WITH_UNIT (LENGTH_MEASURE( 1.000000000000000082E-05 ), #4228, 'distance_accuracy_value', 'NONE');
#5926 = ORIENTED_EDGE ( 'NONE', *, *, #5053, .T. ) ;
#5927 = STYLED_ITEM ( 'NONE', ( #1278 ), #5208 ) ;
#5928 = CARTESIAN_POINT ( 'NONE',  ( -1.090000000000000080, 5.100000000000000533, 0.5999999999999999778 ) ) ;
#5929 = VECTOR ( 'NONE', #4351, 1000.000000000000000 ) ;
#5930 = CARTESIAN_POINT ( 'NONE',  ( 2.250000000000000000, 3.950000000000000178, 1.975000000000000089 ) ) ;
#5931 = CARTESIAN_POINT ( 'NONE',  ( -1.090000000000000080, 1.699999999999999956, 1.324999999999999956 ) ) ;
#5932 = ORIENTED_EDGE ( 'NONE', *, *, #6189, .T. ) ;
#5933 = SURFACE_SIDE_STYLE ('',( #3849 ) ) ;
#5934 = FILL_AREA_STYLE_COLOUR ( '', #584 ) ;
#5935 = DIRECTION ( 'NONE',  ( -1.000000000000000000, 0.000000000000000000, 0.000000000000000000 ) ) ;
#5936 = AXIS2_PLACEMENT_3D ( 'NONE', #4413, #3700, #6509 ) ;
#5937 = SURFACE_SIDE_STYLE ('',( #3665 ) ) ;
#5938 = SURFACE_SIDE_STYLE ('',( #4947 ) ) ;
#5939 = ADVANCED_FACE ( 'NONE', ( #6533 ), #1618, .F. ) ;
#5940 = COLOUR_RGB ( '',0.7529411764705882248, 0.7529411764705882248, 0.7529411764705882248 ) ;
#5941 = PRESENTATION_STYLE_ASSIGNMENT (( #5249 ) ) ;
#5942 = EDGE_CURVE ( 'NONE', #2759, #588, #5676, .T. ) ;
#5943 = CARTESIAN_POINT ( 'NONE',  ( 4.250000000000000000, 4.200000000000000178, 2.067212142205700064E-14 ) ) ;
#5944 = STYLED_ITEM ( 'NONE', ( #3926 ), #128 ) ;
#5945 = COLOUR_RGB ( '',1.000000000000000000, 1.000000000000000000, 0.7529411764705882248 ) ;
#5946 = PRESENTATION_STYLE_ASSIGNMENT (( #1600 ) ) ;
#5947 = VECTOR ( 'NONE', #229, 1000.000000000000000 ) ;
#5948 = PRESENTATION_LAYER_ASSIGNMENT (  '', '', ( #1942 ) ) ;
#5949 =( LENGTH_UNIT ( ) NAMED_UNIT ( * ) SI_UNIT ( .MILLI., .METRE. ) );
#5950 = CARTESIAN_POINT ( 'NONE',  ( -1.090000000000000080, 5.400000000000000355, 0.5999999999999999778 ) ) ;
#5951 = ORIENTED_EDGE ( 'NONE', *, *, #4761, .T. ) ;
#5952 = PRESENTATION_LAYER_ASSIGNMENT (  '', '', ( #6523 ) ) ;
#5953 = CARTESIAN_POINT ( 'NONE',  ( -4.450000000000000178, 2.200000000000000178, 0.05000000000000090483 ) ) ;
#5954 = MECHANICAL_DESIGN_GEOMETRIC_PRESENTATION_REPRESENTATION (  '', ( #326 ), #6998 ) ;
#5955 = LINE ( 'NONE', #3211, #4679 ) ;
#5956 =( GEOMETRIC_REPRESENTATION_CONTEXT ( 3 ) GLOBAL_UNCERTAINTY_ASSIGNED_CONTEXT ( ( #1999 ) ) GLOBAL_UNIT_ASSIGNED_CONTEXT ( ( #7054, #3773, #5421 ) ) REPRESENTATION_CONTEXT ( 'NONE', 'WORKASPACE' ) );
#5957 = COLOUR_RGB ( '',0.7529411764705882248, 0.7529411764705882248, 0.7529411764705882248 ) ;
#5958 = LINE ( 'NONE', #6491, #5176 ) ;
#5959 = ORIENTED_EDGE ( 'NONE', *, *, #2659, .T. ) ;
#5960 = ORIENTED_EDGE ( 'NONE', *, *, #6501, .T. ) ;
#5961 = PRESENTATION_LAYER_ASSIGNMENT (  '', '', ( #7104 ) ) ;
#5962 = COLOUR_RGB ( '',1.000000000000000000, 1.000000000000000000, 0.7529411764705882248 ) ;
#5963 = ORIENTED_EDGE ( 'NONE', *, *, #2682, .T. ) ;
#5964 = CARTESIAN_POINT ( 'NONE',  ( -3.419999999999999929, 2.000000000000000000, 0.2500000000000000000 ) ) ;
#5965 = LINE ( 'NONE', #2830, #6813 ) ;
#5966 = EDGE_CURVE ( 'NONE', #5380, #2775, #6727, .T. ) ;
#5967 = LINE ( 'NONE', #2706, #1118 ) ;
#5968 = EDGE_CURVE ( 'NONE', #2121, #5681, #6199, .T. ) ;
#5969 = SURFACE_SIDE_STYLE ('',( #3768 ) ) ;
#5970 = ORIENTED_EDGE ( 'NONE', *, *, #5642, .T. ) ;
#5971 = LINE ( 'NONE', #1040, #4454 ) ;
#5972 = ORIENTED_EDGE ( 'NONE', *, *, #2578, .F. ) ;
#5973 = CARTESIAN_POINT ( 'NONE',  ( -0.1499999999999999944, 2.449999999999999734, 0.4000000000000000222 ) ) ;
#5974 = ADVANCED_FACE ( 'NONE', ( #3457 ), #4479, .F. ) ;
#5975 =( LENGTH_UNIT ( ) NAMED_UNIT ( * ) SI_UNIT ( .MILLI., .METRE. ) );
#5976 = CARTESIAN_POINT ( 'NONE',  ( 2.149999999999999911, 2.799999999999999822, 2.799999999999999822 ) ) ;
#5977 =( NAMED_UNIT ( * ) PLANE_ANGLE_UNIT ( ) SI_UNIT ( $, .RADIAN. ) );
#5978 = SURFACE_STYLE_USAGE ( .BOTH. , #6668 ) ;
#5979 = DIRECTION ( 'NONE',  ( 0.000000000000000000, 1.000000000000000000, 0.000000000000000000 ) ) ;
#5980 = CARTESIAN_POINT ( 'NONE',  ( -1.800000000000000044, 2.000000000000000000, 3.000000000000000000 ) ) ;
#5981 = PRESENTATION_STYLE_ASSIGNMENT (( #7064 ) ) ;
#5982 = CARTESIAN_POINT ( 'NONE',  ( -4.450000000000000178, 2.000000000000000000, -0.2000000000000000111 ) ) ;
#5983 = SURFACE_SIDE_STYLE ('',( #4887 ) ) ;
#5984 = VERTEX_POINT ( 'NONE', #3936 ) ;
#5985 = DIRECTION ( 'NONE',  ( -0.7071067811865470176, -0.7071067811865480168, 0.000000000000000000 ) ) ;
#5986 = VECTOR ( 'NONE', #6884, 1000.000000000000000 ) ;
#5987 = PLANE ( 'NONE',  #5761 ) ;
#5988 =( NAMED_UNIT ( * ) PLANE_ANGLE_UNIT ( ) SI_UNIT ( $, .RADIAN. ) );
#5989 = DIRECTION ( 'NONE',  ( 0.000000000000000000, 1.000000000000000000, 0.000000000000000000 ) ) ;
#5990 = SURFACE_STYLE_FILL_AREA ( #3792 ) ;
#5991 = ORIENTED_EDGE ( 'NONE', *, *, #2340, .T. ) ;
#5992 = PRESENTATION_LAYER_ASSIGNMENT (  '', '', ( #6688 ) ) ;
#5993 = ORIENTED_EDGE ( 'NONE', *, *, #3096, .T. ) ;
#5994 = FACE_OUTER_BOUND ( 'NONE', #3309, .T. ) ;
#5995 = VECTOR ( 'NONE', #6766, 1000.000000000000114 ) ;
#5996 = VECTOR ( 'NONE', #4296, 1000.000000000000000 ) ;
#5997 = UNCERTAINTY_MEASURE_WITH_UNIT (LENGTH_MEASURE( 1.000000000000000082E-05 ), #2966, 'distance_accuracy_value', 'NONE');
#5998 = FILL_AREA_STYLE_COLOUR ( '', #3450 ) ;
#5999 =( BOUNDED_CURVE ( )  B_SPLINE_CURVE ( 3, ( #3469, #6107, #744, #1840 ),
 .UNSPECIFIED., .F., .T. ) 
 B_SPLINE_CURVE_WITH_KNOTS ( ( 4, 4 ),
 ( 4.712388980384689674, 4.973854960671308056 ),
 .UNSPECIFIED. ) 
 CURVE ( )  GEOMETRIC_REPRESENTATION_ITEM ( )  RATIONAL_B_SPLINE_CURVE ( ( 1.000000000000000000, 0.9943110712026979048, 0.9943110712026979048, 1.000000000000000000 ) ) 
 REPRESENTATION_ITEM ( '' )  );
#6000 = SURFACE_SIDE_STYLE ('',( #3799 ) ) ;
#6001 = STYLED_ITEM ( 'NONE', ( #233 ), #3521 ) ;
#6002 = ORIENTED_EDGE ( 'NONE', *, *, #299, .T. ) ;
#6003 = LINE ( 'NONE', #4268, #7099 ) ;
#6004 = EDGE_LOOP ( 'NONE', ( #2156, #3533, #4225, #3009 ) ) ;
#6005 = LINE ( 'NONE', #1082, #4789 ) ;
#6006 = FILL_AREA_STYLE ('',( #5934 ) ) ;
#6007 = CLOSED_SHELL ( 'NONE', ( #1848, #5409, #4241, #3276, #6989, #2549, #4481, #1178, #868, #3543, #1688, #6240, #1291, #454, #5206, #4893, #103, #6736, #4051, #4564, #5523, #2113, #486, #5884, #1151, #3418, #2462, #1911, #1518, #4904, #7009, #1822, #258, #5300, #277, #1045, #875, #6937, #4119, #1545, #4421, #5535, #5891, #2114, #2758, #3608, #4, #4348, #4875, #3064, #4322, #2963, #1597, #4219, #1623, #2809, #2985, #4360, #6659, #6919, #320, #128, #5349, #5143, #4763, #812, #5939, #5749, #2761, #6412, #2901, #1578, #2883, #6521, #5096, #4851, #6141, #1062, #2140, #2314, #2116, #2338, #4779, #4547, #6332, #6649, #6705, #6682, #1800, #6376, #104, #6374, #5448, #3252, #5974, #1272, #3898, #5112, #565, #3521, #1932, #4680, #4639, #6821, #5431, #4470, #3005, #2774, #6926, #3581, #2024, #1385, #5181, #2994, #1507, #6958, #6907, #3911, #6180, #5216, #5924, #4688, #3082, #1427, #4075, #6095, #2361, #3845, #5208, #5371, #1716, #4017, #6597, #1741, #3397, #4868, #6358, #6264, #4273, #6154, #5417, #2154, #5818, #3629, #349, #598, #1602, #5392, #6050, #2909, #3674, #5636, #985 ) ) ;
#6008 = VECTOR ( 'NONE', #397, 1000.000000000000000 ) ;
#6009 = AXIS2_PLACEMENT_3D ( 'NONE', #686, #224, #6713 ) ;
#6010 = PRESENTATION_STYLE_ASSIGNMENT (( #6619 ) ) ;
#6011 = DIRECTION ( 'NONE',  ( -8.673617379884029556E-16, 1.000000000000000000, 0.000000000000000000 ) ) ;
#6012 = DIRECTION ( 'NONE',  ( 1.000000000000000000, 0.000000000000000000, 0.000000000000000000 ) ) ;
#6013 = DIRECTION ( 'NONE',  ( -1.000000000000000000, 0.000000000000000000, 0.000000000000000000 ) ) ;
#6014 = COLOUR_RGB ( '',1.000000000000000000, 1.000000000000000000, 0.7529411764705882248 ) ;
#6015 = FILL_AREA_STYLE ('',( #6549 ) ) ;
#6016 = MECHANICAL_DESIGN_GEOMETRIC_PRESENTATION_REPRESENTATION (  '', ( #47 ), #3471 ) ;
#6017 = CARTESIAN_POINT ( 'NONE',  ( 0.1600000000000000033, 5.200000000000000178, 1.175000000000000044 ) ) ;
#6018 =( NAMED_UNIT ( * ) SI_UNIT ( $, .STERADIAN. ) SOLID_ANGLE_UNIT ( ) );
#6019 = FILL_AREA_STYLE ('',( #3338 ) ) ;
#6020 = ORIENTED_EDGE ( 'NONE', *, *, #1839, .T. ) ;
#6021 = DIRECTION ( 'NONE',  ( 0.000000000000000000, 0.000000000000000000, 1.000000000000000000 ) ) ;
#6022 = SURFACE_STYLE_FILL_AREA ( #4891 ) ;
#6023 = PLANE ( 'NONE',  #2176 ) ;
#6024 = MECHANICAL_DESIGN_GEOMETRIC_PRESENTATION_REPRESENTATION (  '', ( #50 ), #4059 ) ;
#6025 = LINE ( 'NONE', #2304, #4756 ) ;
#6026 = FACE_OUTER_BOUND ( 'NONE', #2633, .T. ) ;
#6027 = ORIENTED_EDGE ( 'NONE', *, *, #5314, .F. ) ;
#6028 = ORIENTED_EDGE ( 'NONE', *, *, #6809, .T. ) ;
#6029 = FILL_AREA_STYLE_COLOUR ( '', #6774 ) ;
#6030 = EDGE_CURVE ( 'NONE', #6940, #5308, #6132, .T. ) ;
#6031 = EDGE_LOOP ( 'NONE', ( #1408, #5187, #4011, #4146, #806, #5386 ) ) ;
#6032 = SURFACE_STYLE_USAGE ( .BOTH. , #5561 ) ;
#6033 = AXIS2_PLACEMENT_3D ( 'NONE', #1169, #6641, #3790 ) ;
#6034 = ORIENTED_EDGE ( 'NONE', *, *, #4824, .F. ) ;
#6035 = DIRECTION ( 'NONE',  ( 0.7071067811865489050, 0.000000000000000000, -0.7071067811865460184 ) ) ;
#6036 = ORIENTED_EDGE ( 'NONE', *, *, #129, .F. ) ;
#6037 = SURFACE_STYLE_USAGE ( .BOTH. , #3200 ) ;
#6038 = LINE ( 'NONE', #497, #4734 ) ;
#6039 =( GEOMETRIC_REPRESENTATION_CONTEXT ( 3 ) GLOBAL_UNCERTAINTY_ASSIGNED_CONTEXT ( ( #5653 ) ) GLOBAL_UNIT_ASSIGNED_CONTEXT ( ( #944, #2141, #2177 ) ) REPRESENTATION_CONTEXT ( 'NONE', 'WORKASPACE' ) );
#6040 = FILL_AREA_STYLE_COLOUR ( '', #6516 ) ;
#6041 = VERTEX_POINT ( 'NONE', #3387 ) ;
#6042 =( NAMED_UNIT ( * ) SI_UNIT ( $, .STERADIAN. ) SOLID_ANGLE_UNIT ( ) );
#6043 = MECHANICAL_DESIGN_GEOMETRIC_PRESENTATION_REPRESENTATION (  '', ( #2843 ), #5231 ) ;
#6044 = LINE ( 'NONE', #5437, #954 ) ;
#6045 = PRESENTATION_STYLE_ASSIGNMENT (( #6520 ) ) ;
#6046 = EDGE_LOOP ( 'NONE', ( #4888, #2949, #4410, #1296, #2597, #4068 ) ) ;
#6047 = EDGE_CURVE ( 'NONE', #5305, #2750, #2913, .T. ) ;
#6048 = EDGE_CURVE ( 'NONE', #4408, #6908, #2879, .T. ) ;
#6049 = DIRECTION ( 'NONE',  ( -1.000000000000000000, 0.000000000000000000, 0.000000000000000000 ) ) ;
#6050 = ADVANCED_FACE ( 'NONE', ( #4115 ), #5164, .F. ) ;
#6051 = ORIENTED_EDGE ( 'NONE', *, *, #6742, .T. ) ;
#6052 = DIRECTION ( 'NONE',  ( 0.000000000000000000, -1.000000000000000000, 0.000000000000000000 ) ) ;
#6053 = ORIENTED_EDGE ( 'NONE', *, *, #5867, .T. ) ;
#6054 = FILL_AREA_STYLE_COLOUR ( '', #4383 ) ;
#6055 = FILL_AREA_STYLE ('',( #1684 ) ) ;
#6056 =( GEOMETRIC_REPRESENTATION_CONTEXT ( 3 ) GLOBAL_UNCERTAINTY_ASSIGNED_CONTEXT ( ( #5728 ) ) GLOBAL_UNIT_ASSIGNED_CONTEXT ( ( #2714, #534, #3813 ) ) REPRESENTATION_CONTEXT ( 'NONE', 'WORKASPACE' ) );
#6057 = ORIENTED_EDGE ( 'NONE', *, *, #401, .T. ) ;
#6058 = EDGE_LOOP ( 'NONE', ( #6201, #6627, #5222, #4738 ) ) ;
#6059 =( LENGTH_UNIT ( ) NAMED_UNIT ( * ) SI_UNIT ( .MILLI., .METRE. ) );
#6060 = ORIENTED_EDGE ( 'NONE', *, *, #3559, .F. ) ;
#6061 = MECHANICAL_DESIGN_GEOMETRIC_PRESENTATION_REPRESENTATION (  '', ( #3528 ), #5956 ) ;
#6062 = VECTOR ( 'NONE', #4626, 1000.000000000000000 ) ;
#6063 = PRESENTATION_LAYER_ASSIGNMENT (  '', '', ( #4111 ) ) ;
#6064 = UNCERTAINTY_MEASURE_WITH_UNIT (LENGTH_MEASURE( 1.000000000000000082E-05 ), #681, 'distance_accuracy_value', 'NONE');
#6065 = CARTESIAN_POINT ( 'NONE',  ( -3.250000000000000000, 4.200000000000000178, 2.000000000000000000 ) ) ;
#6066 = EDGE_CURVE ( 'NONE', #1348, #624, #4185, .T. ) ;
#6067 = COLOUR_RGB ( '',1.000000000000000000, 1.000000000000000000, 0.7529411764705882248 ) ;
#6068 = ORIENTED_EDGE ( 'NONE', *, *, #6189, .F. ) ;
#6069 =( GEOMETRIC_REPRESENTATION_CONTEXT ( 3 ) GLOBAL_UNCERTAINTY_ASSIGNED_CONTEXT ( ( #2494 ) ) GLOBAL_UNIT_ASSIGNED_CONTEXT ( ( #5923, #7110, #7014 ) ) REPRESENTATION_CONTEXT ( 'NONE', 'WORKASPACE' ) );
#6070 = CARTESIAN_POINT ( 'NONE',  ( 2.149999999999999911, 2.200000000000000178, 2.799999999999999822 ) ) ;
#6071 = VERTEX_POINT ( 'NONE', #802 ) ;
#6072 = CARTESIAN_POINT ( 'NONE',  ( -4.250000000000000000, 1.399999999999999911, 1.800000000000000044 ) ) ;
#6073 = DIRECTION ( 'NONE',  ( 0.000000000000000000, 1.000000000000000000, 0.000000000000000000 ) ) ;
#6074 = SURFACE_STYLE_USAGE ( .BOTH. , #5463 ) ;
#6075 = DIRECTION ( 'NONE',  ( 0.000000000000000000, -1.000000000000000000, 0.000000000000000000 ) ) ;
#6076 = CARTESIAN_POINT ( 'NONE',  ( -0.5500000000000000444, 3.600000000000000089, -3.559999999999999609 ) ) ;
#6077 = ORIENTED_EDGE ( 'NONE', *, *, #1069, .T. ) ;
#6078 = LINE ( 'NONE', #648, #3162 ) ;
#6079 = EDGE_CURVE ( 'NONE', #2184, #2083, #5708, .T. ) ;
#6080 = UNCERTAINTY_MEASURE_WITH_UNIT (LENGTH_MEASURE( 1.000000000000000082E-05 ), #2511, 'distance_accuracy_value', 'NONE');
#6081 = LINE ( 'NONE', #5980, #666 ) ;
#6082 = FACE_OUTER_BOUND ( 'NONE', #5186, .T. ) ;
#6083 = FILL_AREA_STYLE ('',( #543 ) ) ;
#6084 = SURFACE_STYLE_FILL_AREA ( #6633 ) ;
#6085 = ORIENTED_EDGE ( 'NONE', *, *, #3121, .F. ) ;
#6086 = FILL_AREA_STYLE_COLOUR ( '', #999 ) ;
#6087 = VERTEX_POINT ( 'NONE', #237 ) ;
#6088 = DIRECTION ( 'NONE',  ( 0.000000000000000000, 1.000000000000000000, 0.000000000000000000 ) ) ;
#6089 =( NAMED_UNIT ( * ) SI_UNIT ( $, .STERADIAN. ) SOLID_ANGLE_UNIT ( ) );
#6090 = ORIENTED_EDGE ( 'NONE', *, *, #4995, .T. ) ;
#6091 = DIRECTION ( 'NONE',  ( 0.000000000000000000, -3.614007241618349954E-15, 1.000000000000000000 ) ) ;
#6092 = ORIENTED_EDGE ( 'NONE', *, *, #4133, .T. ) ;
#6093 = ORIENTED_EDGE ( 'NONE', *, *, #6738, .F. ) ;
#6094 = VERTEX_POINT ( 'NONE', #1975 ) ;
#6095 = ADVANCED_FACE ( 'NONE', ( #274 ), #4040, .F. ) ;
#6096 =( NAMED_UNIT ( * ) PLANE_ANGLE_UNIT ( ) SI_UNIT ( $, .RADIAN. ) );
#6097 = CARTESIAN_POINT ( 'NONE',  ( 1.409999999999999920, 5.400000000000000355, 7.589415207398530052E-16 ) ) ;
#6098 = EDGE_LOOP ( 'NONE', ( #241, #5713, #2055, #6540 ) ) ;
#6099 = DIRECTION ( 'NONE',  ( 1.000000000000000000, 0.000000000000000000, 0.000000000000000000 ) ) ;
#6100 = VERTEX_POINT ( 'NONE', #6862 ) ;
#6101 = VECTOR ( 'NONE', #2553, 1000.000000000000000 ) ;
#6102 = DIRECTION ( 'NONE',  ( 1.000000000000000000, 0.000000000000000000, 0.000000000000000000 ) ) ;
#6103 = AXIS2_PLACEMENT_3D ( 'NONE', #2846, #3432, #3505 ) ;
#6104 = CARTESIAN_POINT ( 'NONE',  ( 0.1600000000000000033, 5.400000000000000355, 0.5999999999999999778 ) ) ;
#6105 =( GEOMETRIC_REPRESENTATION_CONTEXT ( 3 ) GLOBAL_UNCERTAINTY_ASSIGNED_CONTEXT ( ( #1035 ) ) GLOBAL_UNIT_ASSIGNED_CONTEXT ( ( #4967, #2755, #625 ) ) REPRESENTATION_CONTEXT ( 'NONE', 'WORKASPACE' ) );
#6106 = VECTOR ( 'NONE', #6308, 1000.000000000000000 ) ;
#6107 = CARTESIAN_POINT ( 'NONE',  ( 2.258740451326896270, 1.127506365782065645, 1.224999999999999867 ) ) ;
#6108 = DIRECTION ( 'NONE',  ( -1.000000000000000000, 0.000000000000000000, 0.000000000000000000 ) ) ;
#6109 = SURFACE_STYLE_FILL_AREA ( #4054 ) ;
#6110 = DIRECTION ( 'NONE',  ( -1.000000000000000000, 0.000000000000000000, 0.000000000000000000 ) ) ;
#6111 = CARTESIAN_POINT ( 'NONE',  ( 1.090000000000000080, 5.400000000000000355, 0.5999999999999999778 ) ) ;
#6112 = VERTEX_POINT ( 'NONE', #4612 ) ;
#6113 = PRESENTATION_LAYER_ASSIGNMENT (  '', '', ( #2108 ) ) ;
#6114 = AXIS2_PLACEMENT_3D ( 'NONE', #5108, #4063, #6815 ) ;
#6115 = EDGE_CURVE ( 'NONE', #111, #6173, #3037, .T. ) ;
#6116 = LINE ( 'NONE', #159, #5929 ) ;
#6117 = CARTESIAN_POINT ( 'NONE',  ( -2.050000000000000266, 5.200000000000000178, 7.702172233337019555E-16 ) ) ;
#6118 = FILL_AREA_STYLE ('',( #652 ) ) ;
#6119 = LINE ( 'NONE', #6780, #1668 ) ;
#6120 = CARTESIAN_POINT ( 'NONE',  ( 2.149999999999999911, 1.199999999999999956, 0.4000000000000000222 ) ) ;
#6121 = ORIENTED_EDGE ( 'NONE', *, *, #2160, .T. ) ;
#6122 = CARTESIAN_POINT ( 'NONE',  ( 0.1600000000000000033, 5.899999999999999467, 0.2999999999999999889 ) ) ;
#6123 = CARTESIAN_POINT ( 'NONE',  ( -0.1600000000000000033, 2.700000000000000178, 1.525000000000000133 ) ) ;
#6124 = FACE_OUTER_BOUND ( 'NONE', #1031, .T. ) ;
#6125 = ORIENTED_EDGE ( 'NONE', *, *, #3407, .T. ) ;
#6126 =( NAMED_UNIT ( * ) SI_UNIT ( $, .STERADIAN. ) SOLID_ANGLE_UNIT ( ) );
#6127 = STYLED_ITEM ( 'NONE', ( #3158 ), #4219 ) ;
#6128 = LINE ( 'NONE', #1171, #5537 ) ;
#6129 = CARTESIAN_POINT ( 'NONE',  ( -1.090000000000000080, 2.700000000000000178, 1.525000000000000133 ) ) ;
#6130 = ORIENTED_EDGE ( 'NONE', *, *, #6271, .F. ) ;
#6131 = VERTEX_POINT ( 'NONE', #4718 ) ;
#6132 = LINE ( 'NONE', #1215, #1599 ) ;
#6133 = PRESENTATION_LAYER_ASSIGNMENT (  '', '', ( #2598 ) ) ;
#6134 = UNCERTAINTY_MEASURE_WITH_UNIT (LENGTH_MEASURE( 1.000000000000000082E-05 ), #4164, 'distance_accuracy_value', 'NONE');
#6135 = CARTESIAN_POINT ( 'NONE',  ( -2.250000000000000000, 1.133333333333329973, 1.975000000000000089 ) ) ;
#6136 = ORIENTED_EDGE ( 'NONE', *, *, #3787, .T. ) ;
#6137 = EDGE_CURVE ( 'NONE', #5746, #3934, #2017, .T. ) ;
#6138 = EDGE_CURVE ( 'NONE', #4793, #482, #2813, .T. ) ;
#6139 = DIRECTION ( 'NONE',  ( 0.000000000000000000, 0.7071067811865480168, -0.7071067811865470176 ) ) ;
#6140 = CARTESIAN_POINT ( 'NONE',  ( 3.419999999999999929, 2.000000000000000000, 0.2500000000000000000 ) ) ;
#6141 = ADVANCED_FACE ( 'NONE', ( #4989 ), #3328, .F. ) ;
#6142 = AXIS2_PLACEMENT_3D ( 'NONE', #1405, #5781, #4687 ) ;
#6143 = CARTESIAN_POINT ( 'NONE',  ( 2.750000000000000000, 1.399999999999999911, 0.1000000000000000056 ) ) ;
#6144 = AXIS2_PLACEMENT_3D ( 'NONE', #6744, #2426, #4629 ) ;
#6145 = CARTESIAN_POINT ( 'NONE',  ( 2.250000000000000000, 3.950000000000000178, 1.125000000000000000 ) ) ;
#6146 = ORIENTED_EDGE ( 'NONE', *, *, #4469, .F. ) ;
#6147 = UNCERTAINTY_MEASURE_WITH_UNIT (LENGTH_MEASURE( 1.000000000000000082E-05 ), #4297, 'distance_accuracy_value', 'NONE');
#6148 =( NAMED_UNIT ( * ) SI_UNIT ( $, .STERADIAN. ) SOLID_ANGLE_UNIT ( ) );
#6149 = PRESENTATION_STYLE_ASSIGNMENT (( #651 ) ) ;
#6150 = COLOUR_RGB ( '',0.7529411764705882248, 0.7529411764705882248, 0.7529411764705882248 ) ;
#6151 = FACE_OUTER_BOUND ( 'NONE', #5275, .T. ) ;
#6152 =( NAMED_UNIT ( * ) PLANE_ANGLE_UNIT ( ) SI_UNIT ( $, .RADIAN. ) );
#6153 = DIRECTION ( 'NONE',  ( -0.8121631077622929462, 0.5414420718415288158, -0.2173282522587589582 ) ) ;
#6154 = ADVANCED_FACE ( 'NONE', ( #2744 ), #535, .F. ) ;
#6155 = ORIENTED_EDGE ( 'NONE', *, *, #1859, .T. ) ;
#6156 = EDGE_CURVE ( 'NONE', #413, #4911, #1155, .T. ) ;
#6157 = ORIENTED_EDGE ( 'NONE', *, *, #2859, .F. ) ;
#6158 = STYLED_ITEM ( 'NONE', ( #4305 ), #4680 ) ;
#6159 = FILL_AREA_STYLE_COLOUR ( '', #6067 ) ;
#6160 = EDGE_CURVE ( 'NONE', #4652, #6347, #4753, .T. ) ;
#6161 = CARTESIAN_POINT ( 'NONE',  ( -5.450000000000000178, 3.000000000000000000, 0.05000000000000090483 ) ) ;
#6162 = DIRECTION ( 'NONE',  ( 0.000000000000000000, 1.000000000000000000, 0.000000000000000000 ) ) ;
#6163 = DIRECTION ( 'NONE',  ( 1.000000000000000000, 0.000000000000000000, 0.000000000000000000 ) ) ;
#6164 = EDGE_LOOP ( 'NONE', ( #4929, #5021, #1156, #6706 ) ) ;
#6165 =( GEOMETRIC_REPRESENTATION_CONTEXT ( 3 ) GLOBAL_UNCERTAINTY_ASSIGNED_CONTEXT ( ( #6669 ) ) GLOBAL_UNIT_ASSIGNED_CONTEXT ( ( #987, #7005, #1532 ) ) REPRESENTATION_CONTEXT ( 'NONE', 'WORKASPACE' ) );
#6166 = ORIENTED_EDGE ( 'NONE', *, *, #4693, .F. ) ;
#6167 = DIRECTION ( 'NONE',  ( 1.000000000000000000, 0.000000000000000000, 0.000000000000000000 ) ) ;
#6168 = AXIS2_PLACEMENT_3D ( 'NONE', #2940, #4027, #1322 ) ;
#6169 = EDGE_CURVE ( 'NONE', #6173, #1937, #1500, .T. ) ;
#6170 = STYLED_ITEM ( 'NONE', ( #3814 ), #6154 ) ;
#6171 = COLOUR_RGB ( '',1.000000000000000000, 1.000000000000000000, 0.7529411764705882248 ) ;
#6172 = CARTESIAN_POINT ( 'NONE',  ( 2.149999999999999911, 1.199999999999999956, 2.075000000000000178 ) ) ;
#6173 = VERTEX_POINT ( 'NONE', #3675 ) ;
#6174 = ORIENTED_EDGE ( 'NONE', *, *, #5524, .T. ) ;
#6175 = CARTESIAN_POINT ( 'NONE',  ( -2.250000000000000000, 3.950000000000000178, 0.7750000000000000222 ) ) ;
#6176 = VECTOR ( 'NONE', #5601, 1000.000000000000000 ) ;
#6177 = AXIS2_PLACEMENT_3D ( 'NONE', #7052, #5385, #4337 ) ;
#6178 = VECTOR ( 'NONE', #3965, 1000.000000000000000 ) ;
#6179 = VECTOR ( 'NONE', #2794, 1000.000000000000000 ) ;
#6180 = ADVANCED_FACE ( 'NONE', ( #951 ), #5429, .T. ) ;
#6181 = MECHANICAL_DESIGN_GEOMETRIC_PRESENTATION_REPRESENTATION (  '', ( #6894 ), #903 ) ;
#6182 = LINE ( 'NONE', #3366, #4772 ) ;
#6183 = CARTESIAN_POINT ( 'NONE',  ( -4.450000000000000178, 2.000000000000000000, -0.2000000000000000111 ) ) ;
#6184 = EDGE_LOOP ( 'NONE', ( #1002, #3923, #3511, #4426 ) ) ;
#6185 = FILL_AREA_STYLE_COLOUR ( '', #3509 ) ;
#6186 = EDGE_CURVE ( 'NONE', #5051, #6563, #2991, .T. ) ;
#6187 = DIRECTION ( 'NONE',  ( 0.000000000000000000, 0.7071067811865480168, -0.7071067811865470176 ) ) ;
#6188 = VERTEX_POINT ( 'NONE', #6111 ) ;
#6189 = EDGE_CURVE ( 'NONE', #913, #1394, #1228, .T. ) ;
#6190 = PLANE ( 'NONE',  #6168 ) ;
#6191 = CARTESIAN_POINT ( 'NONE',  ( 0.1600000000000000033, 5.400000000000000355, 0.5999999999999999778 ) ) ;
#6192 = PLANE ( 'NONE',  #1257 ) ;
#6193 = LINE ( 'NONE', #726, #6992 ) ;
#6194 = CARTESIAN_POINT ( 'NONE',  ( -0.5500000000000000444, 3.600000000000000089, -3.559999999999999609 ) ) ;
#6195 = CARTESIAN_POINT ( 'NONE',  ( 3.419999999999999929, 2.000000000000000000, 0.05000000000000100198 ) ) ;
#6196 = LINE ( 'NONE', #4109, #3341 ) ;
#6197 = ORIENTED_EDGE ( 'NONE', *, *, #188, .F. ) ;
#6198 = ORIENTED_EDGE ( 'NONE', *, *, #4144, .F. ) ;
#6199 = LINE ( 'NONE', #5521, #1379 ) ;
#6200 = EDGE_LOOP ( 'NONE', ( #3552, #493, #1867, #5336 ) ) ;
#6201 = ORIENTED_EDGE ( 'NONE', *, *, #4656, .F. ) ;
#6202 = ORIENTED_EDGE ( 'NONE', *, *, #558, .F. ) ;
#6203 = DIRECTION ( 'NONE',  ( 0.000000000000000000, -1.000000000000000000, -1.807003620809169702E-16 ) ) ;
#6204 = DIRECTION ( 'NONE',  ( 0.000000000000000000, 1.000000000000000000, 1.709941712034280011E-15 ) ) ;
#6205 =( GEOMETRIC_REPRESENTATION_CONTEXT ( 3 ) GLOBAL_UNCERTAINTY_ASSIGNED_CONTEXT ( ( #3120 ) ) GLOBAL_UNIT_ASSIGNED_CONTEXT ( ( #2246, #5977, #3368 ) ) REPRESENTATION_CONTEXT ( 'NONE', 'WORKASPACE' ) );
#6206 = UNCERTAINTY_MEASURE_WITH_UNIT (LENGTH_MEASURE( 1.000000000000000082E-05 ), #2814, 'distance_accuracy_value', 'NONE');
#6207 = CARTESIAN_POINT ( 'NONE',  ( 2.750000000000000000, 2.000000000000000000, 3.200000000000000178 ) ) ;
#6208 = VECTOR ( 'NONE', #2887, 1000.000000000000000 ) ;
#6209 = CARTESIAN_POINT ( 'NONE',  ( -0.1600000000000000033, 5.200000000000000178, 1.175000000000000044 ) ) ;
#6210 =( NAMED_UNIT ( * ) SI_UNIT ( $, .STERADIAN. ) SOLID_ANGLE_UNIT ( ) );
#6211 = SURFACE_STYLE_FILL_AREA ( #1738 ) ;
#6212 = FILL_AREA_STYLE_COLOUR ( '', #4553 ) ;
#6213 = PRESENTATION_STYLE_ASSIGNMENT (( #2930 ) ) ;
#6214 = ORIENTED_EDGE ( 'NONE', *, *, #4476, .F. ) ;
#6215 = UNCERTAINTY_MEASURE_WITH_UNIT (LENGTH_MEASURE( 1.000000000000000082E-05 ), #2252, 'distance_accuracy_value', 'NONE');
#6216 =( NAMED_UNIT ( * ) PLANE_ANGLE_UNIT ( ) SI_UNIT ( $, .RADIAN. ) );
#6217 = PRESENTATION_LAYER_ASSIGNMENT (  '', '', ( #2446 ) ) ;
#6218 = VECTOR ( 'NONE', #3384, 1000.000000000000000 ) ;
#6219 = MECHANICAL_DESIGN_GEOMETRIC_PRESENTATION_REPRESENTATION (  '', ( #3231 ), #4499 ) ;
#6220 = FILL_AREA_STYLE_COLOUR ( '', #440 ) ;
#6221 =( NAMED_UNIT ( * ) PLANE_ANGLE_UNIT ( ) SI_UNIT ( $, .RADIAN. ) );
#6222 = FILL_AREA_STYLE_COLOUR ( '', #2791 ) ;
#6223 =( NAMED_UNIT ( * ) PLANE_ANGLE_UNIT ( ) SI_UNIT ( $, .RADIAN. ) );
#6224 = ORIENTED_EDGE ( 'NONE', *, *, #5618, .T. ) ;
#6225 = SURFACE_SIDE_STYLE ('',( #6258 ) ) ;
#6226 = LINE ( 'NONE', #6932, #2522 ) ;
#6227 = DIRECTION ( 'NONE',  ( -1.000000000000000000, 0.000000000000000000, 0.000000000000000000 ) ) ;
#6228 = VECTOR ( 'NONE', #2293, 1000.000000000000000 ) ;
#6229 = FILL_AREA_STYLE ('',( #2945 ) ) ;
#6230 = SURFACE_SIDE_STYLE ('',( #798 ) ) ;
#6231 = PRESENTATION_LAYER_ASSIGNMENT (  '', '', ( #3832 ) ) ;
#6232 =( NAMED_UNIT ( * ) PLANE_ANGLE_UNIT ( ) SI_UNIT ( $, .RADIAN. ) );
#6233 = PRESENTATION_STYLE_ASSIGNMENT (( #234 ) ) ;
#6234 = ORIENTED_EDGE ( 'NONE', *, *, #4658, .F. ) ;
#6235 = ORIENTED_EDGE ( 'NONE', *, *, #3378, .F. ) ;
#6236 = VECTOR ( 'NONE', #2065, 1000.000000000000000 ) ;
#6237 = VECTOR ( 'NONE', #2103, 1000.000000000000000 ) ;
#6238 = CARTESIAN_POINT ( 'NONE',  ( -2.750000000000000000, 1.399999999999999911, 0.1000000000000000056 ) ) ;
#6239 = ORIENTED_EDGE ( 'NONE', *, *, #5272, .F. ) ;
#6240 = ADVANCED_FACE ( 'NONE', ( #5142 ), #5101, .F. ) ;
#6241 = MECHANICAL_DESIGN_GEOMETRIC_PRESENTATION_REPRESENTATION (  '', ( #5329 ), #2705 ) ;
#6242 = EDGE_LOOP ( 'NONE', ( #3971, #1176, #3942, #7083 ) ) ;
#6243 = FILL_AREA_STYLE_COLOUR ( '', #5846 ) ;
#6244 = EDGE_CURVE ( 'NONE', #1981, #847, #682, .T. ) ;
#6245 = VERTEX_POINT ( 'NONE', #3987 ) ;
#6246 = MECHANICAL_DESIGN_GEOMETRIC_PRESENTATION_REPRESENTATION (  '', ( #975 ), #5333 ) ;
#6247 =( NAMED_UNIT ( * ) SI_UNIT ( $, .STERADIAN. ) SOLID_ANGLE_UNIT ( ) );
#6248 = CARTESIAN_POINT ( 'NONE',  ( -2.050000000000000266, 4.200000000000000178, -0.2000000000000000111 ) ) ;
#6249 = FILL_AREA_STYLE_COLOUR ( '', #6171 ) ;
#6250 = FILL_AREA_STYLE ('',( #4055 ) ) ;
#6251 = DIRECTION ( 'NONE',  ( -1.000000000000000000, 0.000000000000000000, -5.042800802258159255E-17 ) ) ;
#6252 = VERTEX_POINT ( 'NONE', #2929 ) ;
#6253 = FILL_AREA_STYLE_COLOUR ( '', #1913 ) ;
#6254 = DIRECTION ( 'NONE',  ( 0.000000000000000000, -1.355252715606880049E-16, 1.000000000000000000 ) ) ;
#6255 =( LENGTH_UNIT ( ) NAMED_UNIT ( * ) SI_UNIT ( .MILLI., .METRE. ) );
#6256 = VERTEX_POINT ( 'NONE', #749 ) ;
#6257 = FILL_AREA_STYLE ('',( #4069 ) ) ;
#6258 = SURFACE_STYLE_FILL_AREA ( #1896 ) ;
#6259 = CARTESIAN_POINT ( 'NONE',  ( -1.800000000000000044, 2.600000000000000089, 2.799999999999999822 ) ) ;
#6260 =( GEOMETRIC_REPRESENTATION_CONTEXT ( 3 ) GLOBAL_UNCERTAINTY_ASSIGNED_CONTEXT ( ( #1838 ) ) GLOBAL_UNIT_ASSIGNED_CONTEXT ( ( #14, #2214, #2299 ) ) REPRESENTATION_CONTEXT ( 'NONE', 'WORKASPACE' ) );
#6261 = DIRECTION ( 'NONE',  ( 0.000000000000000000, -3.975407965780180295E-15, 1.000000000000000000 ) ) ;
#6262 =( BOUNDED_CURVE ( )  B_SPLINE_CURVE ( 3, ( #3668, #2583, #3739, #4177 ),
 .UNSPECIFIED., .F., .T. ) 
 B_SPLINE_CURVE_WITH_KNOTS ( ( 4, 4 ),
 ( 1.570796326794896558, 3.141592653589793116 ),
 .UNSPECIFIED. ) 
 CURVE ( )  GEOMETRIC_REPRESENTATION_ITEM ( )  RATIONAL_B_SPLINE_CURVE ( ( 1.000000000000000000, 0.8047378541243649375, 0.8047378541243649375, 1.000000000000000000 ) ) 
 REPRESENTATION_ITEM ( '' )  );
#6263 = LINE ( 'NONE', #1789, #2218 ) ;
#6264 = ADVANCED_FACE ( 'NONE', ( #5649 ), #1265, .F. ) ;
#6265 = FACE_OUTER_BOUND ( 'NONE', #1183, .T. ) ;
#6266 = EDGE_CURVE ( 'NONE', #2538, #6573, #6883, .T. ) ;
#6267 = DIRECTION ( 'NONE',  ( 0.000000000000000000, 0.7071067811865480168, 0.7071067811865470176 ) ) ;
#6268 = DIRECTION ( 'NONE',  ( 0.000000000000000000, 1.000000000000000000, 0.000000000000000000 ) ) ;
#6269 = ORIENTED_EDGE ( 'NONE', *, *, #1305, .F. ) ;
#6270 = COLOUR_RGB ( '',0.7529411764705882248, 0.7529411764705882248, 0.7529411764705882248 ) ;
#6271 = EDGE_CURVE ( 'NONE', #7081, #155, #5796, .T. ) ;
#6272 = COLOUR_RGB ( '',1.000000000000000000, 1.000000000000000000, 0.7529411764705882248 ) ;
#6273 = VECTOR ( 'NONE', #3163, 1000.000000000000000 ) ;
#6274 = ORIENTED_EDGE ( 'NONE', *, *, #6814, .F. ) ;
#6275 = ORIENTED_EDGE ( 'NONE', *, *, #5942, .T. ) ;
#6276 = SURFACE_STYLE_FILL_AREA ( #4085 ) ;
#6277 = EDGE_CURVE ( 'NONE', #6100, #6732, #3550, .T. ) ;
#6278 = VECTOR ( 'NONE', #5583, 1000.000000000000227 ) ;
#6279 = VECTOR ( 'NONE', #6268, 1000.000000000000000 ) ;
#6280 = UNCERTAINTY_MEASURE_WITH_UNIT (LENGTH_MEASURE( 1.000000000000000082E-05 ), #3930, 'distance_accuracy_value', 'NONE');
#6281 = FACE_OUTER_BOUND ( 'NONE', #3215, .T. ) ;
#6282 = LINE ( 'NONE', #1381, #2734 ) ;
#6283 = VECTOR ( 'NONE', #5723, 1000.000000000000000 ) ;
#6284 = SURFACE_STYLE_USAGE ( .BOTH. , #2527 ) ;
#6285 = COLOUR_RGB ( '',1.000000000000000000, 1.000000000000000000, 0.7529411764705882248 ) ;
#6286 = CARTESIAN_POINT ( 'NONE',  ( -4.250000000000000000, 1.399999999999999911, 0.5999999999999999778 ) ) ;
#6287 = MECHANICAL_DESIGN_GEOMETRIC_PRESENTATION_REPRESENTATION (  '', ( #5373 ), #2862 ) ;
#6288 = LINE ( 'NONE', #1383, #5841 ) ;
#6289 = FILL_AREA_STYLE_COLOUR ( '', #4147 ) ;
#6290 = ORIENTED_EDGE ( 'NONE', *, *, #732, .T. ) ;
#6291 = LINE ( 'NONE', #5756, #4072 ) ;
#6292 = UNCERTAINTY_MEASURE_WITH_UNIT (LENGTH_MEASURE( 1.000000000000000082E-05 ), #2821, 'distance_accuracy_value', 'NONE');
#6293 = FILL_AREA_STYLE_COLOUR ( '', #2042 ) ;
#6294 = COLOUR_RGB ( '',0.7529411764705882248, 0.7529411764705882248, 0.7529411764705882248 ) ;
#6295 = COLOUR_RGB ( '',0.7529411764705882248, 0.7529411764705882248, 0.7529411764705882248 ) ;
#6296 = VECTOR ( 'NONE', #4996, 1000.000000000000000 ) ;
#6297 = CARTESIAN_POINT ( 'NONE',  ( 1.409999999999999920, 5.599999999999999645, -0.2000000000000000111 ) ) ;
#6298 = DIRECTION ( 'NONE',  ( 0.7071067811865480168, 0.7071067811865470176, 0.000000000000000000 ) ) ;
#6299 =( NAMED_UNIT ( * ) PLANE_ANGLE_UNIT ( ) SI_UNIT ( $, .RADIAN. ) );
#6300 = ORIENTED_EDGE ( 'NONE', *, *, #5966, .F. ) ;
#6301 = EDGE_CURVE ( 'NONE', #5605, #5746, #4233, .T. ) ;
#6302 = DIRECTION ( 'NONE',  ( 0.000000000000000000, 1.000000000000000000, 0.000000000000000000 ) ) ;
#6303 = AXIS2_PLACEMENT_3D ( 'NONE', #6566, #4900, #3795 ) ;
#6304 = DIRECTION ( 'NONE',  ( -1.000000000000000000, 0.000000000000000000, 0.000000000000000000 ) ) ;
#6305 = DIRECTION ( 'NONE',  ( 0.000000000000000000, 0.000000000000000000, 1.000000000000000000 ) ) ;
#6306 = DIRECTION ( 'NONE',  ( 0.000000000000000000, 0.000000000000000000, 1.000000000000000000 ) ) ;
#6307 =( NAMED_UNIT ( * ) SI_UNIT ( $, .STERADIAN. ) SOLID_ANGLE_UNIT ( ) );
#6308 = DIRECTION ( 'NONE',  ( 0.000000000000000000, 1.000000000000000000, 0.000000000000000000 ) ) ;
#6309 = CARTESIAN_POINT ( 'NONE',  ( 0.1600000000000000033, 2.700000000000000178, 1.525000000000000133 ) ) ;
#6310 = VERTEX_POINT ( 'NONE', #3129 ) ;
#6311 =( NAMED_UNIT ( * ) SI_UNIT ( $, .STERADIAN. ) SOLID_ANGLE_UNIT ( ) );
#6312 = CARTESIAN_POINT ( 'NONE',  ( -1.090000000000000080, 5.400000000000000355, 7.589415207398530052E-16 ) ) ;
#6313 = CARTESIAN_POINT ( 'NONE',  ( 2.550000000000000266, 5.200000000000000178, -0.2000000000000000111 ) ) ;
#6314 = DIRECTION ( 'NONE',  ( -1.000000000000000000, 0.000000000000000000, 0.000000000000000000 ) ) ;
#6315 = EDGE_LOOP ( 'NONE', ( #2664, #5511, #3413, #6235, #1551, #1041 ) ) ;
#6316 = ORIENTED_EDGE ( 'NONE', *, *, #509, .T. ) ;
#6317 = ORIENTED_EDGE ( 'NONE', *, *, #4748, .F. ) ;
#6318 = CARTESIAN_POINT ( 'NONE',  ( -3.419999999999999929, 2.000000000000000000, 0.2500000000000000000 ) ) ;
#6319 = CARTESIAN_POINT ( 'NONE',  ( 0.5500000000000000444, 2.449999999999999734, 0.4000000000000000222 ) ) ;
#6320 = LINE ( 'NONE', #4735, #5790 ) ;
#6321 = DIRECTION ( 'NONE',  ( 0.000000000000000000, 0.000000000000000000, 1.000000000000000000 ) ) ;
#6322 = LINE ( 'NONE', #930, #5986 ) ;
#6323 = EDGE_LOOP ( 'NONE', ( #3520, #966, #6399, #1175 ) ) ;
#6324 = FILL_AREA_STYLE_COLOUR ( '', #2033 ) ;
#6325 = STYLED_ITEM ( 'NONE', ( #3917 ), #486 ) ;
#6326 = DIRECTION ( 'NONE',  ( 0.000000000000000000, -1.000000000000000000, 0.000000000000000000 ) ) ;
#6327 = FILL_AREA_STYLE ('',( #2498 ) ) ;
#6328 =( NAMED_UNIT ( * ) SI_UNIT ( $, .STERADIAN. ) SOLID_ANGLE_UNIT ( ) );
#6329 = SURFACE_SIDE_STYLE ('',( #4139 ) ) ;
#6330 = ORIENTED_EDGE ( 'NONE', *, *, #6444, .T. ) ;
#6331 =( NAMED_UNIT ( * ) PLANE_ANGLE_UNIT ( ) SI_UNIT ( $, .RADIAN. ) );
#6332 = ADVANCED_FACE ( 'NONE', ( #973 ), #5201, .F. ) ;
#6333 = LINE ( 'NONE', #6191, #2903 ) ;
#6334 = STYLED_ITEM ( 'NONE', ( #5198 ), #3252 ) ;
#6335 = AXIS2_PLACEMENT_3D ( 'NONE', #725, #2373, #2942 ) ;
#6336 =( NAMED_UNIT ( * ) SI_UNIT ( $, .STERADIAN. ) SOLID_ANGLE_UNIT ( ) );
#6337 = CARTESIAN_POINT ( 'NONE',  ( 2.449999999999999734, 1.000000000000000000, 3.200000000000000178 ) ) ;
#6338 = VECTOR ( 'NONE', #7040, 1000.000000000000000 ) ;
#6339 =( GEOMETRIC_REPRESENTATION_CONTEXT ( 3 ) GLOBAL_UNCERTAINTY_ASSIGNED_CONTEXT ( ( #3975 ) ) GLOBAL_UNIT_ASSIGNED_CONTEXT ( ( #5348, #1791, #6683 ) ) REPRESENTATION_CONTEXT ( 'NONE', 'WORKASPACE' ) );
#6340 = ORIENTED_EDGE ( 'NONE', *, *, #7086, .F. ) ;
#6341 = ORIENTED_EDGE ( 'NONE', *, *, #2421, .F. ) ;
#6342 = CARTESIAN_POINT ( 'NONE',  ( 2.750000000000000000, 1.000000000000000000, 3.200000000000000178 ) ) ;
#6343 = MECHANICAL_DESIGN_GEOMETRIC_PRESENTATION_REPRESENTATION (  '', ( #1647 ), #5668 ) ;
#6344 = VECTOR ( 'NONE', #4529, 1000.000000000000000 ) ;
#6345 = CARTESIAN_POINT ( 'NONE',  ( -2.149999999999999911, 1.199999999999999956, 1.125000000000000000 ) ) ;
#6346 = VERTEX_POINT ( 'NONE', #7018 ) ;
#6347 = VERTEX_POINT ( 'NONE', #1452 ) ;
#6348 = DIRECTION ( 'NONE',  ( 1.734723475976810053E-15, 1.000000000000000000, 1.709941712034280011E-15 ) ) ;
#6349 =( GEOMETRIC_REPRESENTATION_CONTEXT ( 3 ) GLOBAL_UNCERTAINTY_ASSIGNED_CONTEXT ( ( #6569 ) ) GLOBAL_UNIT_ASSIGNED_CONTEXT ( ( #938, #2536, #3632 ) ) REPRESENTATION_CONTEXT ( 'NONE', 'WORKASPACE' ) );
#6350 = UNCERTAINTY_MEASURE_WITH_UNIT (LENGTH_MEASURE( 1.000000000000000082E-05 ), #2504, 'distance_accuracy_value', 'NONE');
#6351 = DIRECTION ( 'NONE',  ( 0.000000000000000000, 0.000000000000000000, -1.000000000000000000 ) ) ;
#6352 = COLOUR_RGB ( '',0.7529411764705882248, 0.7529411764705882248, 0.7529411764705882248 ) ;
#6353 = SURFACE_STYLE_FILL_AREA ( #5167 ) ;
#6354 = EDGE_CURVE ( 'NONE', #2884, #628, #4091, .T. ) ;
#6355 = SURFACE_SIDE_STYLE ('',( #2563 ) ) ;
#6356 = EDGE_CURVE ( 'NONE', #1256, #6469, #6288, .T. ) ;
#6357 = DIRECTION ( 'NONE',  ( 0.7071067811865470176, -0.7071067811865480168, -2.555489027805619915E-15 ) ) ;
#6358 = ADVANCED_FACE ( 'NONE', ( #899 ), #4699, .T. ) ;
#6359 = LINE ( 'NONE', #1958, #2972 ) ;
#6360 = ORIENTED_EDGE ( 'NONE', *, *, #1804, .T. ) ;
#6361 = DIRECTION ( 'NONE',  ( 2.032879073410324758E-16, 0.000000000000000000, 1.000000000000000000 ) ) ;
#6362 = ORIENTED_EDGE ( 'NONE', *, *, #3206, .F. ) ;
#6363 = UNCERTAINTY_MEASURE_WITH_UNIT (LENGTH_MEASURE( 1.000000000000000082E-05 ), #4817, 'distance_accuracy_value', 'NONE');
#6364 = CARTESIAN_POINT ( 'NONE',  ( 2.550000000000000266, 2.000000000000000000, -4.701596255175999207E-15 ) ) ;
#6365 = SURFACE_STYLE_FILL_AREA ( #290 ) ;
#6366 = DIRECTION ( 'NONE',  ( 0.000000000000000000, 0.000000000000000000, 1.000000000000000000 ) ) ;
#6367 = DIRECTION ( 'NONE',  ( -1.000000000000000000, 0.000000000000000000, 0.000000000000000000 ) ) ;
#6368 = ORIENTED_EDGE ( 'NONE', *, *, #2701, .F. ) ;
#6369 =( LENGTH_UNIT ( ) NAMED_UNIT ( * ) SI_UNIT ( .MILLI., .METRE. ) );
#6370 = CARTESIAN_POINT ( 'NONE',  ( -1.090000000000000080, 6.200000000000000178, 0.2999999999999999889 ) ) ;
#6371 = CARTESIAN_POINT ( 'NONE',  ( -2.149999999999999911, 3.950000000000000178, 1.125000000000000000 ) ) ;
#6372 =( NAMED_UNIT ( * ) PLANE_ANGLE_UNIT ( ) SI_UNIT ( $, .RADIAN. ) );
#6373 = PRESENTATION_LAYER_ASSIGNMENT (  '', '', ( #2380 ) ) ;
#6374 = ADVANCED_FACE ( 'NONE', ( #2236 ), #2768, .T. ) ;
#6375 =( LENGTH_UNIT ( ) NAMED_UNIT ( * ) SI_UNIT ( .MILLI., .METRE. ) );
#6376 = ADVANCED_FACE ( 'NONE', ( #2806 ), #6575, .T. ) ;
#6377 = DIRECTION ( 'NONE',  ( -1.000000000000000000, 0.000000000000000000, 0.000000000000000000 ) ) ;
#6378 = SURFACE_STYLE_USAGE ( .BOTH. , #7029 ) ;
#6379 = PLANE ( 'NONE',  #4313 ) ;
#6380 = ORIENTED_EDGE ( 'NONE', *, *, #3273, .F. ) ;
#6381 = PRESENTATION_STYLE_ASSIGNMENT (( #2047 ) ) ;
#6382 = EDGE_CURVE ( 'NONE', #2730, #6986, #6005, .T. ) ;
#6383 = FILL_AREA_STYLE ('',( #845 ) ) ;
#6384 = ORIENTED_EDGE ( 'NONE', *, *, #7086, .T. ) ;
#6385 = ORIENTED_EDGE ( 'NONE', *, *, #3601, .T. ) ;
#6386 = EDGE_CURVE ( 'NONE', #380, #913, #5683, .T. ) ;
#6387 = MECHANICAL_DESIGN_GEOMETRIC_PRESENTATION_REPRESENTATION (  '', ( #4202 ), #417 ) ;
#6388 = VECTOR ( 'NONE', #5833, 1000.000000000000000 ) ;
#6389 = ORIENTED_EDGE ( 'NONE', *, *, #5710, .T. ) ;
#6390 = FILL_AREA_STYLE ('',( #6984 ) ) ;
#6391 = DIRECTION ( 'NONE',  ( 3.771137991253930052E-16, -1.000000000000000000, -3.419883424068560022E-16 ) ) ;
#6392 = DIRECTION ( 'NONE',  ( 0.000000000000000000, -0.7071067811865480168, 0.7071067811865470176 ) ) ;
#6393 = LINE ( 'NONE', #2639, #6954 ) ;
#6394 =( NAMED_UNIT ( * ) SI_UNIT ( $, .STERADIAN. ) SOLID_ANGLE_UNIT ( ) );
#6395 = MECHANICAL_DESIGN_GEOMETRIC_PRESENTATION_REPRESENTATION (  '', ( #5594 ), #3752 ) ;
#6396 = ORIENTED_EDGE ( 'NONE', *, *, #760, .F. ) ;
#6397 = SURFACE_SIDE_STYLE ('',( #4196 ) ) ;
#6398 = CARTESIAN_POINT ( 'NONE',  ( 1.800000000000000044, 2.600000000000000089, 3.200000000000000178 ) ) ;
#6399 = ORIENTED_EDGE ( 'NONE', *, *, #2858, .F. ) ;
#6400 = DIRECTION ( 'NONE',  ( 1.000000000000000000, 3.771137991253930052E-16, 0.000000000000000000 ) ) ;
#6401 =( GEOMETRIC_REPRESENTATION_CONTEXT ( 3 ) GLOBAL_UNCERTAINTY_ASSIGNED_CONTEXT ( ( #742 ) ) GLOBAL_UNIT_ASSIGNED_CONTEXT ( ( #5735, #5213, #1280 ) ) REPRESENTATION_CONTEXT ( 'NONE', 'WORKASPACE' ) );
#6402 =( NAMED_UNIT ( * ) PLANE_ANGLE_UNIT ( ) SI_UNIT ( $, .RADIAN. ) );
#6403 = EDGE_CURVE ( 'NONE', #4911, #235, #4518, .T. ) ;
#6404 = AXIS2_PLACEMENT_3D ( 'NONE', #2743, #39, #2244 ) ;
#6405 =( LENGTH_UNIT ( ) NAMED_UNIT ( * ) SI_UNIT ( .MILLI., .METRE. ) );
#6406 = LINE ( 'NONE', #5803, #395 ) ;
#6407 = CARTESIAN_POINT ( 'NONE',  ( 2.050000000000000266, 4.200000000000000178, -0.2000000000000000111 ) ) ;
#6408 = DIRECTION ( 'NONE',  ( -1.000000000000000000, 0.000000000000000000, 0.000000000000000000 ) ) ;
#6409 = CARTESIAN_POINT ( 'NONE',  ( -1.800000000000000044, 2.600000000000000089, 2.799999999999999822 ) ) ;
#6410 = COLOUR_RGB ( '',1.000000000000000000, 1.000000000000000000, 0.7529411764705882248 ) ;
#6411 = VECTOR ( 'NONE', #702, 1000.000000000000000 ) ;
#6412 = ADVANCED_FACE ( 'NONE', ( #4013 ), #2841, .F. ) ;
#6413 =( GEOMETRIC_REPRESENTATION_CONTEXT ( 3 ) GLOBAL_UNCERTAINTY_ASSIGNED_CONTEXT ( ( #6350 ) ) GLOBAL_UNIT_ASSIGNED_CONTEXT ( ( #2504, #6897, #7000 ) ) REPRESENTATION_CONTEXT ( 'NONE', 'WORKASPACE' ) );
#6414 = CARTESIAN_POINT ( 'NONE',  ( -0.5500000000000000444, 3.600000000000000089, 0.000000000000000000 ) ) ;
#6415 = SURFACE_SIDE_STYLE ('',( #836 ) ) ;
#6416 = SURFACE_STYLE_FILL_AREA ( #408 ) ;
#6417 = COLOUR_RGB ( '',0.7529411764705882248, 0.7529411764705882248, 0.7529411764705882248 ) ;
#6418 = ORIENTED_EDGE ( 'NONE', *, *, #1813, .T. ) ;
#6419 = PLANE ( 'NONE',  #953 ) ;
#6420 = DIRECTION ( 'NONE',  ( 0.000000000000000000, -1.000000000000000000, 0.000000000000000000 ) ) ;
#6421 = CARTESIAN_POINT ( 'NONE',  ( 2.149999999999999911, 2.200000000000000178, 2.799999999999999822 ) ) ;
#6422 = EDGE_CURVE ( 'NONE', #7047, #6256, #2316, .T. ) ;
#6423 = DIRECTION ( 'NONE',  ( 0.000000000000000000, 1.000000000000000000, 0.000000000000000000 ) ) ;
#6424 =( NAMED_UNIT ( * ) PLANE_ANGLE_UNIT ( ) SI_UNIT ( $, .RADIAN. ) );
#6425 = DIRECTION ( 'NONE',  ( 0.000000000000000000, 3.975407965780180295E-15, -1.000000000000000000 ) ) ;
#6426 = VERTEX_POINT ( 'NONE', #3908 ) ;
#6427 = ORIENTED_EDGE ( 'NONE', *, *, #3806, .F. ) ;
#6428 = ORIENTED_EDGE ( 'NONE', *, *, #1273, .T. ) ;
#6429 = DIRECTION ( 'NONE',  ( -1.000000000000000000, 0.000000000000000000, 0.000000000000000000 ) ) ;
#6430 = UNCERTAINTY_MEASURE_WITH_UNIT (LENGTH_MEASURE( 1.000000000000000082E-05 ), #6, 'distance_accuracy_value', 'NONE');
#6431 = LINE ( 'NONE', #6881, #6062 ) ;
#6432 = ORIENTED_EDGE ( 'NONE', *, *, #3274, .T. ) ;
#6433 = DIRECTION ( 'NONE',  ( 0.000000000000000000, -3.614007241618349954E-15, 1.000000000000000000 ) ) ;
#6434 = LINE ( 'NONE', #6398, #5640 ) ;
#6435 = DIRECTION ( 'NONE',  ( 1.000000000000000000, 0.000000000000000000, 0.000000000000000000 ) ) ;
#6436 = CYLINDRICAL_SURFACE ( 'NONE', #3353, 0.1999999999999999833 ) ;
#6437 = CARTESIAN_POINT ( 'NONE',  ( -1.090000000000000080, 2.399999999999999911, 0.7750000000000000222 ) ) ;
#6438 = DIRECTION ( 'NONE',  ( -1.000000000000000000, 0.000000000000000000, 0.000000000000000000 ) ) ;
#6439 = COLOUR_RGB ( '',1.000000000000000000, 1.000000000000000000, 0.7529411764705882248 ) ;
#6440 = CARTESIAN_POINT ( 'NONE',  ( 3.250000000000000000, 4.200000000000000178, 2.000000000000000000 ) ) ;
#6441 =( LENGTH_UNIT ( ) NAMED_UNIT ( * ) SI_UNIT ( .MILLI., .METRE. ) );
#6442 = FILL_AREA_STYLE ('',( #5399 ) ) ;
#6443 = ORIENTED_EDGE ( 'NONE', *, *, #1934, .T. ) ;
#6444 = EDGE_CURVE ( 'NONE', #6492, #7081, #6694, .T. ) ;
#6445 = STYLED_ITEM ( 'NONE', ( #4151 ), #985 ) ;
#6446 =( GEOMETRIC_REPRESENTATION_CONTEXT ( 3 ) GLOBAL_UNCERTAINTY_ASSIGNED_CONTEXT ( ( #2560 ) ) GLOBAL_UNIT_ASSIGNED_CONTEXT ( ( #4581, #1873, #3751 ) ) REPRESENTATION_CONTEXT ( 'NONE', 'WORKASPACE' ) );
#6447 = COLOUR_RGB ( '',1.000000000000000000, 1.000000000000000000, 0.7529411764705882248 ) ;
#6448 = LINE ( 'NONE', #4214, #4956 ) ;
#6449 = PRESENTATION_LAYER_ASSIGNMENT (  '', '', ( #1872 ) ) ;
#6450 = CARTESIAN_POINT ( 'NONE',  ( 1.090000000000000080, 3.950000000000000178, 1.125000000000000000 ) ) ;
#6451 = PLANE ( 'NONE',  #3085 ) ;
#6452 = COLOUR_RGB ( '',0.7529411764705882248, 0.7529411764705882248, 0.7529411764705882248 ) ;
#6453 = LINE ( 'NONE', #3212, #5883 ) ;
#6454 = ORIENTED_EDGE ( 'NONE', *, *, #4962, .T. ) ;
#6455 = ORIENTED_EDGE ( 'NONE', *, *, #5234, .T. ) ;
#6456 =( NAMED_UNIT ( * ) PLANE_ANGLE_UNIT ( ) SI_UNIT ( $, .RADIAN. ) );
#6457 =( GEOMETRIC_REPRESENTATION_CONTEXT ( 3 ) GLOBAL_UNCERTAINTY_ASSIGNED_CONTEXT ( ( #5641 ) ) GLOBAL_UNIT_ASSIGNED_CONTEXT ( ( #4354, #6593, #6551 ) ) REPRESENTATION_CONTEXT ( 'NONE', 'WORKASPACE' ) );
#6458 = VECTOR ( 'NONE', #3143, 1000.000000000000000 ) ;
#6459 = ORIENTED_EDGE ( 'NONE', *, *, #1503, .T. ) ;
#6460 = ORIENTED_EDGE ( 'NONE', *, *, #6403, .T. ) ;
#6461 = EDGE_CURVE ( 'NONE', #624, #3717, #6770, .T. ) ;
#6462 =( NAMED_UNIT ( * ) PLANE_ANGLE_UNIT ( ) SI_UNIT ( $, .RADIAN. ) );
#6463 = VECTOR ( 'NONE', #3555, 1000.000000000000000 ) ;
#6464 = CARTESIAN_POINT ( 'NONE',  ( 4.250000000000000000, 1.399999999999999911, 0.5999999999999999778 ) ) ;
#6465 = EDGE_CURVE ( 'NONE', #6256, #4293, #2385, .T. ) ;
#6466 = FILL_AREA_STYLE ('',( #3256 ) ) ;
#6467 = LINE ( 'NONE', #4298, #2802 ) ;
#6468 = PRESENTATION_STYLE_ASSIGNMENT (( #562 ) ) ;
#6469 = VERTEX_POINT ( 'NONE', #705 ) ;
#6470 = DIRECTION ( 'NONE',  ( 0.000000000000000000, -1.000000000000000000, -1.807003620809169702E-16 ) ) ;
#6471 = DIRECTION ( 'NONE',  ( -0.000000000000000000, 1.000000000000000000, 0.000000000000000000 ) ) ;
#6472 = SURFACE_SIDE_STYLE ('',( #4807 ) ) ;
#6473 = CARTESIAN_POINT ( 'NONE',  ( -1.090000000000000080, 3.950000000000000178, 0.7750000000000000222 ) ) ;
#6474 = SURFACE_STYLE_USAGE ( .BOTH. , #5938 ) ;
#6475 = COLOUR_RGB ( '',1.000000000000000000, 1.000000000000000000, 0.7529411764705882248 ) ;
#6476 = LINE ( 'NONE', #3167, #5086 ) ;
#6477 = DIRECTION ( 'NONE',  ( 1.000000000000000000, 0.000000000000000000, 0.000000000000000000 ) ) ;
#6478 = FILL_AREA_STYLE ('',( #541 ) ) ;
#6479 = PLANE ( 'NONE',  #3137 ) ;
#6480 = SURFACE_STYLE_FILL_AREA ( #4846 ) ;
#6481 = FILL_AREA_STYLE_COLOUR ( '', #3822 ) ;
#6482 = DIRECTION ( 'NONE',  ( -3.771137991253930052E-16, 1.000000000000000000, 0.000000000000000000 ) ) ;
#6483 = ORIENTED_EDGE ( 'NONE', *, *, #2355, .T. ) ;
#6484 = PLANE ( 'NONE',  #1429 ) ;
#6485 = LINE ( 'NONE', #5585, #3445 ) ;
#6486 = DIRECTION ( 'NONE',  ( -0.000000000000000000, 1.000000000000000000, 0.000000000000000000 ) ) ;
#6487 =( GEOMETRIC_REPRESENTATION_CONTEXT ( 3 ) GLOBAL_UNCERTAINTY_ASSIGNED_CONTEXT ( ( #3615 ) ) GLOBAL_UNIT_ASSIGNED_CONTEXT ( ( #1421, #3713, #6979 ) ) REPRESENTATION_CONTEXT ( 'NONE', 'WORKASPACE' ) );
#6488 = EDGE_CURVE ( 'NONE', #5784, #6041, #679, .T. ) ;
#6489 = LINE ( 'NONE', #2217, #6610 ) ;
#6490 = EDGE_CURVE ( 'NONE', #6792, #6188, #1186, .T. ) ;
#6491 = CARTESIAN_POINT ( 'NONE',  ( -1.090000000000000080, 1.699999999999999956, 1.324999999999999956 ) ) ;
#6492 = VERTEX_POINT ( 'NONE', #1837 ) ;
#6493 = STYLED_ITEM ( 'NONE', ( #3266 ), #1507 ) ;
#6494 = ORIENTED_EDGE ( 'NONE', *, *, #6602, .F. ) ;
#6495 = EDGE_LOOP ( 'NONE', ( #2124, #4093, #4292, #2235, #961, #6613 ) ) ;
#6496 = EDGE_CURVE ( 'NONE', #7081, #4794, #3363, .T. ) ;
#6497 = UNCERTAINTY_MEASURE_WITH_UNIT (LENGTH_MEASURE( 1.000000000000000082E-05 ), #4406, 'distance_accuracy_value', 'NONE');
#6498 = COLOUR_RGB ( '',1.000000000000000000, 1.000000000000000000, 0.7529411764705882248 ) ;
#6499 = FILL_AREA_STYLE_COLOUR ( '', #5030 ) ;
#6500 = SURFACE_STYLE_FILL_AREA ( #6466 ) ;
#6501 = EDGE_CURVE ( 'NONE', #1874, #960, #5481, .T. ) ;
#6502 = ORIENTED_EDGE ( 'NONE', *, *, #3868, .T. ) ;
#6503 = LINE ( 'NONE', #1660, #3077 ) ;
#6504 = EDGE_LOOP ( 'NONE', ( #3718, #654, #3491, #4038 ) ) ;
#6505 = VECTOR ( 'NONE', #2713, 1000.000000000000000 ) ;
#6506 = VECTOR ( 'NONE', #4200, 1000.000000000000000 ) ;
#6507 = EDGE_CURVE ( 'NONE', #928, #2228, #3754, .T. ) ;
#6508 = VECTOR ( 'NONE', #2230, 1000.000000000000000 ) ;
#6509 = DIRECTION ( 'NONE',  ( 1.000000000000000000, 0.000000000000000000, 0.000000000000000000 ) ) ;
#6510 = DIRECTION ( 'NONE',  ( 0.000000000000000000, -1.000000000000000000, -1.807003620809169702E-16 ) ) ;
#6511 = CARTESIAN_POINT ( 'NONE',  ( 2.050000000000000266, 2.000000000000000000, -0.2000000000000050071 ) ) ;
#6512 = FILL_AREA_STYLE_COLOUR ( '', #2332 ) ;
#6513 = DIRECTION ( 'NONE',  ( -1.000000000000000000, 0.000000000000000000, 0.000000000000000000 ) ) ;
#6514 = VECTOR ( 'NONE', #6367, 1000.000000000000000 ) ;
#6515 = DIRECTION ( 'NONE',  ( 1.000000000000000000, 0.000000000000000000, -1.020425574104000055E-15 ) ) ;
#6516 = COLOUR_RGB ( '',1.000000000000000000, 1.000000000000000000, 0.7529411764705882248 ) ;
#6517 = STYLED_ITEM ( 'NONE', ( #1632 ), #5392 ) ;
#6518 = PLANE ( 'NONE',  #3523 ) ;
#6519 = CARTESIAN_POINT ( 'NONE',  ( 2.050000000000000266, 5.200000000000000178, -0.2000000000000000111 ) ) ;
#6520 = SURFACE_STYLE_USAGE ( .BOTH. , #4311 ) ;
#6521 = ADVANCED_FACE ( 'NONE', ( #2264 ), #2189, .F. ) ;
#6522 = ORIENTED_EDGE ( 'NONE', *, *, #6156, .T. ) ;
#6523 = STYLED_ITEM ( 'NONE', ( #393 ), #6332 ) ;
#6524 = CARTESIAN_POINT ( 'NONE',  ( -4.250000000000000000, 1.399999999999999911, 0.5999999999999999778 ) ) ;
#6525 = VECTOR ( 'NONE', #4766, 1000.000000000000000 ) ;
#6526 = COLOUR_RGB ( '',1.000000000000000000, 1.000000000000000000, 0.7529411764705882248 ) ;
#6527 = PRESENTATION_LAYER_ASSIGNMENT (  '', '', ( #1598 ) ) ;
#6528 =( GEOMETRIC_REPRESENTATION_CONTEXT ( 3 ) GLOBAL_UNCERTAINTY_ASSIGNED_CONTEXT ( ( #5925 ) ) GLOBAL_UNIT_ASSIGNED_CONTEXT ( ( #4228, #6462, #1509 ) ) REPRESENTATION_CONTEXT ( 'NONE', 'WORKASPACE' ) );
#6529 = LINE ( 'NONE', #3791, #3691 ) ;
#6530 = CARTESIAN_POINT ( 'NONE',  ( -4.250000000000000000, 4.200000000000000178, -0.2000000000000000111 ) ) ;
#6531 = EDGE_LOOP ( 'NONE', ( #1947, #13, #1726, #2918 ) ) ;
#6532 = ORIENTED_EDGE ( 'NONE', *, *, #422, .F. ) ;
#6533 = FACE_OUTER_BOUND ( 'NONE', #227, .T. ) ;
#6534 = AXIS2_PLACEMENT_3D ( 'NONE', #6342, #842, #3606 ) ;
#6535 = ORIENTED_EDGE ( 'NONE', *, *, #1579, .T. ) ;
#6536 = CARTESIAN_POINT ( 'NONE',  ( 2.550000000000000266, 4.200000000000000178, -0.2000000000000000111 ) ) ;
#6537 = FILL_AREA_STYLE ('',( #490 ) ) ;
#6538 = VERTEX_POINT ( 'NONE', #3213 ) ;
#6539 = FILL_AREA_STYLE ('',( #1695 ) ) ;
#6540 = ORIENTED_EDGE ( 'NONE', *, *, #3910, .T. ) ;
#6541 = DIRECTION ( 'NONE',  ( -0.7071067811865461294, 0.000000000000000000, 0.7071067811865490160 ) ) ;
#6542 = CARTESIAN_POINT ( 'NONE',  ( -0.1499999999999999944, 2.449999999999999734, 0.4000000000000000222 ) ) ;
#6543 =( NAMED_UNIT ( * ) SI_UNIT ( $, .STERADIAN. ) SOLID_ANGLE_UNIT ( ) );
#6544 = DIRECTION ( 'NONE',  ( -1.000000000000000000, 0.000000000000000000, 0.000000000000000000 ) ) ;
#6545 = DIRECTION ( 'NONE',  ( 1.000000000000000000, 8.673617379884029556E-16, 0.000000000000000000 ) ) ;
#6546 = SURFACE_STYLE_FILL_AREA ( #498 ) ;
#6547 = SURFACE_SIDE_STYLE ('',( #3329 ) ) ;
#6548 = CARTESIAN_POINT ( 'NONE',  ( -1.409999999999999920, 3.950000000000000178, 1.525000000000000133 ) ) ;
#6549 = FILL_AREA_STYLE_COLOUR ( '', #2834 ) ;
#6550 = CARTESIAN_POINT ( 'NONE',  ( 2.750000000000000000, 1.399999999999999911, 2.500000000000000000 ) ) ;
#6551 =( NAMED_UNIT ( * ) SI_UNIT ( $, .STERADIAN. ) SOLID_ANGLE_UNIT ( ) );
#6552 = CARTESIAN_POINT ( 'NONE',  ( 2.750000000000000000, 5.200000000000000178, 3.200000000000000178 ) ) ;
#6553 = FACE_OUTER_BOUND ( 'NONE', #5815, .T. ) ;
#6554 = FACE_OUTER_BOUND ( 'NONE', #3959, .T. ) ;
#6555 = EDGE_LOOP ( 'NONE', ( #1413, #1067, #5920, #6460 ) ) ;
#6556 = EDGE_CURVE ( 'NONE', #1205, #1865, #2698, .T. ) ;
#6557 = AXIS2_PLACEMENT_3D ( 'NONE', #3887, #4841, #5542 ) ;
#6558 = SURFACE_STYLE_USAGE ( .BOTH. , #3306 ) ;
#6559 = CARTESIAN_POINT ( 'NONE',  ( 0.000000000000000000, 1.388725686697909881E-29, -0.2000000000000080047 ) ) ;
#6560 =( NAMED_UNIT ( * ) PLANE_ANGLE_UNIT ( ) SI_UNIT ( $, .RADIAN. ) );
#6561 = VECTOR ( 'NONE', #1116, 1000.000000000000000 ) ;
#6562 = CARTESIAN_POINT ( 'NONE',  ( -2.250000000000000000, 3.950000000000000178, 1.224999999999999867 ) ) ;
#6563 = VERTEX_POINT ( 'NONE', #4399 ) ;
#6564 = PRESENTATION_LAYER_ASSIGNMENT (  '', '', ( #2559 ) ) ;
#6565 = ORIENTED_EDGE ( 'NONE', *, *, #2685, .T. ) ;
#6566 = CARTESIAN_POINT ( 'NONE',  ( -3.419999999999999929, 2.000000000000000000, 0.2500000000000000000 ) ) ;
#6567 = ORIENTED_EDGE ( 'NONE', *, *, #5020, .F. ) ;
#6568 = COLOUR_RGB ( '',1.000000000000000000, 1.000000000000000000, 0.7529411764705882248 ) ;
#6569 = UNCERTAINTY_MEASURE_WITH_UNIT (LENGTH_MEASURE( 1.000000000000000082E-05 ), #938, 'distance_accuracy_value', 'NONE');
#6570 =( NAMED_UNIT ( * ) PLANE_ANGLE_UNIT ( ) SI_UNIT ( $, .RADIAN. ) );
#6571 =( GEOMETRIC_REPRESENTATION_CONTEXT ( 3 ) GLOBAL_UNCERTAINTY_ASSIGNED_CONTEXT ( ( #3763 ) ) GLOBAL_UNIT_ASSIGNED_CONTEXT ( ( #5378, #3715, #5819 ) ) REPRESENTATION_CONTEXT ( 'NONE', 'WORKASPACE' ) );
#6572 = AXIS2_PLACEMENT_3D ( 'NONE', #1852, #1353, #4099 ) ;
#6573 = VERTEX_POINT ( 'NONE', #4362 ) ;
#6574 = ORIENTED_EDGE ( 'NONE', *, *, #728, .T. ) ;
#6575 = PLANE ( 'NONE',  #6769 ) ;
#6576 = PRODUCT_DEFINITION_CONTEXT ( 'detailed design', #2881, 'design' ) ;
#6577 = MECHANICAL_DESIGN_GEOMETRIC_PRESENTATION_REPRESENTATION (  '', ( #3347 ), #829 ) ;
#6578 = PRESENTATION_LAYER_ASSIGNMENT (  '', '', ( #5669 ) ) ;
#6579 = EDGE_CURVE ( 'NONE', #6347, #174, #3653, .T. ) ;
#6580 = VECTOR ( 'NONE', #6510, 1000.000000000000000 ) ;
#6581 = EDGE_CURVE ( 'NONE', #5293, #4477, #1066, .T. ) ;
#6582 = EDGE_CURVE ( 'NONE', #621, #11, #3873, .T. ) ;
#6583 = DIRECTION ( 'NONE',  ( 0.000000000000000000, 1.000000000000000000, 0.000000000000000000 ) ) ;
#6584 =( NAMED_UNIT ( * ) PLANE_ANGLE_UNIT ( ) SI_UNIT ( $, .RADIAN. ) );
#6585 = SURFACE_STYLE_FILL_AREA ( #2577 ) ;
#6586 = FILL_AREA_STYLE ('',( #2201 ) ) ;
#6587 = CARTESIAN_POINT ( 'NONE',  ( -3.419999999999999929, 4.200000000000000178, 0.05000000000000090483 ) ) ;
#6588 = VERTEX_POINT ( 'NONE', #6530 ) ;
#6589 = VECTOR ( 'NONE', #2976, 1000.000000000000000 ) ;
#6590 = UNCERTAINTY_MEASURE_WITH_UNIT (LENGTH_MEASURE( 1.000000000000000082E-05 ), #3310, 'distance_accuracy_value', 'NONE');
#6591 = CARTESIAN_POINT ( 'NONE',  ( -2.050000000000000266, 1.000000000000000000, -0.2000000000000060063 ) ) ;
#6592 =( LENGTH_UNIT ( ) NAMED_UNIT ( * ) SI_UNIT ( .MILLI., .METRE. ) );
#6593 =( NAMED_UNIT ( * ) PLANE_ANGLE_UNIT ( ) SI_UNIT ( $, .RADIAN. ) );
#6594 = FILL_AREA_STYLE ('',( #1604 ) ) ;
#6595 = SURFACE_SIDE_STYLE ('',( #4391 ) ) ;
#6596 = ORIENTED_EDGE ( 'NONE', *, *, #508, .F. ) ;
#6597 = ADVANCED_FACE ( 'NONE', ( #6026 ), #6023, .T. ) ;
#6598 = CARTESIAN_POINT ( 'NONE',  ( 2.050000000000000266, 1.000000000000000000, -8.673617379884039416E-16 ) ) ;
#6599 = CARTESIAN_POINT ( 'NONE',  ( -0.1600000000000000033, 0.000000000000000000, 0.000000000000000000 ) ) ;
#6600 = SURFACE_STYLE_FILL_AREA ( #5008 ) ;
#6601 = VECTOR ( 'NONE', #4235, 1000.000000000000000 ) ;
#6602 = EDGE_CURVE ( 'NONE', #2567, #6346, #511, .T. ) ;
#6603 = FACE_OUTER_BOUND ( 'NONE', #7112, .T. ) ;
#6604 = FILL_AREA_STYLE ('',( #7106 ) ) ;
#6605 = DIRECTION ( 'NONE',  ( 0.000000000000000000, 1.000000000000000000, 0.000000000000000000 ) ) ;
#6606 = ORIENTED_EDGE ( 'NONE', *, *, #2986, .T. ) ;
#6607 = EDGE_LOOP ( 'NONE', ( #3053, #3253, #5144, #507 ) ) ;
#6608 = ORIENTED_EDGE ( 'NONE', *, *, #6422, .F. ) ;
#6609 = CARTESIAN_POINT ( 'NONE',  ( -1.090000000000000080, 6.200000000000000178, 7.318364664277149999E-16 ) ) ;
#6610 = VECTOR ( 'NONE', #4396, 1000.000000000000000 ) ;
#6611 = CARTESIAN_POINT ( 'NONE',  ( 4.049999999999999822, 1.399999999999999911, 2.000000000000000000 ) ) ;
#6612 = EDGE_CURVE ( 'NONE', #1437, #1256, #2186, .T. ) ;
#6613 = ORIENTED_EDGE ( 'NONE', *, *, #3217, .F. ) ;
#6614 = DIRECTION ( 'NONE',  ( -1.020425574104000055E-15, 2.551063935260009998E-16, -1.000000000000000000 ) ) ;
#6615 = ORIENTED_EDGE ( 'NONE', *, *, #1188, .F. ) ;
#6616 =( NAMED_UNIT ( * ) PLANE_ANGLE_UNIT ( ) SI_UNIT ( $, .RADIAN. ) );
#6617 = LINE ( 'NONE', #4874, #4372 ) ;
#6618 = PRESENTATION_LAYER_ASSIGNMENT (  '', '', ( #2266 ) ) ;
#6619 = SURFACE_STYLE_USAGE ( .BOTH. , #3630 ) ;
#6620 =( NAMED_UNIT ( * ) SI_UNIT ( $, .STERADIAN. ) SOLID_ANGLE_UNIT ( ) );
#6621 = DIRECTION ( 'NONE',  ( -0.9660120648150551936, 0.000000000000000000, 0.2584969837962400874 ) ) ;
#6622 = AXIS2_PLACEMENT_3D ( 'NONE', #3376, #2866, #720 ) ;
#6623 = LINE ( 'NONE', #1703, #318 ) ;
#6624 = AXIS2_PLACEMENT_3D ( 'NONE', #6259, #5737, #6305 ) ;
#6625 = FILL_AREA_STYLE ('',( #6040 ) ) ;
#6626 = CARTESIAN_POINT ( 'NONE',  ( 1.090000000000000080, 5.400000000000000355, 7.589415207398530052E-16 ) ) ;
#6627 = ORIENTED_EDGE ( 'NONE', *, *, #5079, .F. ) ;
#6628 = DIRECTION ( 'NONE',  ( -1.000000000000000000, 0.000000000000000000, 0.000000000000000000 ) ) ;
#6629 = CARTESIAN_POINT ( 'NONE',  ( -2.750000000000000000, 2.000000000000000000, 2.799999999999999822 ) ) ;
#6630 = FILL_AREA_STYLE_COLOUR ( '', #4837 ) ;
#6631 = DIRECTION ( 'NONE',  ( 0.000000000000000000, -2.551063935260009998E-16, 1.000000000000000000 ) ) ;
#6632 = AXIS2_PLACEMENT_3D ( 'NONE', #3960, #6820, #6302 ) ;
#6633 = FILL_AREA_STYLE ('',( #3823 ) ) ;
#6634 = FILL_AREA_STYLE ('',( #52 ) ) ;
#6635 = EDGE_LOOP ( 'NONE', ( #2733, #6427, #1124, #4432 ) ) ;
#6636 = SURFACE_STYLE_FILL_AREA ( #4963 ) ;
#6637 = EDGE_CURVE ( 'NONE', #4582, #2759, #6978, .T. ) ;
#6638 = EDGE_LOOP ( 'NONE', ( #6214, #4401, #3250, #590 ) ) ;
#6639 = AXIS2_PLACEMENT_3D ( 'NONE', #3724, #4907, #3766 ) ;
#6640 = ORIENTED_EDGE ( 'NONE', *, *, #730, .T. ) ;
#6641 = DIRECTION ( 'NONE',  ( 0.000000000000000000, 0.000000000000000000, 1.000000000000000000 ) ) ;
#6642 = EDGE_LOOP ( 'NONE', ( #1640, #1259, #4690, #632 ) ) ;
#6643 = LINE ( 'NONE', #3247, #1063 ) ;
#6644 = MECHANICAL_DESIGN_GEOMETRIC_PRESENTATION_REPRESENTATION (  '', ( #6867 ), #5677 ) ;
#6645 = VECTOR ( 'NONE', #5224, 1000.000000000000000 ) ;
#6646 = STYLED_ITEM ( 'NONE', ( #1843 ), #5409 ) ;
#6647 = PRESENTATION_LAYER_ASSIGNMENT (  '', '', ( #3762 ) ) ;
#6648 = EDGE_LOOP ( 'NONE', ( #1333, #1208, #2708, #5420 ) ) ;
#6649 = ADVANCED_FACE ( 'NONE', ( #5917 ), #6451, .T. ) ;
#6650 = EDGE_LOOP ( 'NONE', ( #774, #3772, #1814, #5350, #5082, #2878 ) ) ;
#6651 = ORIENTED_EDGE ( 'NONE', *, *, #2259, .F. ) ;
#6652 = STYLED_ITEM ( 'NONE', ( #2923 ), #6412 ) ;
#6653 = VECTOR ( 'NONE', #6203, 1000.000000000000000 ) ;
#6654 = VECTOR ( 'NONE', #1810, 1000.000000000000114 ) ;
#6655 = UNCERTAINTY_MEASURE_WITH_UNIT (LENGTH_MEASURE( 1.000000000000000082E-05 ), #445, 'distance_accuracy_value', 'NONE');
#6656 = ORIENTED_EDGE ( 'NONE', *, *, #7023, .T. ) ;
#6657 = VECTOR ( 'NONE', #3902, 1000.000000000000000 ) ;
#6658 = DIRECTION ( 'NONE',  ( 0.000000000000000000, 0.000000000000000000, -1.000000000000000000 ) ) ;
#6659 = ADVANCED_FACE ( 'NONE', ( #5445 ), #4892, .F. ) ;
#6660 = ORIENTED_EDGE ( 'NONE', *, *, #3084, .T. ) ;
#6661 = FILL_AREA_STYLE ('',( #5132 ) ) ;
#6662 = FACE_OUTER_BOUND ( 'NONE', #6200, .T. ) ;
#6663 = LINE ( 'NONE', #215, #1990 ) ;
#6664 = LINE ( 'NONE', #5976, #956 ) ;
#6665 = PLANE ( 'NONE',  #430 ) ;
#6666 = CARTESIAN_POINT ( 'NONE',  ( -2.550000000000000266, 1.000000000000000000, -0.2000000000000060063 ) ) ;
#6667 = ORIENTED_EDGE ( 'NONE', *, *, #19, .T. ) ;
#6668 = SURFACE_SIDE_STYLE ('',( #2856 ) ) ;
#6669 = UNCERTAINTY_MEASURE_WITH_UNIT (LENGTH_MEASURE( 1.000000000000000082E-05 ), #987, 'distance_accuracy_value', 'NONE');
#6670 =( LENGTH_UNIT ( ) NAMED_UNIT ( * ) SI_UNIT ( .MILLI., .METRE. ) );
#6671 = FILL_AREA_STYLE ('',( #3336 ) ) ;
#6672 = CYLINDRICAL_SURFACE ( 'NONE', #6009, 0.1000000000000000472 ) ;
#6673 = SURFACE_STYLE_USAGE ( .BOTH. , #4467 ) ;
#6674 = ORIENTED_EDGE ( 'NONE', *, *, #3488, .T. ) ;
#6675 = CARTESIAN_POINT ( 'NONE',  ( -0.1600000000000000033, 5.400000000000000355, 7.771561172376099727E-16 ) ) ;
#6676 = FILL_AREA_STYLE ('',( #3928 ) ) ;
#6677 = ORIENTED_EDGE ( 'NONE', *, *, #1321, .F. ) ;
#6678 = DIRECTION ( 'NONE',  ( 1.000000000000000000, 0.000000000000000000, 0.000000000000000000 ) ) ;
#6679 =( LENGTH_UNIT ( ) NAMED_UNIT ( * ) SI_UNIT ( .MILLI., .METRE. ) );
#6680 = EDGE_CURVE ( 'NONE', #2083, #3840, #5955, .T. ) ;
#6681 = PLANE ( 'NONE',  #3941 ) ;
#6682 = ADVANCED_FACE ( 'NONE', ( #4359 ), #2302, .T. ) ;
#6683 =( NAMED_UNIT ( * ) SI_UNIT ( $, .STERADIAN. ) SOLID_ANGLE_UNIT ( ) );
#6684 = ORIENTED_EDGE ( 'NONE', *, *, #4081, .F. ) ;
#6685 = EDGE_LOOP ( 'NONE', ( #6835, #6239, #988, #2831 ) ) ;
#6686 = CARTESIAN_POINT ( 'NONE',  ( 1.120637947783920023E-29, 1.399999999999999911, 2.067212142205700064E-14 ) ) ;
#6687 = PRESENTATION_LAYER_ASSIGNMENT (  '', '', ( #6325 ) ) ;
#6688 = STYLED_ITEM ( 'NONE', ( #1239 ), #1178 ) ;
#6689 = CARTESIAN_POINT ( 'NONE',  ( -2.250000000000000000, 3.950000000000000178, 1.975000000000000089 ) ) ;
#6690 = ORIENTED_EDGE ( 'NONE', *, *, #5297, .T. ) ;
#6691 = LINE ( 'NONE', #3394, #2640 ) ;
#6692 = EDGE_LOOP ( 'NONE', ( #3801, #6130, #1685, #6090 ) ) ;
#6693 = PRESENTATION_LAYER_ASSIGNMENT (  '', '', ( #3919 ) ) ;
#6694 = LINE ( 'NONE', #3943, #3076 ) ;
#6695 = VECTOR ( 'NONE', #5750, 1000.000000000000000 ) ;
#6696 = FILL_AREA_STYLE ('',( #4486 ) ) ;
#6697 = AXIS2_PLACEMENT_3D ( 'NONE', #6929, #867, #4810 ) ;
#6698 = EDGE_CURVE ( 'NONE', #3900, #2997, #1751, .T. ) ;
#6699 = STYLED_ITEM ( 'NONE', ( #407 ), #2758 ) ;
#6700 = VECTOR ( 'NONE', #421, 1000.000000000000000 ) ;
#6701 = CARTESIAN_POINT ( 'NONE',  ( 0.1600000000000000033, 5.400000000000000355, 0.5999999999999999778 ) ) ;
#6702 = FILL_AREA_STYLE ('',( #680 ) ) ;
#6703 = CARTESIAN_POINT ( 'NONE',  ( -0.1600000000000000033, 5.100000000000000533, 0.5999999999999999778 ) ) ;
#6704 = FACE_OUTER_BOUND ( 'NONE', #3350, .T. ) ;
#6705 = ADVANCED_FACE ( 'NONE', ( #2335 ), #6719, .F. ) ;
#6706 = ORIENTED_EDGE ( 'NONE', *, *, #1331, .T. ) ;
#6707 = FACE_OUTER_BOUND ( 'NONE', #6184, .T. ) ;
#6708 = VECTOR ( 'NONE', #1129, 1000.000000000000000 ) ;
#6709 = VECTOR ( 'NONE', #2110, 1000.000000000000000 ) ;
#6710 = PRESENTATION_STYLE_ASSIGNMENT (( #4498 ) ) ;
#6711 = SURFACE_STYLE_FILL_AREA ( #1201 ) ;
#6712 = FACE_OUTER_BOUND ( 'NONE', #4755, .T. ) ;
#6713 = DIRECTION ( 'NONE',  ( 0.000000000000000000, 0.000000000000000000, -1.000000000000000000 ) ) ;
#6714 = DIRECTION ( 'NONE',  ( 1.483138015208920067E-30, 1.709941712034280011E-15, -1.000000000000000000 ) ) ;
#6715 = ORIENTED_EDGE ( 'NONE', *, *, #6354, .T. ) ;
#6716 = EDGE_CURVE ( 'NONE', #4698, #624, #623, .T. ) ;
#6717 = CARTESIAN_POINT ( 'NONE',  ( -2.149999999999999911, 3.950000000000000178, 1.125000000000000000 ) ) ;
#6718 = ORIENTED_EDGE ( 'NONE', *, *, #6186, .F. ) ;
#6719 = PLANE ( 'NONE',  #446 ) ;
#6720 = DIRECTION ( 'NONE',  ( -6.776263578034390387E-17, 0.000000000000000000, -1.000000000000000000 ) ) ;
#6721 = STYLED_ITEM ( 'NONE', ( #5078 ), #4273 ) ;
#6722 = DIRECTION ( 'NONE',  ( -0.7071067811865480168, 0.000000000000000000, -0.7071067811865470176 ) ) ;
#6723 = FILL_AREA_STYLE ('',( #5182 ) ) ;
#6724 = PRESENTATION_STYLE_ASSIGNMENT (( #2668 ) ) ;
#6725 = ORIENTED_EDGE ( 'NONE', *, *, #6809, .F. ) ;
#6726 = EDGE_LOOP ( 'NONE', ( #4131, #5174, #2343, #857 ) ) ;
#6727 = LINE ( 'NONE', #3352, #4462 ) ;
#6728 = PRESENTATION_LAYER_ASSIGNMENT (  '', '', ( #4290 ) ) ;
#6729 = EDGE_CURVE ( 'NONE', #2582, #6959, #4964, .T. ) ;
#6730 = EDGE_CURVE ( 'NONE', #6796, #3717, #2257, .T. ) ;
#6731 = UNCERTAINTY_MEASURE_WITH_UNIT (LENGTH_MEASURE( 1.000000000000000082E-05 ), #2506, 'distance_accuracy_value', 'NONE');
#6732 = VERTEX_POINT ( 'NONE', #3929 ) ;
#6733 = CARTESIAN_POINT ( 'NONE',  ( -1.090000000000000080, 6.200000000000000178, 7.216449660063520471E-16 ) ) ;
#6734 = DIRECTION ( 'NONE',  ( -1.000000000000000000, 0.000000000000000000, 0.000000000000000000 ) ) ;
#6735 = FACE_OUTER_BOUND ( 'NONE', #647, .T. ) ;
#6736 = ADVANCED_FACE ( 'NONE', ( #6124 ), #6192, .F. ) ;
#6737 = STYLED_ITEM ( 'NONE', ( #6945 ), #1623 ) ;
#6738 = EDGE_CURVE ( 'NONE', #2997, #6732, #6226, .T. ) ;
#6739 = DIRECTION ( 'NONE',  ( 0.000000000000000000, 0.000000000000000000, -1.000000000000000000 ) ) ;
#6740 =( NAMED_UNIT ( * ) SI_UNIT ( $, .STERADIAN. ) SOLID_ANGLE_UNIT ( ) );
#6741 = SURFACE_SIDE_STYLE ('',( #252 ) ) ;
#6742 = EDGE_CURVE ( 'NONE', #23, #2159, #5263, .T. ) ;
#6743 = ORIENTED_EDGE ( 'NONE', *, *, #7034, .T. ) ;
#6744 = CARTESIAN_POINT ( 'NONE',  ( -4.450000000000000178, 2.200000000000000178, -0.2000000000000000111 ) ) ;
#6745 = UNCERTAINTY_MEASURE_WITH_UNIT (LENGTH_MEASURE( 1.000000000000000082E-05 ), #184, 'distance_accuracy_value', 'NONE');
#6746 = DIRECTION ( 'NONE',  ( 0.000000000000000000, 1.807003620809169702E-16, -1.000000000000000000 ) ) ;
#6747 = CARTESIAN_POINT ( 'NONE',  ( -1.409999999999999920, 5.899999999999999467, 0.2999999999999999889 ) ) ;
#6748 = STYLED_ITEM ( 'NONE', ( #1131 ), #5181 ) ;
#6749 =( NAMED_UNIT ( * ) SI_UNIT ( $, .STERADIAN. ) SOLID_ANGLE_UNIT ( ) );
#6750 =( NAMED_UNIT ( * ) SI_UNIT ( $, .STERADIAN. ) SOLID_ANGLE_UNIT ( ) );
#6751 = VECTOR ( 'NONE', #404, 1000.000000000000000 ) ;
#6752 = LINE ( 'NONE', #4634, #6819 ) ;
#6753 = LINE ( 'NONE', #2938, #637 ) ;
#6754 = VERTEX_POINT ( 'NONE', #6896 ) ;
#6755 = ORIENTED_EDGE ( 'NONE', *, *, #4811, .T. ) ;
#6756 = COLOUR_RGB ( '',1.000000000000000000, 1.000000000000000000, 0.7529411764705882248 ) ;
#6757 = CARTESIAN_POINT ( 'NONE',  ( 1.090000000000000080, 5.899999999999999467, 0.2999999999999999889 ) ) ;
#6758 = DIRECTION ( 'NONE',  ( 8.459549885149639808E-16, 0.7071067811865480168, -0.7071067811865470176 ) ) ;
#6759 = DIRECTION ( 'NONE',  ( 0.000000000000000000, 0.000000000000000000, 1.000000000000000000 ) ) ;
#6760 = ORIENTED_EDGE ( 'NONE', *, *, #2551, .T. ) ;
#6761 = STYLED_ITEM ( 'NONE', ( #7080 ), #4868 ) ;
#6762 = SURFACE_STYLE_USAGE ( .BOTH. , #6828 ) ;
#6763 = FILL_AREA_STYLE_COLOUR ( '', #6417 ) ;
#6764 = MECHANICAL_DESIGN_GEOMETRIC_PRESENTATION_REPRESENTATION (  '', ( #1003 ), #5137 ) ;
#6765 = STYLED_ITEM ( 'NONE', ( #4459 ), #5431 ) ;
#6766 = DIRECTION ( 'NONE',  ( 0.000000000000000000, 0.9778024140774096429, -0.2095290887308729200 ) ) ;
#6767 = ORIENTED_EDGE ( 'NONE', *, *, #5403, .F. ) ;
#6768 = VERTEX_POINT ( 'NONE', #3596 ) ;
#6769 = AXIS2_PLACEMENT_3D ( 'NONE', #4339, #6541, #3804 ) ;
#6770 = LINE ( 'NONE', #5025, #545 ) ;
#6771 = AXIS2_PLACEMENT_3D ( 'NONE', #2093, #4802, #32 ) ;
#6772 =( GEOMETRIC_REPRESENTATION_CONTEXT ( 3 ) GLOBAL_UNCERTAINTY_ASSIGNED_CONTEXT ( ( #965 ) ) GLOBAL_UNIT_ASSIGNED_CONTEXT ( ( #405, #6372, #945 ) ) REPRESENTATION_CONTEXT ( 'NONE', 'WORKASPACE' ) );
#6773 = VECTOR ( 'NONE', #2729, 1000.000000000000000 ) ;
#6774 = COLOUR_RGB ( '',1.000000000000000000, 1.000000000000000000, 0.7529411764705882248 ) ;
#6775 = LINE ( 'NONE', #1881, #5877 ) ;
#6776 = CARTESIAN_POINT ( 'NONE',  ( -1.090000000000000080, 5.899999999999999467, 0.2999999999999999889 ) ) ;
#6777 = SURFACE_STYLE_FILL_AREA ( #4493 ) ;
#6778 = EDGE_LOOP ( 'NONE', ( #240, #3020, #6606, #3182, #2351, #2703, #3393, #1453, #525, #3673 ) ) ;
#6779 = SURFACE_STYLE_FILL_AREA ( #3512 ) ;
#6780 = CARTESIAN_POINT ( 'NONE',  ( 0.1600000000000000033, 6.200000000000000178, 0.2999999999999999889 ) ) ;
#6781 = CARTESIAN_POINT ( 'NONE',  ( -4.935000000000000497, 3.514999999999999680, -0.2000000000000000111 ) ) ;
#6782 =( NAMED_UNIT ( * ) SI_UNIT ( $, .STERADIAN. ) SOLID_ANGLE_UNIT ( ) );
#6783 = ORIENTED_EDGE ( 'NONE', *, *, #208, .F. ) ;
#6784 =( NAMED_UNIT ( * ) PLANE_ANGLE_UNIT ( ) SI_UNIT ( $, .RADIAN. ) );
#6785 = CARTESIAN_POINT ( 'NONE',  ( -4.049999999999999822, 4.200000000000000178, 2.000000000000000000 ) ) ;
#6786 = PRESENTATION_STYLE_ASSIGNMENT (( #5045 ) ) ;
#6787 = SURFACE_STYLE_FILL_AREA ( #6229 ) ;
#6788 = EDGE_CURVE ( 'NONE', #2700, #1098, #3561, .T. ) ;
#6789 =( LENGTH_UNIT ( ) NAMED_UNIT ( * ) SI_UNIT ( .MILLI., .METRE. ) );
#6790 = SURFACE_STYLE_FILL_AREA ( #3529 ) ;
#6791 = SURFACE_STYLE_FILL_AREA ( #5673 ) ;
#6792 = VERTEX_POINT ( 'NONE', #2403 ) ;
#6793 = ORIENTED_EDGE ( 'NONE', *, *, #129, .T. ) ;
#6794 = DIRECTION ( 'NONE',  ( -1.000000000000000000, 0.000000000000000000, 0.000000000000000000 ) ) ;
#6795 = ORIENTED_EDGE ( 'NONE', *, *, #1196, .F. ) ;
#6796 = VERTEX_POINT ( 'NONE', #5115 ) ;
#6797 =( NAMED_UNIT ( * ) SI_UNIT ( $, .STERADIAN. ) SOLID_ANGLE_UNIT ( ) );
#6798 = STYLED_ITEM ( 'NONE', ( #4805 ), #812 ) ;
#6799 = ORIENTED_EDGE ( 'NONE', *, *, #5393, .T. ) ;
#6800 = UNCERTAINTY_MEASURE_WITH_UNIT (LENGTH_MEASURE( 1.000000000000000082E-05 ), #6902, 'distance_accuracy_value', 'NONE');
#6801 = LINE ( 'NONE', #2390, #5533 ) ;
#6802 = MECHANICAL_DESIGN_GEOMETRIC_PRESENTATION_REPRESENTATION (  '', ( #5655 ), #2564 ) ;
#6803 = FILL_AREA_STYLE_COLOUR ( '', #4668 ) ;
#6804 = COLOUR_RGB ( '',1.000000000000000000, 1.000000000000000000, 0.7529411764705882248 ) ;
#6805 =( NAMED_UNIT ( * ) PLANE_ANGLE_UNIT ( ) SI_UNIT ( $, .RADIAN. ) );
#6806 = ORIENTED_EDGE ( 'NONE', *, *, #6490, .T. ) ;
#6807 = CARTESIAN_POINT ( 'NONE',  ( 0.1500000000000029921, 1.000000000000000000, 0.4000000000000000222 ) ) ;
#6808 = UNCERTAINTY_MEASURE_WITH_UNIT (LENGTH_MEASURE( 1.000000000000000082E-05 ), #376, 'distance_accuracy_value', 'NONE');
#6809 = EDGE_CURVE ( 'NONE', #6563, #3313, #2433, .T. ) ;
#6810 = CARTESIAN_POINT ( 'NONE',  ( 0.1600000000000000033, 5.599999999999999645, -0.2000000000000000111 ) ) ;
#6811 = AXIS2_PLACEMENT_3D ( 'NONE', #554, #1649, #3281 ) ;
#6812 = EDGE_CURVE ( 'NONE', #1394, #949, #1897, .T. ) ;
#6813 = VECTOR ( 'NONE', #2092, 1000.000000000000000 ) ;
#6814 = EDGE_CURVE ( 'NONE', #734, #2582, #4105, .T. ) ;
#6815 = DIRECTION ( 'NONE',  ( 0.000000000000000000, 0.000000000000000000, -1.000000000000000000 ) ) ;
#6816 = DIRECTION ( 'NONE',  ( -1.000000000000000000, 0.000000000000000000, 0.000000000000000000 ) ) ;
#6817 = ORIENTED_EDGE ( 'NONE', *, *, #6137, .F. ) ;
#6818 = COLOUR_RGB ( '',1.000000000000000000, 1.000000000000000000, 0.7529411764705882248 ) ;
#6819 = VECTOR ( 'NONE', #4563, 1000.000000000000000 ) ;
#6820 = DIRECTION ( 'NONE',  ( 1.000000000000000000, 0.000000000000000000, 0.000000000000000000 ) ) ;
#6821 = ADVANCED_FACE ( 'NONE', ( #2008 ), #5253, .F. ) ;
#6822 = DIRECTION ( 'NONE',  ( 0.000000000000000000, 1.000000000000000000, 0.000000000000000000 ) ) ;
#6823 = PRESENTATION_LAYER_ASSIGNMENT (  '', '', ( #4958 ) ) ;
#6824 = CARTESIAN_POINT ( 'NONE',  ( -3.750000000000000000, 1.399999999999999911, 0.1000000000000000056 ) ) ;
#6825 = MECHANICAL_DESIGN_GEOMETRIC_PRESENTATION_REPRESENTATION (  '', ( #5433 ), #3589 ) ;
#6826 = CARTESIAN_POINT ( 'NONE',  ( -2.275849698379619923, 3.950000000000000178, 1.978398793518490129 ) ) ;
#6827 = EDGE_LOOP ( 'NONE', ( #2591, #2528, #1023, #5083 ) ) ;
#6828 = SURFACE_SIDE_STYLE ('',( #5163 ) ) ;
#6829 = DIRECTION ( 'NONE',  ( 0.8121631077622936123, 0.5414420718415307032, 0.2173282522587518806 ) ) ;
#6830 = EDGE_CURVE ( 'NONE', #4434, #840, #5179, .T. ) ;
#6831 = AXIS2_PLACEMENT_3D ( 'NONE', #4832, #4198, #5631 ) ;
#6832 = CARTESIAN_POINT ( 'NONE',  ( 2.149999999999999023, 1.199999999999997069, 2.016421356237309670 ) ) ;
#6833 = ORIENTED_EDGE ( 'NONE', *, *, #5020, .T. ) ;
#6834 = ORIENTED_EDGE ( 'NONE', *, *, #858, .F. ) ;
#6835 = ORIENTED_EDGE ( 'NONE', *, *, #2276, .T. ) ;
#6836 = CARTESIAN_POINT ( 'NONE',  ( 2.750000000000000000, 5.200000000000000178, 3.200000000000000178 ) ) ;
#6837 = EDGE_CURVE ( 'NONE', #4477, #4611, #2152, .T. ) ;
#6838 = PLANE ( 'NONE',  #3574 ) ;
#6839 = DIRECTION ( 'NONE',  ( 1.000000000000000000, 0.000000000000000000, 0.000000000000000000 ) ) ;
#6840 = CARTESIAN_POINT ( 'NONE',  ( -2.750000000000000000, 5.200000000000000178, 7.702172233337019555E-16 ) ) ;
#6841 = FILL_AREA_STYLE_COLOUR ( '', #547 ) ;
#6842 =( NAMED_UNIT ( * ) SI_UNIT ( $, .STERADIAN. ) SOLID_ANGLE_UNIT ( ) );
#6843 = CARTESIAN_POINT ( 'NONE',  ( -2.149999999999999911, 2.000000000000000000, 3.000000000000000000 ) ) ;
#6844 = EDGE_LOOP ( 'NONE', ( #5519, #1144, #3297, #6020 ) ) ;
#6845 = LINE ( 'NONE', #6807, #3044 ) ;
#6846 = DIRECTION ( 'NONE',  ( -1.000000000000000000, 0.000000000000000000, 0.000000000000000000 ) ) ;
#6847 = CARTESIAN_POINT ( 'NONE',  ( 1.409999999999999920, 5.400000000000000355, 0.5999999999999999778 ) ) ;
#6848 = CARTESIAN_POINT ( 'NONE',  ( -1.409999999999999920, 5.899999999999999467, 0.2999999999999999889 ) ) ;
#6849 = PLANE ( 'NONE',  #4390 ) ;
#6850 = ORIENTED_EDGE ( 'NONE', *, *, #3614, .F. ) ;
#6851 = FILL_AREA_STYLE ('',( #3415 ) ) ;
#6852 =( NAMED_UNIT ( * ) SI_UNIT ( $, .STERADIAN. ) SOLID_ANGLE_UNIT ( ) );
#6853 =( NAMED_UNIT ( * ) PLANE_ANGLE_UNIT ( ) SI_UNIT ( $, .RADIAN. ) );
#6854 = LINE ( 'NONE', #1398, #1709 ) ;
#6855 =( GEOMETRIC_REPRESENTATION_CONTEXT ( 3 ) GLOBAL_UNCERTAINTY_ASSIGNED_CONTEXT ( ( #5278 ) ) GLOBAL_UNIT_ASSIGNED_CONTEXT ( ( #3301, #538, #6148 ) ) REPRESENTATION_CONTEXT ( 'NONE', 'WORKASPACE' ) );
#6856 = DIRECTION ( 'NONE',  ( 1.000000000000000000, 0.000000000000000000, 0.000000000000000000 ) ) ;
#6857 = CARTESIAN_POINT ( 'NONE',  ( 3.419999999999999929, 2.000000000000000000, 0.2500000000000000000 ) ) ;
#6858 = CARTESIAN_POINT ( 'NONE',  ( 1.409999999999999920, 6.000000000000000000, -0.2000000000000000111 ) ) ;
#6859 = CARTESIAN_POINT ( 'NONE',  ( 4.250000000000000000, 1.399999999999999911, 0.5999999999999999778 ) ) ;
#6860 = ORIENTED_EDGE ( 'NONE', *, *, #5391, .T. ) ;
#6861 = ORIENTED_EDGE ( 'NONE', *, *, #4018, .T. ) ;
#6862 = CARTESIAN_POINT ( 'NONE',  ( 1.409999999999999920, 6.200000000000000178, 0.2999999999999999889 ) ) ;
#6863 =( NAMED_UNIT ( * ) SI_UNIT ( $, .STERADIAN. ) SOLID_ANGLE_UNIT ( ) );
#6864 = CARTESIAN_POINT ( 'NONE',  ( 2.191421356237309048, 1.172385762508457052, 1.975000000000000089 ) ) ;
#6865 = MECHANICAL_DESIGN_GEOMETRIC_PRESENTATION_REPRESENTATION (  '', ( #5470 ), #7085 ) ;
#6866 = ORIENTED_EDGE ( 'NONE', *, *, #2608, .F. ) ;
#6867 = STYLED_ITEM ( 'NONE', ( #1395 ), #320 ) ;
#6868 = VERTEX_POINT ( 'NONE', #4883 ) ;
#6869 = CARTESIAN_POINT ( 'NONE',  ( -1.090000000000000080, 5.200000000000000178, 8.881784197001250351E-16 ) ) ;
#6870 =( GEOMETRIC_REPRESENTATION_CONTEXT ( 3 ) GLOBAL_UNCERTAINTY_ASSIGNED_CONTEXT ( ( #5146 ) ) GLOBAL_UNIT_ASSIGNED_CONTEXT ( ( #7114, #6570, #1657 ) ) REPRESENTATION_CONTEXT ( 'NONE', 'WORKASPACE' ) );
#6871 = STYLED_ITEM ( 'NONE', ( #4571 ), #6821 ) ;
#6872 =( GEOMETRIC_REPRESENTATION_CONTEXT ( 3 ) GLOBAL_UNCERTAINTY_ASSIGNED_CONTEXT ( ( #5801 ) ) GLOBAL_UNIT_ASSIGNED_CONTEXT ( ( #785, #3510, #6740 ) ) REPRESENTATION_CONTEXT ( 'NONE', 'WORKASPACE' ) );
#6873 = MECHANICAL_DESIGN_GEOMETRIC_PRESENTATION_REPRESENTATION (  '', ( #1942 ), #5149 ) ;
#6874 = UNCERTAINTY_MEASURE_WITH_UNIT (LENGTH_MEASURE( 1.000000000000000082E-05 ), #2546, 'distance_accuracy_value', 'NONE');
#6875 = CARTESIAN_POINT ( 'NONE',  ( -0.1600000000000000033, 5.400000000000000355, 0.5999999999999999778 ) ) ;
#6876 = EDGE_CURVE ( 'NONE', #739, #3339, #2493, .T. ) ;
#6877 = FILL_AREA_STYLE_COLOUR ( '', #6272 ) ;
#6878 = VECTOR ( 'NONE', #180, 1000.000000000000000 ) ;
#6879 = LINE ( 'NONE', #3548, #4847 ) ;
#6880 = AXIS2_PLACEMENT_3D ( 'NONE', #1836, #2417, #4584 ) ;
#6881 = CARTESIAN_POINT ( 'NONE',  ( 0.1600000000000000033, 5.100000000000000533, 1.525000000000000133 ) ) ;
#6882 = AXIS2_PLACEMENT_3D ( 'NONE', #6550, #1601, #503 ) ;
#6883 = LINE ( 'NONE', #5351, #6997 ) ;
#6884 = DIRECTION ( 'NONE',  ( 0.000000000000000000, 0.7071067811865480168, -0.7071067811865470176 ) ) ;
#6885 = EDGE_LOOP ( 'NONE', ( #6596, #4478, #65, #5238, #2699, #4610 ) ) ;
#6886 = SURFACE_STYLE_FILL_AREA ( #1808 ) ;
#6887 = COLOUR_RGB ( '',1.000000000000000000, 1.000000000000000000, 0.7529411764705882248 ) ;
#6888 =( GEOMETRIC_REPRESENTATION_CONTEXT ( 3 ) GLOBAL_UNCERTAINTY_ASSIGNED_CONTEXT ( ( #2289 ) ) GLOBAL_UNIT_ASSIGNED_CONTEXT ( ( #4440, #1727, #2224 ) ) REPRESENTATION_CONTEXT ( 'NONE', 'WORKASPACE' ) );
#6889 = VECTOR ( 'NONE', #6187, 1000.000000000000000 ) ;
#6890 = PRESENTATION_STYLE_ASSIGNMENT (( #4201 ) ) ;
#6891 = DIRECTION ( 'NONE',  ( 0.000000000000000000, 1.000000000000000000, 0.000000000000000000 ) ) ;
#6892 = CARTESIAN_POINT ( 'NONE',  ( 1.800000000000000044, 2.600000000000000089, 2.799999999999999822 ) ) ;
#6893 = ORIENTED_EDGE ( 'NONE', *, *, #3859, .T. ) ;
#6894 = STYLED_ITEM ( 'NONE', ( #1508 ), #5891 ) ;
#6895 = FILL_AREA_STYLE_COLOUR ( '', #1993 ) ;
#6896 = CARTESIAN_POINT ( 'NONE',  ( 0.1600000000000000033, 6.200000000000000178, 7.318364664277149999E-16 ) ) ;
#6897 =( NAMED_UNIT ( * ) PLANE_ANGLE_UNIT ( ) SI_UNIT ( $, .RADIAN. ) );
#6898 =( NAMED_UNIT ( * ) PLANE_ANGLE_UNIT ( ) SI_UNIT ( $, .RADIAN. ) );
#6899 =( NAMED_UNIT ( * ) PLANE_ANGLE_UNIT ( ) SI_UNIT ( $, .RADIAN. ) );
#6900 = DIRECTION ( 'NONE',  ( 0.000000000000000000, 1.000000000000000000, 0.000000000000000000 ) ) ;
#6901 = ORIENTED_EDGE ( 'NONE', *, *, #3087, .F. ) ;
#6902 =( LENGTH_UNIT ( ) NAMED_UNIT ( * ) SI_UNIT ( .MILLI., .METRE. ) );
#6903 = SURFACE_STYLE_USAGE ( .BOTH. , #2411 ) ;
#6904 = EDGE_CURVE ( 'NONE', #2867, #4664, #441, .T. ) ;
#6905 = DIRECTION ( 'NONE',  ( 0.000000000000000000, -1.000000000000000000, 0.000000000000000000 ) ) ;
#6906 = EDGE_CURVE ( 'NONE', #2260, #273, #4777, .T. ) ;
#6907 = ADVANCED_FACE ( 'NONE', ( #467 ), #1461, .F. ) ;
#6908 = VERTEX_POINT ( 'NONE', #4242 ) ;
#6909 = ORIENTED_EDGE ( 'NONE', *, *, #5857, .T. ) ;
#6910 = PRESENTATION_STYLE_ASSIGNMENT (( #382 ) ) ;
#6911 = CARTESIAN_POINT ( 'NONE',  ( -2.149999999999999911, 3.950000000000000178, 2.075000000000000178 ) ) ;
#6912 = DIRECTION ( 'NONE',  ( 2.155072976507530017E-30, 1.000000000000000000, 3.975407965780180295E-15 ) ) ;
#6913 = LINE ( 'NONE', #325, #5197 ) ;
#6914 = FILL_AREA_STYLE ('',( #6841 ) ) ;
#6915 = EDGE_LOOP ( 'NONE', ( #1034, #2126, #365, #3128 ) ) ;
#6916 = LINE ( 'NONE', #5352, #15 ) ;
#6917 = ORIENTED_EDGE ( 'NONE', *, *, #760, .T. ) ;
#6918 = VERTEX_POINT ( 'NONE', #6440 ) ;
#6919 = ADVANCED_FACE ( 'NONE', ( #5435 ), #3781, .F. ) ;
#6920 = EDGE_CURVE ( 'NONE', #4745, #62, #1561, .T. ) ;
#6921 = MECHANICAL_DESIGN_GEOMETRIC_PRESENTATION_REPRESENTATION (  '', ( #1983 ), #5876 ) ;
#6922 = DIRECTION ( 'NONE',  ( 1.000000000000000000, 0.000000000000000000, 0.000000000000000000 ) ) ;
#6923 = PRESENTATION_LAYER_ASSIGNMENT (  '', '', ( #7035 ) ) ;
#6924 = CARTESIAN_POINT ( 'NONE',  ( 1.409999999999999920, 5.899999999999999467, 0.2999999999999999889 ) ) ;
#6925 = CARTESIAN_POINT ( 'NONE',  ( 1.800000000000000044, 2.000000000000000000, 3.000000000000000000 ) ) ;
#6926 = ADVANCED_FACE ( 'NONE', ( #1742, #4463, #4422, #3334 ), #2778, .F. ) ;
#6927 = ORIENTED_EDGE ( 'NONE', *, *, #6490, .F. ) ;
#6928 = DIRECTION ( 'NONE',  ( 0.000000000000000000, 1.000000000000000000, 0.000000000000000000 ) ) ;
#6929 = CARTESIAN_POINT ( 'NONE',  ( -2.149999999999999911, 3.950000000000000178, 2.799999999999999822 ) ) ;
#6930 = MECHANICAL_DESIGN_GEOMETRIC_PRESENTATION_REPRESENTATION (  '', ( #368 ), #814 ) ;
#6931 = STYLED_ITEM ( 'NONE', ( #2175 ), #1427 ) ;
#6932 = CARTESIAN_POINT ( 'NONE',  ( 1.090000000000000080, 6.200000000000000178, 7.216449660063520471E-16 ) ) ;
#6933 = CARTESIAN_POINT ( 'NONE',  ( 0.1500000000000029921, 1.199999999999999956, 0.4000000000000000222 ) ) ;
#6934 =( NAMED_UNIT ( * ) SI_UNIT ( $, .STERADIAN. ) SOLID_ANGLE_UNIT ( ) );
#6935 = VECTOR ( 'NONE', #196, 1000.000000000000000 ) ;
#6936 = CIRCLE ( 'NONE', #4043, 0.09999999999999982514 ) ;
#6937 = ADVANCED_FACE ( 'NONE', ( #649 ), #5062, .F. ) ;
#6938 = SURFACE_STYLE_FILL_AREA ( #6442 ) ;
#6939 = CARTESIAN_POINT ( 'NONE',  ( -0.1499999999999999944, 2.449999999999999734, -3.559999999999999609 ) ) ;
#6940 = VERTEX_POINT ( 'NONE', #6591 ) ;
#6941 = CARTESIAN_POINT ( 'NONE',  ( 4.450000000000000178, 2.000000000000000000, -0.2000000000000000111 ) ) ;
#6942 = PRESENTATION_LAYER_ASSIGNMENT (  '', '', ( #4731 ) ) ;
#6943 = VECTOR ( 'NONE', #3820, 1000.000000000000000 ) ;
#6944 = COLOUR_RGB ( '',1.000000000000000000, 1.000000000000000000, 0.7529411764705882248 ) ;
#6945 = PRESENTATION_STYLE_ASSIGNMENT (( #4818 ) ) ;
#6946 = SURFACE_SIDE_STYLE ('',( #3079 ) ) ;
#6947 = ORIENTED_EDGE ( 'NONE', *, *, #640, .T. ) ;
#6948 = ORIENTED_EDGE ( 'NONE', *, *, #2136, .T. ) ;
#6949 = LINE ( 'NONE', #4758, #334 ) ;
#6950 = COLOUR_RGB ( '',1.000000000000000000, 1.000000000000000000, 0.7529411764705882248 ) ;
#6951 = EDGE_CURVE ( 'NONE', #5068, #2384, #6116, .T. ) ;
#6952 = VECTOR ( 'NONE', #1524, 1000.000000000000114 ) ;
#6953 = UNCERTAINTY_MEASURE_WITH_UNIT (LENGTH_MEASURE( 1.000000000000000082E-05 ), #2200, 'distance_accuracy_value', 'NONE');
#6954 = VECTOR ( 'NONE', #4128, 1000.000000000000000 ) ;
#6955 = SURFACE_STYLE_FILL_AREA ( #356 ) ;
#6956 =( NAMED_UNIT ( * ) PLANE_ANGLE_UNIT ( ) SI_UNIT ( $, .RADIAN. ) );
#6957 =( NAMED_UNIT ( * ) PLANE_ANGLE_UNIT ( ) SI_UNIT ( $, .RADIAN. ) );
#6958 = ADVANCED_FACE ( 'NONE', ( #5469 ), #3818, .F. ) ;
#6959 = VERTEX_POINT ( 'NONE', #5106 ) ;
#6960 = FILL_AREA_STYLE ('',( #4737 ) ) ;
#6961 = CIRCLE ( 'NONE', #280, 0.09999999999999982514 ) ;
#6962 = LINE ( 'NONE', #1556, #2227 ) ;
#6963 = EDGE_CURVE ( 'NONE', #2014, #3907, #3477, .T. ) ;
#6964 = PLANE ( 'NONE',  #1351 ) ;
#6965 = VERTEX_POINT ( 'NONE', #715 ) ;
#6966 = CARTESIAN_POINT ( 'NONE',  ( 1.409999999999999920, 3.950000000000000178, 0.7750000000000000222 ) ) ;
#6967 = LINE ( 'NONE', #5363, #1759 ) ;
#6968 =( NAMED_UNIT ( * ) PLANE_ANGLE_UNIT ( ) SI_UNIT ( $, .RADIAN. ) );
#6969 = DIRECTION ( 'NONE',  ( -1.000000000000000000, 0.000000000000000000, 0.000000000000000000 ) ) ;
#6970 = PRESENTATION_LAYER_ASSIGNMENT (  '', '', ( #5810 ) ) ;
#6971 = FILL_AREA_STYLE ('',( #4713 ) ) ;
#6972 = PRESENTATION_STYLE_ASSIGNMENT (( #876 ) ) ;
#6973 = SURFACE_STYLE_USAGE ( .BOTH. , #5874 ) ;
#6974 = ORIENTED_EDGE ( 'NONE', *, *, #3407, .F. ) ;
#6975 =( NAMED_UNIT ( * ) SI_UNIT ( $, .STERADIAN. ) SOLID_ANGLE_UNIT ( ) );
#6976 = VECTOR ( 'NONE', #2330, 1000.000000000000000 ) ;
#6977 = DIRECTION ( 'NONE',  ( 1.000000000000000000, 1.008560160451633823E-16, 0.000000000000000000 ) ) ;
#6978 = LINE ( 'NONE', #1645, #2873 ) ;
#6979 =( NAMED_UNIT ( * ) SI_UNIT ( $, .STERADIAN. ) SOLID_ANGLE_UNIT ( ) );
#6980 = ORIENTED_EDGE ( 'NONE', *, *, #1410, .T. ) ;
#6981 = STYLED_ITEM ( 'NONE', ( #2040 ), #6907 ) ;
#6982 = ORIENTED_EDGE ( 'NONE', *, *, #5664, .F. ) ;
#6983 = ORIENTED_EDGE ( 'NONE', *, *, #2078, .T. ) ;
#6984 = FILL_AREA_STYLE_COLOUR ( '', #1135 ) ;
#6985 = FILL_AREA_STYLE ('',( #285 ) ) ;
#6986 = VERTEX_POINT ( 'NONE', #5147 ) ;
#6987 = CARTESIAN_POINT ( 'NONE',  ( -2.050000000000000266, 2.000000000000000000, -0.2000000000000050071 ) ) ;
#6988 = LINE ( 'NONE', #3130, #696 ) ;
#6989 = ADVANCED_FACE ( 'NONE', ( #5207 ), #1809, .F. ) ;
#6990 = VECTOR ( 'NONE', #569, 1000.000000000000000 ) ;
#6991 = PRESENTATION_LAYER_ASSIGNMENT (  '', '', ( #6765 ) ) ;
#6992 = VECTOR ( 'NONE', #6227, 1000.000000000000000 ) ;
#6993 = SURFACE_STYLE_USAGE ( .BOTH. , #2615 ) ;
#6994 = CARTESIAN_POINT ( 'NONE',  ( -3.250000000000000000, 1.399999999999999911, 2.000000000000000000 ) ) ;
#6995 = DIRECTION ( 'NONE',  ( -1.000000000000000000, 0.000000000000000000, 0.000000000000000000 ) ) ;
#6996 = FACE_OUTER_BOUND ( 'NONE', #5875, .T. ) ;
#6997 = VECTOR ( 'NONE', #6433, 1000.000000000000000 ) ;
#6998 =( GEOMETRIC_REPRESENTATION_CONTEXT ( 3 ) GLOBAL_UNCERTAINTY_ASSIGNED_CONTEXT ( ( #189 ) ) GLOBAL_UNIT_ASSIGNED_CONTEXT ( ( #424, #5682, #6797 ) ) REPRESENTATION_CONTEXT ( 'NONE', 'WORKASPACE' ) );
#6999 = VECTOR ( 'NONE', #5107, 1000.000000000000000 ) ;
#7000 =( NAMED_UNIT ( * ) SI_UNIT ( $, .STERADIAN. ) SOLID_ANGLE_UNIT ( ) );
#7001 = PRESENTATION_STYLE_ASSIGNMENT (( #5255 ) ) ;
#7002 = CARTESIAN_POINT ( 'NONE',  ( 1.409999999999999920, 5.400000000000000355, 7.771561172376099727E-16 ) ) ;
#7003 = MECHANICAL_DESIGN_GEOMETRIC_PRESENTATION_REPRESENTATION (  '', ( #2868 ), #902 ) ;
#7004 =( NAMED_UNIT ( * ) SI_UNIT ( $, .STERADIAN. ) SOLID_ANGLE_UNIT ( ) );
#7005 =( NAMED_UNIT ( * ) PLANE_ANGLE_UNIT ( ) SI_UNIT ( $, .RADIAN. ) );
#7006 = ORIENTED_EDGE ( 'NONE', *, *, #619, .F. ) ;
#7007 =( NAMED_UNIT ( * ) PLANE_ANGLE_UNIT ( ) SI_UNIT ( $, .RADIAN. ) );
#7008 = LINE ( 'NONE', #4251, #24 ) ;
#7009 = ADVANCED_FACE ( 'NONE', ( #4135 ), #3514, .F. ) ;
#7010 = EDGE_CURVE ( 'NONE', #854, #4793, #396, .T. ) ;
#7011 =( NAMED_UNIT ( * ) SI_UNIT ( $, .STERADIAN. ) SOLID_ANGLE_UNIT ( ) );
#7012 = ORIENTED_EDGE ( 'NONE', *, *, #3062, .F. ) ;
#7013 = EDGE_LOOP ( 'NONE', ( #7006, #6901, #3369, #3155 ) ) ;
#7014 =( NAMED_UNIT ( * ) SI_UNIT ( $, .STERADIAN. ) SOLID_ANGLE_UNIT ( ) );
#7015 = UNCERTAINTY_MEASURE_WITH_UNIT (LENGTH_MEASURE( 1.000000000000000082E-05 ), #3409, 'distance_accuracy_value', 'NONE');
#7016 = ORIENTED_EDGE ( 'NONE', *, *, #6496, .T. ) ;
#7017 = VERTEX_POINT ( 'NONE', #6364 ) ;
#7018 = CARTESIAN_POINT ( 'NONE',  ( -1.800000000000000044, 2.000000000000000000, 3.000000000000000000 ) ) ;
#7019 = DIRECTION ( 'NONE',  ( -1.000000000000000000, -7.228014483236700500E-16, 0.000000000000000000 ) ) ;
#7020 = SURFACE_STYLE_USAGE ( .BOTH. , #6472 ) ;
#7021 = FILL_AREA_STYLE_COLOUR ( '', #4400 ) ;
#7022 = CARTESIAN_POINT ( 'NONE',  ( -1.090000000000000080, 5.899999999999999467, 1.175000000000000044 ) ) ;
#7023 = EDGE_CURVE ( 'NONE', #5806, #4494, #2573, .T. ) ;
#7024 = PRESENTATION_LAYER_ASSIGNMENT (  '', '', ( #3680 ) ) ;
#7025 =( NAMED_UNIT ( * ) SI_UNIT ( $, .STERADIAN. ) SOLID_ANGLE_UNIT ( ) );
#7026 = SURFACE_STYLE_FILL_AREA ( #6478 ) ;
#7027 = SURFACE_STYLE_USAGE ( .BOTH. , #1861 ) ;
#7028 =( NAMED_UNIT ( * ) SI_UNIT ( $, .STERADIAN. ) SOLID_ANGLE_UNIT ( ) );
#7029 = SURFACE_SIDE_STYLE ('',( #6416 ) ) ;
#7030 = LINE ( 'NONE', #4145, #1231 ) ;
#7031 = EDGE_LOOP ( 'NONE', ( #1856, #4829, #1694, #3222 ) ) ;
#7032 = COLOUR_RGB ( '',1.000000000000000000, 1.000000000000000000, 0.7529411764705882248 ) ;
#7033 = DIRECTION ( 'NONE',  ( 0.000000000000000000, 0.000000000000000000, 1.000000000000000000 ) ) ;
#7034 = EDGE_CURVE ( 'NONE', #3892, #4338, #4271, .T. ) ;
#7035 = STYLED_ITEM ( 'NONE', ( #510 ), #1045 ) ;
#7036 = CARTESIAN_POINT ( 'NONE',  ( 2.050000000000000266, 2.000000000000000000, -0.2000000000000050071 ) ) ;
#7037 = EDGE_CURVE ( 'NONE', #1960, #4683, #2096, .T. ) ;
#7038 = PRESENTATION_LAYER_ASSIGNMENT (  '', '', ( #148 ) ) ;
#7039 = VECTOR ( 'NONE', #6267, 1000.000000000000000 ) ;
#7040 = DIRECTION ( 'NONE',  ( 0.000000000000000000, 1.000000000000000000, 0.000000000000000000 ) ) ;
#7041 = ORIENTED_EDGE ( 'NONE', *, *, #4934, .T. ) ;
#7042 = ORIENTED_EDGE ( 'NONE', *, *, #2525, .T. ) ;
#7043 = EDGE_CURVE ( 'NONE', #1460, #6908, #1517, .T. ) ;
#7044 =( NAMED_UNIT ( * ) SI_UNIT ( $, .STERADIAN. ) SOLID_ANGLE_UNIT ( ) );
#7045 = PRESENTATION_LAYER_ASSIGNMENT (  '', '', ( #1888 ) ) ;
#7046 = PRESENTATION_LAYER_ASSIGNMENT (  '', '', ( #3577 ) ) ;
#7047 = VERTEX_POINT ( 'NONE', #3697 ) ;
#7048 = LINE ( 'NONE', #6464, #5996 ) ;
#7049 = PLANE ( 'NONE',  #6639 ) ;
#7050 = VECTOR ( 'NONE', #1051, 1000.000000000000000 ) ;
#7051 = DIRECTION ( 'NONE',  ( 0.000000000000000000, 1.807003620809169702E-16, -1.000000000000000000 ) ) ;
#7052 = CARTESIAN_POINT ( 'NONE',  ( -1.090000000000000080, 5.899999999999999467, 1.175000000000000044 ) ) ;
#7053 = EDGE_LOOP ( 'NONE', ( #2400, #6455, #6057, #4446, #6483, #359 ) ) ;
#7054 =( LENGTH_UNIT ( ) NAMED_UNIT ( * ) SI_UNIT ( .MILLI., .METRE. ) );
#7055 = FACE_OUTER_BOUND ( 'NONE', #5248, .T. ) ;
#7056 = DIRECTION ( 'NONE',  ( -1.000000000000000000, 0.000000000000000000, -2.409338161078899180E-16 ) ) ;
#7057 = AXIS2_PLACEMENT_3D ( 'NONE', #3527, #1862, #4074 ) ;
#7058 = EDGE_CURVE ( 'NONE', #4082, #4652, #5322, .T. ) ;
#7059 = SURFACE_STYLE_FILL_AREA ( #434 ) ;
#7060 = CARTESIAN_POINT ( 'NONE',  ( 2.550000000000000266, 4.200000000000000178, -0.2000000000000000111 ) ) ;
#7061 = DIRECTION ( 'NONE',  ( 0.000000000000000000, 0.000000000000000000, 1.000000000000000000 ) ) ;
#7062 =( LENGTH_UNIT ( ) NAMED_UNIT ( * ) SI_UNIT ( .MILLI., .METRE. ) );
#7063 = DIRECTION ( 'NONE',  ( 1.000000000000000000, 0.000000000000000000, 0.000000000000000000 ) ) ;
#7064 = SURFACE_STYLE_USAGE ( .BOTH. , #1094 ) ;
#7065 = DIRECTION ( 'NONE',  ( 0.000000000000000000, 1.355252715606880049E-16, -1.000000000000000000 ) ) ;
#7066 = CARTESIAN_POINT ( 'NONE',  ( -2.750000000000000000, 1.399999999999999911, 0.1000000000000000056 ) ) ;
#7067 = ORIENTED_EDGE ( 'NONE', *, *, #1715, .T. ) ;
#7068 = DIRECTION ( 'NONE',  ( 0.000000000000000000, 0.000000000000000000, 1.000000000000000000 ) ) ;
#7069 = DIRECTION ( 'NONE',  ( -1.000000000000000000, 0.000000000000000000, 0.000000000000000000 ) ) ;
#7070 =( GEOMETRIC_REPRESENTATION_CONTEXT ( 3 ) GLOBAL_UNCERTAINTY_ASSIGNED_CONTEXT ( ( #4261 ) ) GLOBAL_UNIT_ASSIGNED_CONTEXT ( ( #1682, #5988, #3308 ) ) REPRESENTATION_CONTEXT ( 'NONE', 'WORKASPACE' ) );
#7071 = SURFACE_SIDE_STYLE ('',( #2188 ) ) ;
#7072 = CARTESIAN_POINT ( 'NONE',  ( -3.419999999999999929, 2.000000000000000000, 0.2500000000000000000 ) ) ;
#7073 = ORIENTED_EDGE ( 'NONE', *, *, #6271, .T. ) ;
#7074 = VECTOR ( 'NONE', #4992, 1000.000000000000000 ) ;
#7075 = ORIENTED_EDGE ( 'NONE', *, *, #4377, .T. ) ;
#7076 = ORIENTED_EDGE ( 'NONE', *, *, #6602, .T. ) ;
#7077 = UNCERTAINTY_MEASURE_WITH_UNIT (LENGTH_MEASURE( 1.000000000000000082E-05 ), #1085, 'distance_accuracy_value', 'NONE');
#7078 = DIRECTION ( 'NONE',  ( 1.399648925256069940E-15, 0.000000000000000000, -1.000000000000000000 ) ) ;
#7079 = LINE ( 'NONE', #1549, #1179 ) ;
#7080 = PRESENTATION_STYLE_ASSIGNMENT (( #2025 ) ) ;
#7081 = VERTEX_POINT ( 'NONE', #2613 ) ;
#7082 = DIRECTION ( 'NONE',  ( 0.000000000000000000, -1.000000000000000000, 0.000000000000000000 ) ) ;
#7083 = ORIENTED_EDGE ( 'NONE', *, *, #2618, .F. ) ;
#7084 = FILL_AREA_STYLE_COLOUR ( '', #3333 ) ;
#7085 =( GEOMETRIC_REPRESENTATION_CONTEXT ( 3 ) GLOBAL_UNCERTAINTY_ASSIGNED_CONTEXT ( ( #28 ) ) GLOBAL_UNIT_ASSIGNED_CONTEXT ( ( #5975, #977, #4274 ) ) REPRESENTATION_CONTEXT ( 'NONE', 'WORKASPACE' ) );
#7086 = EDGE_CURVE ( 'NONE', #1927, #23, #901, .T. ) ;
#7087 = CARTESIAN_POINT ( 'NONE',  ( 2.149999999999999911, 3.950000000000000178, 2.075000000000000178 ) ) ;
#7088 = AXIS2_PLACEMENT_3D ( 'NONE', #3800, #2736, #4762 ) ;
#7089 = CARTESIAN_POINT ( 'NONE',  ( 1.409999999999999920, 6.000000000000000000, -0.2000000000000000111 ) ) ;
#7090 = AXIS2_PLACEMENT_3D ( 'NONE', #2722, #7096, #3304 ) ;
#7091 = COLOUR_RGB ( '',1.000000000000000000, 1.000000000000000000, 0.7529411764705882248 ) ;
#7092 = PRESENTATION_LAYER_ASSIGNMENT (  '', '', ( #1820 ) ) ;
#7093 = CARTESIAN_POINT ( 'NONE',  ( -2.275849698379619923, 1.116100201080249876, 1.221601206481500057 ) ) ;
#7094 = CARTESIAN_POINT ( 'NONE',  ( 0.1600000000000000033, 5.400000000000000355, 7.771561172376099727E-16 ) ) ;
#7095 =( LENGTH_UNIT ( ) NAMED_UNIT ( * ) SI_UNIT ( .MILLI., .METRE. ) );
#7096 = DIRECTION ( 'NONE',  ( -1.008560160451629879E-16, 0.000000000000000000, 1.000000000000000000 ) ) ;
#7097 = ORIENTED_EDGE ( 'NONE', *, *, #778, .F. ) ;
#7098 = VECTOR ( 'NONE', #6102, 1000.000000000000000 ) ;
#7099 = VECTOR ( 'NONE', #6035, 1000.000000000000114 ) ;
#7100 = COLOUR_RGB ( '',0.7529411764705882248, 0.7529411764705882248, 0.7529411764705882248 ) ;
#7101 =( LENGTH_UNIT ( ) NAMED_UNIT ( * ) SI_UNIT ( .MILLI., .METRE. ) );
#7102 = DIRECTION ( 'NONE',  ( 1.000000000000000000, 0.000000000000000000, 0.000000000000000000 ) ) ;
#7103 =( LENGTH_UNIT ( ) NAMED_UNIT ( * ) SI_UNIT ( .MILLI., .METRE. ) );
#7104 = STYLED_ITEM ( 'NONE', ( #2155 ), #6521 ) ;
#7105 = PRESENTATION_LAYER_ASSIGNMENT (  '', '', ( #3300 ) ) ;
#7106 = FILL_AREA_STYLE_COLOUR ( '', #6452 ) ;
#7107 =( NAMED_UNIT ( * ) SI_UNIT ( $, .STERADIAN. ) SOLID_ANGLE_UNIT ( ) );
#7108 = ORIENTED_EDGE ( 'NONE', *, *, #3744, .T. ) ;
#7109 = VERTEX_POINT ( 'NONE', #5279 ) ;
#7110 =( NAMED_UNIT ( * ) PLANE_ANGLE_UNIT ( ) SI_UNIT ( $, .RADIAN. ) );
#7111 = EDGE_CURVE ( 'NONE', #6245, #847, #1044, .T. ) ;
#7112 = EDGE_LOOP ( 'NONE', ( #6454, #5214, #6034, #3879 ) ) ;
#7113 = EDGE_CURVE ( 'NONE', #6768, #5229, #1117, .T. ) ;
#7114 =( LENGTH_UNIT ( ) NAMED_UNIT ( * ) SI_UNIT ( .MILLI., .METRE. ) );
#7115 = ORIENTED_EDGE ( 'NONE', *, *, #5334, .F. ) ;
#7116 = EDGE_LOOP ( 'NONE', ( #449, #2893, #6615, #2507 ) ) ;
#7117 =( NAMED_UNIT ( * ) SI_UNIT ( $, .STERADIAN. ) SOLID_ANGLE_UNIT ( ) );
#7118 = PLANE ( 'NONE',  #1869 ) ;
#7119 = FILL_AREA_STYLE_COLOUR ( '', #880 ) ;
ENDSEC;
END-ISO-10303-21;
