ISO-10303-21;
HEADER;
FILE_DESCRIPTION (( 'STEP AP214' ),
    '1' );
FILE_NAME ('SOT-583.STEP',
    '2026-08-26T11:40:37',
    ( '' ),
    ( '' ),
    'SwSTEP 2.0',
    'SolidWorks 2026',
    '' );
FILE_SCHEMA (( 'AUTOMOTIVE_DESIGN' ));
ENDSEC;

DATA;
#1 = CARTESIAN_POINT ( 'NONE',  ( -0.3610830129434530189, -0.03881363808486704842, 0.5999999999999999778 ) ) ;
#2 = COLOUR_RGB ( '',0.4117647058823529216, 0.4117647058823529216, 0.4117647058823529216 ) ;
#3 = B_SPLINE_CURVE_WITH_KNOTS ( 'NONE', 1,
 ( #958, #564 ),
 .UNSPECIFIED., .F., .F.,
 ( 2, 2 ),
 ( 0.5200000000000000178, 0.7399999999999999911 ),
 .UNSPECIFIED. ) ;
#4 = CARTESIAN_POINT ( 'NONE',  ( -0.8000000000000000444, -0.8599999999999999867, 0.000000000000000000 ) ) ;
#5 = ADVANCED_FACE ( 'NONE', ( #840 ), #1068, .T. ) ;
#6 = ORIENTED_EDGE ( 'NONE', *, *, #1073, .T. ) ;
#7 = CARTESIAN_POINT ( 'NONE',  ( 0.1899922275275895134, 0.0005000189977981559170, 0.5999999999999999778 ) ) ;
#8 = ADVANCED_FACE ( 'NONE', ( #2292 ), #1057, .T. ) ;
#9 = VERTEX_POINT ( 'NONE', #2110 ) ;
#10 = DIRECTION ( 'NONE',  ( 0.000000000000000000, 0.000000000000000000, -1.000000000000000000 ) ) ;
#11 = CARTESIAN_POINT ( 'NONE',  ( 0.8000000000000000444, -0.6400000000000000133, 0.000000000000000000 ) ) ;
#12 = CARTESIAN_POINT ( 'NONE',  ( -0.5999999999876879375, 1.000458491597730148, 0.04999999999831579445 ) ) ;
#13 = VERTEX_POINT ( 'NONE', #484 ) ;
#14 = FACE_OUTER_BOUND ( 'NONE', #662, .T. ) ;
#15 = CARTESIAN_POINT ( 'NONE',  ( -0.4813553676470789799, -0.9808969554332229723, 0.5567556602399480470 ) ) ;
#16 = CARTESIAN_POINT ( 'NONE',  ( -0.5000000000000000000, -0.8599999999999999867, 0.1299999999999999767 ) ) ;
#17 = EDGE_LOOP ( 'NONE', ( #2307, #2072, #890, #1822 ) ) ;
#18 = ORIENTED_EDGE ( 'NONE', *, *, #41, .F. ) ;
#19 = FACE_OUTER_BOUND ( 'NONE', #460, .T. ) ;
#20 = CARTESIAN_POINT ( 'NONE',  ( 0.6000000000453199478, 1.000458491597730148, 0.05000000000617489671 ) ) ;
#21 = EDGE_CURVE ( 'NONE', #1300, #2524, #728, .T. ) ;
#22 = DIRECTION ( 'NONE',  ( 1.000000000000000000, 0.000000000000000000, 0.000000000000000000 ) ) ;
#23 = ORIENTED_EDGE ( 'NONE', *, *, #1333, .T. ) ;
#24 = CARTESIAN_POINT ( 'NONE',  ( -0.2698354862222525075, 0.05023909187671849602, 0.5999999999999999778 ) ) ;
#25 = PRESENTATION_STYLE_ASSIGNMENT (( #2108 ) ) ;
#26 = DIRECTION ( 'NONE',  ( 0.000000000000000000, 0.000000000000000000, 1.000000000000000000 ) ) ;
#27 = B_SPLINE_CURVE_WITH_KNOTS ( 'NONE', 1,
 ( #628, #1456 ),
 .UNSPECIFIED., .F., .F.,
 ( 2, 2 ),
 ( 0.2200000000000000011, 0.5200000000000000178 ),
 .UNSPECIFIED. ) ;
#28 = SURFACE_STYLE_USAGE ( .BOTH. , #2109 ) ;
#29 = DIRECTION ( 'NONE',  ( 0.000000000000000000, -1.000000000000000000, 0.000000000000000000 ) ) ;
#30 = EDGE_LOOP ( 'NONE', ( #1493, #2498, #1273, #1907 ) ) ;
#31 = CARTESIAN_POINT ( 'NONE',  ( 0.4813554470220390291, 0.9313554470201229618, 0.5999999999999788836 ) ) ;
#32 = CARTESIAN_POINT ( 'NONE',  ( -0.1524129651612064762, 0.04210971677076119635, 0.5999999999999999778 ) ) ;
#33 = PRESENTATION_LAYER_ASSIGNMENT (  '', '', ( #689 ) ) ;
#34 = DIRECTION ( 'NONE',  ( -1.000000000000000000, 0.000000000000000000, 0.000000000000000000 ) ) ;
#35 = ORIENTED_EDGE ( 'NONE', *, *, #1305, .T. ) ;
#36 = ADVANCED_FACE ( 'NONE', ( #2135 ), #459, .T. ) ;
#37 =( GEOMETRIC_REPRESENTATION_CONTEXT ( 3 ) GLOBAL_UNCERTAINTY_ASSIGNED_CONTEXT ( ( #370 ) ) GLOBAL_UNIT_ASSIGNED_CONTEXT ( ( #1386, #2236, #2022 ) ) REPRESENTATION_CONTEXT ( 'NONE', 'WORKASPACE' ) );
#38 = CARTESIAN_POINT ( 'NONE',  ( 0.5769656518073210671, 0.9774241408729319458, 0.2189185534129829969 ) ) ;
#39 = CARTESIAN_POINT ( 'NONE',  ( 0.4132269082628735046, 0.009247445838152699993, 0.5999999999999999778 ) ) ;
#40 = MECHANICAL_DESIGN_GEOMETRIC_PRESENTATION_REPRESENTATION (  '', ( #2083 ), #2649 ) ;
#41 = EDGE_CURVE ( 'NONE', #504, #1198, #1480, .T. ) ;
#42 = DIRECTION ( 'NONE',  ( 0.000000000000000000, -1.000000000000000000, 0.000000000000000000 ) ) ;
#43 = B_SPLINE_CURVE_WITH_KNOTS ( 'NONE', 3,
 ( #1850, #2443, #414, #1627 ),
 .UNSPECIFIED., .F., .F.,
 ( 4, 4 ),
 ( 0.000000000000000000, 1.000000000000000000 ),
 .UNSPECIFIED. ) ;
#44 = ORIENTED_EDGE ( 'NONE', *, *, #132, .F. ) ;
#45 = VERTEX_POINT ( 'NONE', #473 ) ;
#46 = ORIENTED_EDGE ( 'NONE', *, *, #2382, .F. ) ;
#47 = CARTESIAN_POINT ( 'NONE',  ( 0.2279062558509420133, 0.09210461032652329794, 0.5999999999999999778 ) ) ;
#48 = DIRECTION ( 'NONE',  ( 0.000000000000000000, 0.000000000000000000, 1.000000000000000000 ) ) ;
#49 = CARTESIAN_POINT ( 'NONE',  ( 0.5000000000000000000, 0.3600000000000000422, 0.000000000000000000 ) ) ;
#50 = ORIENTED_EDGE ( 'NONE', *, *, #2519, .F. ) ;
#51 =( LENGTH_UNIT ( ) NAMED_UNIT ( * ) SI_UNIT ( .MILLI., .METRE. ) );
#52 = FACE_OUTER_BOUND ( 'NONE', #2585, .T. ) ;
#53 = SURFACE_STYLE_USAGE ( .BOTH. , #2558 ) ;
#54 = DIRECTION ( 'NONE',  ( 0.000000000000000000, 0.000000000000000000, 1.000000000000000000 ) ) ;
#55 = EDGE_CURVE ( 'NONE', #969, #700, #1122, .T. ) ;
#56 = CARTESIAN_POINT ( 'NONE',  ( 0.5308969553881900394, -0.9313554394232079758, 0.5567556602357660589 ) ) ;
#57 = VERTEX_POINT ( 'NONE', #100 ) ;
#58 = CARTESIAN_POINT ( 'NONE',  ( 0.2157527177855110001, 0.03279972121294874587, 0.5999999999999999778 ) ) ;
#59 = DIRECTION ( 'NONE',  ( 1.000000000000000000, 0.000000000000000000, 0.000000000000000000 ) ) ;
#60 = B_SPLINE_CURVE_WITH_KNOTS ( 'NONE', 1,
 ( #1804, #619 ),
 .UNSPECIFIED., .F., .F.,
 ( 2, 2 ),
 ( 0.7399999999999999911, 1.040000000000000036 ),
 .UNSPECIFIED. ) ;
#61 = ORIENTED_EDGE ( 'NONE', *, *, #708, .F. ) ;
#62 = SURFACE_STYLE_FILL_AREA ( #1683 ) ;
#63 = CARTESIAN_POINT ( 'NONE',  ( -0.5069980566122382903, 0.9804288741441918864, 0.5601885580197262238 ) ) ;
#64 = CARTESIAN_POINT ( 'NONE',  ( -0.5000000000000000000, -0.8599999999999999867, 0.000000000000000000 ) ) ;
#65 = CARTESIAN_POINT ( 'NONE',  ( 0.5000000000000000000, -0.6400000000000000133, 0.000000000000000000 ) ) ;
#66 = ADVANCED_FACE ( 'NONE', ( #1520 ), #906, .T. ) ;
#67 = B_SPLINE_CURVE_WITH_KNOTS ( 'NONE', 3,
 ( #1754, #107, #745, #1570 ),
 .UNSPECIFIED., .F., .F.,
 ( 4, 4 ),
 ( 0.000000000000000000, 1.000000000000000000 ),
 .UNSPECIFIED. ) ;
#68 = B_SPLINE_CURVE_WITH_KNOTS ( 'NONE', 3,
 ( #751, #333, #2004, #975 ),
 .UNSPECIFIED., .F., .F.,
 ( 4, 4 ),
 ( 0.000000000000000000, 1.000000000000000000 ),
 .UNSPECIFIED. ) ;
#69 = ORIENTED_EDGE ( 'NONE', *, *, #1435, .T. ) ;
#70 = EDGE_CURVE ( 'NONE', #1616, #1060, #2682, .T. ) ;
#71 =( NAMED_UNIT ( * ) PLANE_ANGLE_UNIT ( ) SI_UNIT ( $, .RADIAN. ) );
#72 = SURFACE_SIDE_STYLE ('',( #1933 ) ) ;
#73 = VERTEX_POINT ( 'NONE', #945 ) ;
#74 = CARTESIAN_POINT ( 'NONE',  ( 0.3675374410186624807, 0.08159150256100740350, 0.5999999999999999778 ) ) ;
#75 = AXIS2_PLACEMENT_3D ( 'NONE', #1622, #2189, #987 ) ;
#76 = DIRECTION ( 'NONE',  ( 0.000000000000000000, 0.000000000000000000, 1.000000000000000000 ) ) ;
#77 = CARTESIAN_POINT ( 'NONE',  ( -0.5308969554310279948, -0.9313554394231740030, 0.5567556602416069422 ) ) ;
#78 = COLOUR_RGB ( '',0.4117647058823529216, 0.4117647058823529216, 0.4117647058823529216 ) ;
#79 = CARTESIAN_POINT ( 'NONE',  ( 0.4813554470229384208, -0.9749999999989326094, 0.5999999999998298916 ) ) ;
#80 = STYLED_ITEM ( 'NONE', ( #1074 ), #1027 ) ;
#81 = ORIENTED_EDGE ( 'NONE', *, *, #2549, .T. ) ;
#82 =( LENGTH_UNIT ( ) NAMED_UNIT ( * ) SI_UNIT ( .MILLI., .METRE. ) );
#83 =( LENGTH_UNIT ( ) NAMED_UNIT ( * ) SI_UNIT ( .MILLI., .METRE. ) );
#84 = EDGE_CURVE ( 'NONE', #1300, #1311, #2159, .T. ) ;
#85 = ORIENTED_EDGE ( 'NONE', *, *, #1449, .F. ) ;
#86 = SURFACE_STYLE_FILL_AREA ( #2141 ) ;
#87 = VERTEX_POINT ( 'NONE', #1119 ) ;
#88 = PRESENTATION_STYLE_ASSIGNMENT (( #53 ) ) ;
#89 = FILL_AREA_STYLE_COLOUR ( '', #2602 ) ;
#90 = ORIENTED_EDGE ( 'NONE', *, *, #1453, .T. ) ;
#91 = SURFACE_SIDE_STYLE ('',( #687 ) ) ;
#92 = CARTESIAN_POINT ( 'NONE',  ( -0.3186433791372800250, 0.06079623340282799826, 0.5999999999999999778 ) ) ;
#93 = UNCERTAINTY_MEASURE_WITH_UNIT (LENGTH_MEASURE( 1.000000000000000082E-05 ), #837, 'distance_accuracy_value', 'NONE');
#94 = VERTEX_POINT ( 'NONE', #1320 ) ;
#95 = CARTESIAN_POINT ( 'NONE',  ( -0.8000000000000000444, -0.1399999999999999856, 0.000000000000000000 ) ) ;
#96 = EDGE_CURVE ( 'NONE', #2538, #1863, #2063, .T. ) ;
#97 = DIRECTION ( 'NONE',  ( 0.000000000000000000, -1.000000000000000000, 0.000000000000000000 ) ) ;
#98 = VERTEX_POINT ( 'NONE', #2380 ) ;
#99 = CARTESIAN_POINT ( 'NONE',  ( -0.8000000000000000444, -0.6400000000000000133, 0.1299999999999999767 ) ) ;
#100 = CARTESIAN_POINT ( 'NONE',  ( -0.8000000000000000444, -0.3600000000000000422, 0.1299999999999999767 ) ) ;
#101 = CARTESIAN_POINT ( 'NONE',  ( 0.5000000000000000000, 0.3600000000000000422, 0.000000000000000000 ) ) ;
#102 = ORIENTED_EDGE ( 'NONE', *, *, #2006, .F. ) ;
#103 = SURFACE_STYLE_USAGE ( .BOTH. , #91 ) ;
#104 = FACE_BOUND ( 'NONE', #1962, .T. ) ;
#105 = CARTESIAN_POINT ( 'NONE',  ( -0.4034518520542140219, -0.04124179289098459794, 0.5999999999999999778 ) ) ;
#106 = VERTEX_POINT ( 'NONE', #1098 ) ;
#107 = CARTESIAN_POINT ( 'NONE',  ( 0.5043897422971730382, -1.003931303572394018, 0.3878371068194604865 ) ) ;
#108 = CARTESIAN_POINT ( 'NONE',  ( -0.5000000000000000000, -0.6400000000000000133, 0.1299999999999999767 ) ) ;
#109 = EDGE_CURVE ( 'NONE', #1267, #2000, #495, .T. ) ;
#110 = ORIENTED_EDGE ( 'NONE', *, *, #282, .T. ) ;
#111 = CARTESIAN_POINT ( 'NONE',  ( 0.4015986932490714922, 0.03281987130012679887, 0.5999999999999999778 ) ) ;
#112 = CARTESIAN_POINT ( 'NONE',  ( 0.2787875453838210005, -0.05191608086946519762, 0.5999999999999999778 ) ) ;
#113 = COLOUR_RGB ( '',0.4117647058823529216, 0.4117647058823529216, 0.4117647058823529216 ) ;
#114 = COLOUR_RGB ( '',0.4117647058823529216, 0.4117647058823529216, 0.4117647058823529216 ) ;
#115 = EDGE_CURVE ( 'NONE', #2020, #358, #965, .T. ) ;
#116 =( NAMED_UNIT ( * ) SI_UNIT ( $, .STERADIAN. ) SOLID_ANGLE_UNIT ( ) );
#117 = CARTESIAN_POINT ( 'NONE',  ( -0.8000000000000000444, -0.1399999999999999856, 0.000000000000000000 ) ) ;
#118 = B_SPLINE_CURVE_WITH_KNOTS ( 'NONE', 1,
 ( #1439, #996 ),
 .UNSPECIFIED., .F., .F.,
 ( 2, 2 ),
 ( 0.000000000000000000, 0.2200000000000000011 ),
 .UNSPECIFIED. ) ;
#119 = MECHANICAL_DESIGN_GEOMETRIC_PRESENTATION_REPRESENTATION (  '', ( #2160 ), #2383 ) ;
#120 = EDGE_LOOP ( 'NONE', ( #18, #2474, #1196, #1135, #731, #2194, #102, #2495, #1129 ) ) ;
#121 = DIRECTION ( 'NONE',  ( 0.000000000000000000, 0.000000000000000000, 1.000000000000000000 ) ) ;
#122 = STYLED_ITEM ( 'NONE', ( #1992 ), #2157 ) ;
#123 = CARTESIAN_POINT ( 'NONE',  ( -0.3881816187841814481, 0.05005893711281640679, 0.5999999999999999778 ) ) ;
#124 = B_SPLINE_CURVE_WITH_KNOTS ( 'NONE', 3,
 ( #1700, #671, #1496, #2327, #457, #893, #1295, #1916, #1710, #155, #332, #1394, #941, #111, #1984 ),
 .UNSPECIFIED., .F., .F.,
 ( 4, 1, 2, 2, 2, 2, 2, 4 ),
 ( 0.000000000000000000, 0.1250000000000000000, 0.1875000000000000000, 0.2500000000000000000, 0.3750000000000000000, 0.5000000000000000000, 0.7500000000000000000, 1.000000000000000000 ),
 .UNSPECIFIED. ) ;
#125 = ORIENTED_EDGE ( 'NONE', *, *, #2100, .T. ) ;
#126 = CARTESIAN_POINT ( 'NONE',  ( 0.8000000000000000444, -0.8599999999999999867, 0.1299999999999999767 ) ) ;
#127 = ORIENTED_EDGE ( 'NONE', *, *, #1809, .F. ) ;
#128 = CARTESIAN_POINT ( 'NONE',  ( -0.8000000000000000444, 0.6400000000000000133, 0.000000000000000000 ) ) ;
#129 = CARTESIAN_POINT ( 'NONE',  ( 0.8000000000000000444, -0.1399999999999999856, 0.000000000000000000 ) ) ;
#130 = CARTESIAN_POINT ( 'NONE',  ( 0.5504584915972119408, 1.050000000042836001, 0.05000000000578889991 ) ) ;
#131 = CARTESIAN_POINT ( 'NONE',  ( 0.8000000000000000444, 0.6400000000000000133, 0.000000000000000000 ) ) ;
#132 = EDGE_CURVE ( 'NONE', #403, #1300, #2451, .T. ) ;
#133 = ORIENTED_EDGE ( 'NONE', *, *, #1776, .T. ) ;
#134 = B_SPLINE_CURVE_WITH_KNOTS ( 'NONE', 1,
 ( #369, #2192 ),
 .UNSPECIFIED., .F., .F.,
 ( 2, 2 ),
 ( 0.000000000000000000, 0.1300000000000000044 ),
 .UNSPECIFIED. ) ;
#135 = CARTESIAN_POINT ( 'NONE',  ( -0.5165685273151902068, 0.9309619914285027775, 0.6004015261910403689 ) ) ;
#136 = PLANE ( 'NONE',  #963 ) ;
#137 = CARTESIAN_POINT ( 'NONE',  ( 0.01442634702587266074, -0.009253578732106368734, 0.5999999999999999778 ) ) ;
#138 = ORIENTED_EDGE ( 'NONE', *, *, #2069, .T. ) ;
#139 = CARTESIAN_POINT ( 'NONE',  ( 0.5999999999999999778, -1.050000000000000044, 0.05000000000000000278 ) ) ;
#140 = CARTESIAN_POINT ( 'NONE',  ( -0.8000000000000000444, -0.1399999999999999856, 0.000000000000000000 ) ) ;
#141 = ORIENTED_EDGE ( 'NONE', *, *, #401, .T. ) ;
#142 = FILL_AREA_STYLE_COLOUR ( '', #2155 ) ;
#143 = CARTESIAN_POINT ( 'NONE',  ( 0.2309907642037869746, 0.02704498977505115018, 0.5999999999999999778 ) ) ;
#144 = PRESENTATION_STYLE_ASSIGNMENT (( #794 ) ) ;
#145 = FACE_OUTER_BOUND ( 'NONE', #1920, .T. ) ;
#146 = ADVANCED_FACE ( 'NONE', ( #1956 ), #1332, .T. ) ;
#147 = ORIENTED_EDGE ( 'NONE', *, *, #1367, .T. ) ;
#148 = CARTESIAN_POINT ( 'NONE',  ( -0.8000000000000000444, 0.8599999999999999867, 0.000000000000000000 ) ) ;
#149 = CARTESIAN_POINT ( 'NONE',  ( 0.1785367764737249840, 0.07602249488752550743, 0.5999999999999999778 ) ) ;
#150 = EDGE_LOOP ( 'NONE', ( #1431, #2247 ) ) ;
#151 = B_SPLINE_CURVE_WITH_KNOTS ( 'NONE', 1,
 ( #593, #1837 ),
 .UNSPECIFIED., .F., .F.,
 ( 2, 2 ),
 ( 0.2200000000000000011, 0.5200000000000000178 ),
 .UNSPECIFIED. ) ;
#152 = CARTESIAN_POINT ( 'NONE',  ( 0.8000000000000000444, -0.8599999999999999867, 0.000000000000000000 ) ) ;
#153 = DIRECTION ( 'NONE',  ( 0.000000000000000000, 0.000000000000000000, 1.000000000000000000 ) ) ;
#154 = ORIENTED_EDGE ( 'NONE', *, *, #2162, .F. ) ;
#155 = CARTESIAN_POINT ( 'NONE',  ( 0.3931465305812559818, 0.08889653410098539987, 0.5999999999999999778 ) ) ;
#156 = DIRECTION ( 'NONE',  ( 0.000000000000000000, 0.000000000000000000, 1.000000000000000000 ) ) ;
#157 = CARTESIAN_POINT ( 'NONE',  ( -0.5000000000000000000, 0.1399999999999999856, 0.000000000000000000 ) ) ;
#158 = B_SPLINE_CURVE_WITH_KNOTS ( 'NONE', 1,
 ( #2017, #320 ),
 .UNSPECIFIED., .F., .F.,
 ( 2, 2 ),
 ( 0.000000000000000000, 0.1300000000000000044 ),
 .UNSPECIFIED. ) ;
#159 = CARTESIAN_POINT ( 'NONE',  ( 0.1661916177646495241, 0.005052949057663369894, 0.5999999999999999778 ) ) ;
#160 = CLOSED_SHELL ( 'NONE', ( #1564, #567, #2397, #2271, #882, #295 ) ) ;
#161 = DIRECTION ( 'NONE',  ( 0.000000000000000000, 1.000000000000000000, 0.000000000000000000 ) ) ;
#162 =( GEOMETRIC_REPRESENTATION_CONTEXT ( 3 ) GLOBAL_UNCERTAINTY_ASSIGNED_CONTEXT ( ( #1833 ) ) GLOBAL_UNIT_ASSIGNED_CONTEXT ( ( #1106, #930, #1736 ) ) REPRESENTATION_CONTEXT ( 'NONE', 'WORKASPACE' ) );
#163 = ORIENTED_EDGE ( 'NONE', *, *, #468, .T. ) ;
#164 = COLOUR_RGB ( '',0.4117647058823529216, 0.4117647058823529216, 0.4117647058823529216 ) ;
#165 = PRESENTATION_STYLE_ASSIGNMENT (( #585 ) ) ;
#166 = CARTESIAN_POINT ( 'NONE',  ( -0.1573952074643495125, -0.03207960629286499971, 0.5999999999999999778 ) ) ;
#167 = PRODUCT_DEFINITION ( 'UNKNOWN', '', #174, #2441 ) ;
#168 = CARTESIAN_POINT ( 'NONE',  ( -0.5308969554311949723, 0.9313554394233970468, 0.5567556602402340404 ) ) ;
#169 = ORIENTED_EDGE ( 'NONE', *, *, #1637, .T. ) ;
#170 = FACE_OUTER_BOUND ( 'NONE', #343, .T. ) ;
#171 = AXIS2_PLACEMENT_3D ( 'NONE', #2638, #2672, #1843 ) ;
#172 = EDGE_CURVE ( 'NONE', #1912, #2020, #2187, .T. ) ;
#173 = CARTESIAN_POINT ( 'NONE',  ( 0.8000000000000000444, 0.8599999999999999867, 0.1299999999999999767 ) ) ;
#174 = PRODUCT_DEFINITION_FORMATION_WITH_SPECIFIED_SOURCE ( 'ANY', '', #1628, .NOT_KNOWN. ) ;
#175 = ORIENTED_EDGE ( 'NONE', *, *, #1210, .F. ) ;
#176 = CARTESIAN_POINT ( 'NONE',  ( -0.3400375133060369870, 0.8352443103183589956, 0.5999999999999999778 ) ) ;
#177 = CARTESIAN_POINT ( 'NONE',  ( -0.3349887634767710343, -0.03780813560689660208, 0.5999999999999999778 ) ) ;
#178 = ORIENTED_EDGE ( 'NONE', *, *, #2519, .T. ) ;
#179 = CARTESIAN_POINT ( 'NONE',  ( -0.5138489162389645593, 0.9812879299779146969, 0.5564192023979932511 ) ) ;
#180 = APPLICATION_PROTOCOL_DEFINITION ( 'draft international standard', 'automotive_design', 1998, #1638 ) ;
#181 = ORIENTED_EDGE ( 'NONE', *, *, #70, .T. ) ;
#182 = CARTESIAN_POINT ( 'NONE',  ( -0.5539313036145160352, -0.9543897901480070667, 0.3878371068268854915 ) ) ;
#183 = B_SPLINE_CURVE_WITH_KNOTS ( 'NONE', 3,
 ( #143, #507, #2635, #1147, #345, #1970, #2030, #1574, #1158, #112, #1602, #942, #2435, #1759, #2214, #2002, #974 ),
 .UNSPECIFIED., .F., .F.,
 ( 4, 1, 2, 2, 2, 2, 2, 2, 4 ),
 ( 0.000000000000000000, 0.1250000000000000000, 0.1875000000000000000, 0.2500000000000000000, 0.5000000000000000000, 0.6250000000000000000, 0.6875000000000000000, 0.7500000000000000000, 1.000000000000000000 ),
 .UNSPECIFIED. ) ;
#184 = DIRECTION ( 'NONE',  ( -0.000000000000000000, 1.000000000000000000, 0.000000000000000000 ) ) ;
#185 = ORIENTED_EDGE ( 'NONE', *, *, #1124, .T. ) ;
#186 = ADVANCED_FACE ( 'NONE', ( #2409 ), #737, .T. ) ;
#187 = DIRECTION ( 'NONE',  ( 0.000000000000000000, 0.000000000000000000, 1.000000000000000000 ) ) ;
#188 = CARTESIAN_POINT ( 'NONE',  ( -0.2343595639809250009, 0.8255673045901370521, 0.5999999999999999778 ) ) ;
#189 = CARTESIAN_POINT ( 'NONE',  ( -0.3993543035426705412, 0.08156088550904330714, 0.5999999999999999778 ) ) ;
#190 = CARTESIAN_POINT ( 'NONE',  ( 0.1514353657316289958, -0.04191880361594559762, 0.5999999999999999778 ) ) ;
#191 = EDGE_CURVE ( 'NONE', #1311, #45, #480, .T. ) ;
#192 = PLANE ( 'NONE',  #2555 ) ;
#193 = ORIENTED_EDGE ( 'NONE', *, *, #544, .F. ) ;
#194 = SURFACE_STYLE_FILL_AREA ( #2049 ) ;
#195 = CARTESIAN_POINT ( 'NONE',  ( -0.05261523443288659840, -0.05424335378323100199, 0.5999999999999999778 ) ) ;
#196 =( NAMED_UNIT ( * ) SI_UNIT ( $, .STERADIAN. ) SOLID_ANGLE_UNIT ( ) );
#197 = ORIENTED_EDGE ( 'NONE', *, *, #2365, .T. ) ;
#198 = CARTESIAN_POINT ( 'NONE',  ( -0.8000000000000000444, 0.1399999999999999856, 0.1299999999999999767 ) ) ;
#199 =( LENGTH_UNIT ( ) NAMED_UNIT ( * ) SI_UNIT ( .MILLI., .METRE. ) );
#200 = ORIENTED_EDGE ( 'NONE', *, *, #2488, .T. ) ;
#201 = CARTESIAN_POINT ( 'NONE',  ( 0.3608241822237300278, 0.03257741681447609561, 0.5999999999999999778 ) ) ;
#202 = CARTESIAN_POINT ( 'NONE',  ( -0.3529571025288384956, 0.1008365098822327915, 0.5999999999999999778 ) ) ;
#203 = ADVANCED_FACE ( 'NONE', ( #1384 ), #1358, .T. ) ;
#204 = CARTESIAN_POINT ( 'NONE',  ( 0.1369685186817646005, 0.02884292753182035249, 0.5999999999999999778 ) ) ;
#205 = CARTESIAN_POINT ( 'NONE',  ( 0.3562123047627504535, 0.02210293115201064987, 0.5999999999999999778 ) ) ;
#206 = ADVANCED_FACE ( 'NONE', ( #2005 ), #1159, .T. ) ;
#207 = ORIENTED_EDGE ( 'NONE', *, *, #1435, .F. ) ;
#208 = CARTESIAN_POINT ( 'NONE',  ( -0.5000000000000000000, 0.8599999999999999867, 0.1299999999999999767 ) ) ;
#209 = CARTESIAN_POINT ( 'NONE',  ( 0.8000000000000000444, -0.1399999999999999856, 0.000000000000000000 ) ) ;
#210 = CLOSED_SHELL ( 'NONE', ( #2084, #583, #623, #1877, #240, #862 ) ) ;
#211 = MECHANICAL_DESIGN_GEOMETRIC_PRESENTATION_REPRESENTATION (  '', ( #647 ), #824 ) ;
#212 = ORIENTED_EDGE ( 'NONE', *, *, #132, .T. ) ;
#213 = CARTESIAN_POINT ( 'NONE',  ( 0.2082544219436569810, 0.04299058692528680281, 0.5999999999999999778 ) ) ;
#214 = CARTESIAN_POINT ( 'NONE',  ( -0.5000000000000000000, 0.3600000000000000422, 0.000000000000000000 ) ) ;
#215 = AXIS2_PLACEMENT_3D ( 'NONE', #2610, #503, #2152 ) ;
#216 = CARTESIAN_POINT ( 'NONE',  ( 0.5138489162362700480, -0.9812879299778677344, 0.5564192023979553925 ) ) ;
#217 = EDGE_LOOP ( 'NONE', ( #2037, #2265, #1773, #440 ) ) ;
#218 =( GEOMETRIC_REPRESENTATION_CONTEXT ( 3 ) GLOBAL_UNCERTAINTY_ASSIGNED_CONTEXT ( ( #1325 ) ) GLOBAL_UNIT_ASSIGNED_CONTEXT ( ( #199, #2323, #1679 ) ) REPRESENTATION_CONTEXT ( 'NONE', 'WORKASPACE' ) );
#219 = CARTESIAN_POINT ( 'NONE',  ( 0.5000000000000000000, 0.6400000000000000133, 0.1299999999999999767 ) ) ;
#220 = CARTESIAN_POINT ( 'NONE',  ( -0.3113882522112309537, -0.01207921172610693962, 0.5999999999999999778 ) ) ;
#221 = CARTESIAN_POINT ( 'NONE',  ( 0.1785367764737249840, 0.09360940695296519898, 0.5999999999999999778 ) ) ;
#222 = FACE_OUTER_BOUND ( 'NONE', #1904, .T. ) ;
#223 = CARTESIAN_POINT ( 'NONE',  ( 0.5159069693107231069, -0.9659069693107230625, 0.2966221698561700149 ) ) ;
#224 = EDGE_LOOP ( 'NONE', ( #1024, #686, #813, #2308 ) ) ;
#225 = ADVANCED_FACE ( 'NONE', ( #2437 ), #1399, .T. ) ;
#226 = EDGE_LOOP ( 'NONE', ( #875, #2389, #633, #1802 ) ) ;
#227 = CARTESIAN_POINT ( 'NONE',  ( -0.2728947163688100197, 0.01876278118609395196, 0.5999999999999999778 ) ) ;
#228 = CARTESIAN_POINT ( 'NONE',  ( -0.1548305368935199988, 0.04980053574365430474, 0.5999999999999999778 ) ) ;
#229 = ORIENTED_EDGE ( 'NONE', *, *, #1464, .T. ) ;
#230 = CARTESIAN_POINT ( 'NONE',  ( -0.2728947163688100197, 0.03578575258550134586, 0.5999999999999999778 ) ) ;
#231 = SURFACE_SIDE_STYLE ('',( #934 ) ) ;
#232 =( NAMED_UNIT ( * ) SI_UNIT ( $, .STERADIAN. ) SOLID_ANGLE_UNIT ( ) );
#233 = CARTESIAN_POINT ( 'NONE',  ( -0.8000000000000000444, 0.3600000000000000422, 0.000000000000000000 ) ) ;
#234 = ORIENTED_EDGE ( 'NONE', *, *, #2246, .F. ) ;
#235 = B_SPLINE_CURVE_WITH_KNOTS ( 'NONE', 1,
 ( #1914, #1505 ),
 .UNSPECIFIED., .F., .F.,
 ( 2, 2 ),
 ( 0.000000000000000000, 0.1300000000000000044 ),
 .UNSPECIFIED. ) ;
#236 = EDGE_CURVE ( 'NONE', #358, #725, #2018, .T. ) ;
#237 = ORIENTED_EDGE ( 'NONE', *, *, #2452, .T. ) ;
#238 = CARTESIAN_POINT ( 'NONE',  ( 0.8000000000000000444, -0.8599999999999999867, 0.1299999999999999767 ) ) ;
#239 = CARTESIAN_POINT ( 'NONE',  ( 0.6000000000448070248, -1.000458491597730148, 0.05000000000610529960 ) ) ;
#240 = ADVANCED_FACE ( 'NONE', ( #823 ), #2494, .T. ) ;
#241 = CARTESIAN_POINT ( 'NONE',  ( -0.8000000000000000444, -0.6400000000000000133, 0.000000000000000000 ) ) ;
#242 = ORIENTED_EDGE ( 'NONE', *, *, #2687, .F. ) ;
#243 = CARTESIAN_POINT ( 'NONE',  ( -0.5000000000000000000, -0.3600000000000000422, 0.000000000000000000 ) ) ;
#244 = B_SPLINE_CURVE_WITH_KNOTS ( 'NONE', 1,
 ( #300, #2149 ),
 .UNSPECIFIED., .F., .F.,
 ( 2, 2 ),
 ( 0.000000000000000000, 0.1300000000000000044 ),
 .UNSPECIFIED. ) ;
#245 = CARTESIAN_POINT ( 'NONE',  ( -0.5000000000000000000, 0.1399999999999999856, 0.1299999999999999767 ) ) ;
#246 = ORIENTED_EDGE ( 'NONE', *, *, #1449, .T. ) ;
#247 = ORIENTED_EDGE ( 'NONE', *, *, #331, .T. ) ;
#248 = ORIENTED_EDGE ( 'NONE', *, *, #2128, .F. ) ;
#249 = STYLED_ITEM ( 'NONE', ( #2599 ), #146 ) ;
#250 = CARTESIAN_POINT ( 'NONE',  ( 0.2944974828543944767, 0.05015499874114030116, 0.5999999999999999778 ) ) ;
#251 = CARTESIAN_POINT ( 'NONE',  ( -0.2086224115569720039, 0.08126942799592730415, 0.5999999999999999778 ) ) ;
#252 =( GEOMETRIC_REPRESENTATION_CONTEXT ( 3 ) GLOBAL_UNCERTAINTY_ASSIGNED_CONTEXT ( ( #1138 ) ) GLOBAL_UNIT_ASSIGNED_CONTEXT ( ( #1819, #570, #1372 ) ) REPRESENTATION_CONTEXT ( 'NONE', 'WORKASPACE' ) );
#253 = DIRECTION ( 'NONE',  ( 0.000000000000000000, 1.000000000000000000, 0.000000000000000000 ) ) ;
#254 = ORIENTED_EDGE ( 'NONE', *, *, #857, .T. ) ;
#255 = B_SPLINE_CURVE_WITH_KNOTS ( 'NONE', 1,
 ( #1706, #2091 ),
 .UNSPECIFIED., .F., .F.,
 ( 2, 2 ),
 ( 0.000000000000000000, 0.1300000000000000044 ),
 .UNSPECIFIED. ) ;
#256 = MECHANICAL_DESIGN_GEOMETRIC_PRESENTATION_REPRESENTATION (  '', ( #2517 ), #1994 ) ;
#257 = ADVANCED_FACE ( 'NONE', ( #659 ), #2291, .T. ) ;
#258 = CARTESIAN_POINT ( 'NONE',  ( 0.3214356169538745145, -0.03483570370146464590, 0.5999999999999999778 ) ) ;
#259 = CARTESIAN_POINT ( 'NONE',  ( -0.5999999999876549639, -1.000458491597730148, 0.04999999999831179764 ) ) ;
#260 = CARTESIAN_POINT ( 'NONE',  ( 0.1834861638657369898, 1.050000000000000044, 0.05000000000000000278 ) ) ;
#261 =( GEOMETRIC_REPRESENTATION_CONTEXT ( 3 ) GLOBAL_UNCERTAINTY_ASSIGNED_CONTEXT ( ( #1977 ) ) GLOBAL_UNIT_ASSIGNED_CONTEXT ( ( #1615, #805, #594 ) ) REPRESENTATION_CONTEXT ( 'NONE', 'WORKASPACE' ) );
#262 = B_SPLINE_CURVE_WITH_KNOTS ( 'NONE', 1,
 ( #998, #359 ),
 .UNSPECIFIED., .F., .F.,
 ( 2, 2 ),
 ( 0.000000000000000000, 0.2200000000000000011 ),
 .UNSPECIFIED. ) ;
#263 = STYLED_ITEM ( 'NONE', ( #1751 ), #2562 ) ;
#264 = ORIENTED_EDGE ( 'NONE', *, *, #1287, .T. ) ;
#265 = CARTESIAN_POINT ( 'NONE',  ( 0.2135359109762590135, 0.07759417347528289877, 0.5999999999999999778 ) ) ;
#266 = CARTESIAN_POINT ( 'NONE',  ( 0.8000000000000000444, -0.6400000000000000133, 0.000000000000000000 ) ) ;
#267 = ORIENTED_EDGE ( 'NONE', *, *, #1397, .F. ) ;
#268 = CARTESIAN_POINT ( 'NONE',  ( -0.8000000000000000444, -0.6400000000000000133, 0.000000000000000000 ) ) ;
#269 = B_SPLINE_CURVE_WITH_KNOTS ( 'NONE', 1,
 ( #1362, #2191 ),
 .UNSPECIFIED., .F., .F.,
 ( 2, 2 ),
 ( 0.000000000000000000, 0.2200000000000000011 ),
 .UNSPECIFIED. ) ;
#270 = FILL_AREA_STYLE ('',( #682 ) ) ;
#271 = EDGE_CURVE ( 'NONE', #2325, #1863, #1327, .T. ) ;
#272 = CARTESIAN_POINT ( 'NONE',  ( 0.5000000000000000000, -0.6400000000000000133, 0.1299999999999999767 ) ) ;
#273 = ORIENTED_EDGE ( 'NONE', *, *, #602, .T. ) ;
#274 = CARTESIAN_POINT ( 'NONE',  ( -0.4813554470220410275, 0.9313554470202499713, 0.5999999999999999778 ) ) ;
#275 = CARTESIAN_POINT ( 'NONE',  ( -0.8000000000000000444, 0.8599999999999999867, 0.1299999999999999767 ) ) ;
#276 = ORIENTED_EDGE ( 'NONE', *, *, #1562, .F. ) ;
#277 = CARTESIAN_POINT ( 'NONE',  ( 0.8000000000000000444, -0.3600000000000000422, 0.1299999999999999767 ) ) ;
#278 = FILL_AREA_STYLE_COLOUR ( '', #1645 ) ;
#279 = CARTESIAN_POINT ( 'NONE',  ( 0.4813553676471529763, -0.9808969553902300298, 0.5567556602335439475 ) ) ;
#280 = ADVANCED_FACE ( 'NONE', ( #852 ), #1689, .T. ) ;
#281 = CARTESIAN_POINT ( 'NONE',  ( 0.3902370424722454989, -0.03490576970969234277, 0.5999999999999999778 ) ) ;
#282 = EDGE_CURVE ( 'NONE', #106, #1923, #2169, .T. ) ;
#283 = VERTEX_POINT ( 'NONE', #1471 ) ;
#284 = CARTESIAN_POINT ( 'NONE',  ( -0.5539313036146410463, 0.9543897901481539492, 0.3878371068259715004 ) ) ;
#285 = UNCERTAINTY_MEASURE_WITH_UNIT (LENGTH_MEASURE( 1.000000000000000082E-05 ), #1136, 'distance_accuracy_value', 'NONE');
#286 = AXIS2_PLACEMENT_3D ( 'NONE', #2202, #1191, #2422 ) ;
#287 = VERTEX_POINT ( 'NONE', #2303 ) ;
#288 = CARTESIAN_POINT ( 'NONE',  ( -0.5000000000000000000, -0.3600000000000000422, 0.000000000000000000 ) ) ;
#289 = CARTESIAN_POINT ( 'NONE',  ( 0.4807892752075700327, 0.9306352523263610177, 0.5999916069863879819 ) ) ;
#290 = ORIENTED_EDGE ( 'NONE', *, *, #1155, .T. ) ;
#291 = CARTESIAN_POINT ( 'NONE',  ( -0.8000000000000000444, -0.1399999999999999856, 0.000000000000000000 ) ) ;
#292 = MECHANICAL_DESIGN_GEOMETRIC_PRESENTATION_REPRESENTATION (  '', ( #335 ), #732 ) ;
#293 = CARTESIAN_POINT ( 'NONE',  ( 0.5276648930548980543, -0.9313554419555527542, 0.5804574509187079290 ) ) ;
#294 = COLOUR_RGB ( '',0.4117647058823529216, 0.4117647058823529216, 0.4117647058823529216 ) ;
#295 = ADVANCED_FACE ( 'NONE', ( #437 ), #192, .T. ) ;
#296 = EDGE_LOOP ( 'NONE', ( #247, #141, #1973, #1075 ) ) ;
#297 = B_SPLINE_CURVE_WITH_KNOTS ( 'NONE', 3,
 ( #1901, #38, #912, #704 ),
 .UNSPECIFIED., .F., .F.,
 ( 4, 4 ),
 ( 0.000000000000000000, 1.000000000000000000 ),
 .UNSPECIFIED. ) ;
#298 = CARTESIAN_POINT ( 'NONE',  ( 0.5765692733085052701, -1.050000000196541494, 0.05000000002671801252 ) ) ;
#299 = SURFACE_SIDE_STYLE ('',( #1373 ) ) ;
#300 = CARTESIAN_POINT ( 'NONE',  ( 0.8000000000000000444, -0.8599999999999999867, 0.000000000000000000 ) ) ;
#301 = ADVANCED_FACE ( 'NONE', ( #1647 ), #2097, .T. ) ;
#302 = ORIENTED_EDGE ( 'NONE', *, *, #1287, .F. ) ;
#303 = CARTESIAN_POINT ( 'NONE',  ( 0.1585981261669764941, 0.07602249488752600703, 0.5999999999999999778 ) ) ;
#304 = CARTESIAN_POINT ( 'NONE',  ( -0.06583950164488389101, 0.07796523517382410173, 0.5999999999999999778 ) ) ;
#305 = EDGE_LOOP ( 'NONE', ( #1436, #1643, #2204, #844 ) ) ;
#306 = FACE_OUTER_BOUND ( 'NONE', #1223, .T. ) ;
#307 = CARTESIAN_POINT ( 'NONE',  ( -0.8000000000000000444, 0.1399999999999999856, 0.000000000000000000 ) ) ;
#308 = DIRECTION ( 'NONE',  ( 1.000000000000000000, 0.000000000000000000, 0.000000000000000000 ) ) ;
#309 = B_SPLINE_CURVE_WITH_KNOTS ( 'NONE', 1,
 ( #707, #681 ),
 .UNSPECIFIED., .F., .F.,
 ( 2, 2 ),
 ( 0.000000000000000000, 0.1300000000000000044 ),
 .UNSPECIFIED. ) ;
#310 = ORIENTED_EDGE ( 'NONE', *, *, #2671, .T. ) ;
#311 =( NAMED_UNIT ( * ) SI_UNIT ( $, .STERADIAN. ) SOLID_ANGLE_UNIT ( ) );
#312 = CARTESIAN_POINT ( 'NONE',  ( 0.1039968991731120007, 0.09360940695296519898, 0.5999999999999999778 ) ) ;
#313 = EDGE_CURVE ( 'NONE', #475, #2226, #2662, .T. ) ;
#314 = DIRECTION ( 'NONE',  ( 0.1338965526631714642, -0.1338965526338080636, 0.9819080539325973911 ) ) ;
#315 = UNCERTAINTY_MEASURE_WITH_UNIT (LENGTH_MEASURE( 1.000000000000000082E-05 ), #2148, 'distance_accuracy_value', 'NONE');
#316 = ORIENTED_EDGE ( 'NONE', *, *, #1206, .F. ) ;
#317 = EDGE_CURVE ( 'NONE', #869, #2525, #783, .T. ) ;
#318 = CARTESIAN_POINT ( 'NONE',  ( -0.8000000000000000444, 0.8599999999999999867, 0.000000000000000000 ) ) ;
#319 = EDGE_LOOP ( 'NONE', ( #1322, #2423, #2048, #234, #718, #1792, #276 ) ) ;
#320 = CARTESIAN_POINT ( 'NONE',  ( 0.8000000000000000444, -0.1399999999999999856, 0.1299999999999999767 ) ) ;
#321 = DIRECTION ( 'NONE',  ( -1.000000000000000000, 0.000000000000000000, 0.000000000000000000 ) ) ;
#322 = VERTEX_POINT ( 'NONE', #1428 ) ;
#323 = FACE_OUTER_BOUND ( 'NONE', #150, .T. ) ;
#324 = B_SPLINE_CURVE_WITH_KNOTS ( 'NONE', 3,
 ( #1071, #2310, #1894, #871 ),
 .UNSPECIFIED., .F., .F.,
 ( 4, 4 ),
 ( 0.000000000000000000, 1.000000000000000000 ),
 .UNSPECIFIED. ) ;
#325 = CARTESIAN_POINT ( 'NONE',  ( -0.5138489162366414176, -0.9812879299778020092, 0.5564192023995397918 ) ) ;
#326 = CARTESIAN_POINT ( 'NONE',  ( 0.5000000000000000000, -0.1399999999999999856, 0.000000000000000000 ) ) ;
#327 = VERTEX_POINT ( 'NONE', #2263 ) ;
#328 = DIRECTION ( 'NONE',  ( 0.000000000000000000, -1.000000000000000000, 0.000000000000000000 ) ) ;
#329 =( NAMED_UNIT ( * ) PLANE_ANGLE_UNIT ( ) SI_UNIT ( $, .RADIAN. ) );
#330 = ORIENTED_EDGE ( 'NONE', *, *, #1333, .F. ) ;
#331 = EDGE_CURVE ( 'NONE', #106, #1757, #1072, .T. ) ;
#332 = CARTESIAN_POINT ( 'NONE',  ( 0.4073310532172049747, 0.07653975388391530410, 0.5999999999999999778 ) ) ;
#333 = CARTESIAN_POINT ( 'NONE',  ( -0.5308969554218359033, -0.3104518131409745307, 0.5567556602398749943 ) ) ;
#334 =( NAMED_UNIT ( * ) PLANE_ANGLE_UNIT ( ) SI_UNIT ( $, .RADIAN. ) );
#335 = STYLED_ITEM ( 'NONE', ( #144 ), #735 ) ;
#336 = ORIENTED_EDGE ( 'NONE', *, *, #1363, .T. ) ;
#337 = SURFACE_SIDE_STYLE ('',( #194 ) ) ;
#338 = AXIS2_PLACEMENT_3D ( 'NONE', #1176, #1398, #2232 ) ;
#339 = CARTESIAN_POINT ( 'NONE',  ( -0.5000000000000000000, 0.1399999999999999856, 0.1299999999999999767 ) ) ;
#340 = EDGE_LOOP ( 'NONE', ( #163, #1789, #2060, #901 ) ) ;
#341 = FILL_AREA_STYLE_COLOUR ( '', #2430 ) ;
#342 = CARTESIAN_POINT ( 'NONE',  ( 0.5000000000000000000, -0.3600000000000000422, 0.1299999999999999767 ) ) ;
#343 = EDGE_LOOP ( 'NONE', ( #715, #133, #2235, #2025 ) ) ;
#344 = FILL_AREA_STYLE ('',( #142 ) ) ;
#345 = CARTESIAN_POINT ( 'NONE',  ( 0.2031600598907125077, -0.001291108728180592009, 0.5999999999999999778 ) ) ;
#346 = EDGE_CURVE ( 'NONE', #2241, #1004, #449, .T. ) ;
#347 =( LENGTH_UNIT ( ) NAMED_UNIT ( * ) SI_UNIT ( .MILLI., .METRE. ) );
#348 =( NAMED_UNIT ( * ) SI_UNIT ( $, .STERADIAN. ) SOLID_ANGLE_UNIT ( ) );
#349 = B_SPLINE_CURVE_WITH_KNOTS ( 'NONE', 3,
 ( #1750, #298, #1548, #1348 ),
 .UNSPECIFIED., .F., .F.,
 ( 4, 4 ),
 ( 0.000000000000000000, 1.000000000000000000 ),
 .UNSPECIFIED. ) ;
#350 = EDGE_CURVE ( 'NONE', #1807, #2663, #1585, .T. ) ;
#351 = VERTEX_POINT ( 'NONE', #2154 ) ;
#352 = CARTESIAN_POINT ( 'NONE',  ( 0.8000000000000000444, -0.3600000000000000422, 0.1299999999999999767 ) ) ;
#353 = CARTESIAN_POINT ( 'NONE',  ( -0.4132832644260699961, -0.006083844580777099734, 0.5999999999999999778 ) ) ;
#354 = ORIENTED_EDGE ( 'NONE', *, *, #1140, .F. ) ;
#355 = CARTESIAN_POINT ( 'NONE',  ( -0.8000000000000000444, 0.3600000000000000422, 0.1299999999999999767 ) ) ;
#356 = PLANE ( 'NONE',  #2652 ) ;
#357 = CARTESIAN_POINT ( 'NONE',  ( -0.5000000000000000000, 0.6400000000000000133, 0.1299999999999999767 ) ) ;
#358 = VERTEX_POINT ( 'NONE', #506 ) ;
#359 = CARTESIAN_POINT ( 'NONE',  ( 0.5000000000000000000, -0.8599999999999999867, 0.000000000000000000 ) ) ;
#360 = PLANE ( 'NONE',  #959 ) ;
#361 = CARTESIAN_POINT ( 'NONE',  ( -0.3808651125732375187, 0.09726933327639139537, 0.5999999999999999778 ) ) ;
#362 = B_SPLINE_CURVE_WITH_KNOTS ( 'NONE', 1,
 ( #2400, #1780 ),
 .UNSPECIFIED., .F., .F.,
 ( 2, 2 ),
 ( 0.5200000000000000178, 0.7399999999999999911 ),
 .UNSPECIFIED. ) ;
#363 = CARTESIAN_POINT ( 'NONE',  ( 0.6000000000448070248, -1.000458491597730148, 0.05000000000610529960 ) ) ;
#364 = CARTESIAN_POINT ( 'NONE',  ( 0.3376369809727029492, -0.01221881390593054090, 0.5999999999999999778 ) ) ;
#365 = ADVANCED_FACE ( 'NONE', ( #1903 ), #1133, .T. ) ;
#366 = VERTEX_POINT ( 'NONE', #483 ) ;
#367 = EDGE_CURVE ( 'NONE', #2282, #45, #748, .T. ) ;
#368 = CARTESIAN_POINT ( 'NONE',  ( 0.2309907642037869746, 0.02704498977505115018, 0.5999999999999999778 ) ) ;
#369 = CARTESIAN_POINT ( 'NONE',  ( 0.5000000000000000000, 0.3600000000000000422, 0.000000000000000000 ) ) ;
#370 = UNCERTAINTY_MEASURE_WITH_UNIT (LENGTH_MEASURE( 1.000000000000000082E-05 ), #1386, 'distance_accuracy_value', 'NONE');
#371 = VERTEX_POINT ( 'NONE', #1954 ) ;
#372 = CARTESIAN_POINT ( 'NONE',  ( -0.8000000000000000444, -0.8599999999999999867, 0.1299999999999999767 ) ) ;
#373 = SURFACE_SIDE_STYLE ('',( #2665 ) ) ;
#374 = ORIENTED_EDGE ( 'NONE', *, *, #1964, .T. ) ;
#375 = DIRECTION ( 'NONE',  ( 0.000000000000000000, 1.000000000000000000, 0.000000000000000000 ) ) ;
#376 = CARTESIAN_POINT ( 'NONE',  ( -0.3111360251622665163, 0.05247102931151930577, 0.5999999999999999778 ) ) ;
#377 = CARTESIAN_POINT ( 'NONE',  ( -0.8000000000000000444, -0.1399999999999999856, 0.1299999999999999767 ) ) ;
#378 = B_SPLINE_CURVE_WITH_KNOTS ( 'NONE', 1,
 ( #1519, #2356 ),
 .UNSPECIFIED., .F., .F.,
 ( 2, 2 ),
 ( 0.000000000000000000, 0.1300000000000000044 ),
 .UNSPECIFIED. ) ;
#379 = CARTESIAN_POINT ( 'NONE',  ( 0.8000000000000000444, 0.8599999999999999867, 0.000000000000000000 ) ) ;
#380 = PLANE ( 'NONE',  #2121 ) ;
#381 = AXIS2_PLACEMENT_3D ( 'NONE', #131, #2233, #161 ) ;
#382 = DIRECTION ( 'NONE',  ( 1.000000000000000000, 8.796552655433871804E-14, 0.000000000000000000 ) ) ;
#383 = B_SPLINE_CURVE_WITH_KNOTS ( 'NONE', 3,
 ( #1674, #863, #1307, #221 ),
 .UNSPECIFIED., .F., .F.,
 ( 4, 4 ),
 ( 0.000000000000000000, 1.000000000000000000 ),
 .UNSPECIFIED. ) ;
#384 = VERTEX_POINT ( 'NONE', #77 ) ;
#385 = CARTESIAN_POINT ( 'NONE',  ( -0.8000000000000000444, 0.8599999999999999867, 0.1299999999999999767 ) ) ;
#386 = AXIS2_PLACEMENT_3D ( 'NONE', #466, #2554, #2129 ) ;
#387 = ADVANCED_FACE ( 'NONE', ( #1721 ), #1507, .T. ) ;
#388 = ORIENTED_EDGE ( 'NONE', *, *, #894, .T. ) ;
#389 = CARTESIAN_POINT ( 'NONE',  ( 0.8000000000000000444, -0.3600000000000000422, 0.000000000000000000 ) ) ;
#390 = CARTESIAN_POINT ( 'NONE',  ( 0.5304288365505370750, -0.9569981274159887752, 0.5601885593046918022 ) ) ;
#391 = ORIENTED_EDGE ( 'NONE', *, *, #1826, .F. ) ;
#392 = CARTESIAN_POINT ( 'NONE',  ( -0.2254840994219470263, 0.09596230559448619413, 0.5999999999999999778 ) ) ;
#393 = CARTESIAN_POINT ( 'NONE',  ( -0.1604518156739185020, -0.9313554470201649282, 0.5999999999999999778 ) ) ;
#394 = ORIENTED_EDGE ( 'NONE', *, *, #690, .T. ) ;
#395 = CARTESIAN_POINT ( 'NONE',  ( -0.5482249872909804589, 0.9375309734284602570, 0.5529314053700978837 ) ) ;
#396 = CARTESIAN_POINT ( 'NONE',  ( 0.1712404995849144962, -0.04335207856626750039, 0.5999999999999999778 ) ) ;
#397 = B_SPLINE_CURVE_WITH_KNOTS ( 'NONE', 3,
 ( #2333, #1279, #2322, #2103 ),
 .UNSPECIFIED., .F., .F.,
 ( 4, 4 ),
 ( 0.000000000000000000, 1.000000000000000000 ),
 .UNSPECIFIED. ) ;
#398 = APPLICATION_PROTOCOL_DEFINITION ( 'draft international standard', 'automotive_design', 1998, #1720 ) ;
#399 = ORIENTED_EDGE ( 'NONE', *, *, #1227, .T. ) ;
#400 = CARTESIAN_POINT ( 'NONE',  ( -0.8000000000000000444, 0.3600000000000000422, 0.000000000000000000 ) ) ;
#401 = EDGE_CURVE ( 'NONE', #1757, #2325, #1272, .T. ) ;
#402 = FILL_AREA_STYLE_COLOUR ( '', #294 ) ;
#403 = VERTEX_POINT ( 'NONE', #1926 ) ;
#404 = CARTESIAN_POINT ( 'NONE',  ( -0.5000000000000000000, 0.6400000000000000133, 0.1299999999999999767 ) ) ;
#405 = EDGE_CURVE ( 'NONE', #989, #283, #1108, .T. ) ;
#406 = B_SPLINE_CURVE_WITH_KNOTS ( 'NONE', 1,
 ( #157, #1814 ),
 .UNSPECIFIED., .F., .F.,
 ( 2, 2 ),
 ( 0.5200000000000000178, 0.7399999999999999911 ),
 .UNSPECIFIED. ) ;
#407 = FACE_OUTER_BOUND ( 'NONE', #17, .T. ) ;
#408 = SURFACE_STYLE_USAGE ( .BOTH. , #1232 ) ;
#409 = CARTESIAN_POINT ( 'NONE',  ( 0.003587901218101765058, 0.07796523517382410173, 0.5999999999999999778 ) ) ;
#410 = EDGE_LOOP ( 'NONE', ( #849, #185, #1629, #1115 ) ) ;
#411 = SURFACE_STYLE_USAGE ( .BOTH. , #1653 ) ;
#412 = CARTESIAN_POINT ( 'NONE',  ( 0.07097031430603630009, 0.009253578732106368734, 0.5999999999999999778 ) ) ;
#413 = ORIENTED_EDGE ( 'NONE', *, *, #2600, .F. ) ;
#414 = CARTESIAN_POINT ( 'NONE',  ( -0.4813554205637706751, 0.9552765905666429358, 0.6000000000001071143 ) ) ;
#415 = CARTESIAN_POINT ( 'NONE',  ( 0.4807892752077920218, -0.9306352523265850607, 0.5999916069863939772 ) ) ;
#416 = ORIENTED_EDGE ( 'NONE', *, *, #2021, .F. ) ;
#417 = B_SPLINE_CURVE_WITH_KNOTS ( 'NONE', 3,
 ( #2027, #1407, #982, #2620 ),
 .UNSPECIFIED., .F., .F.,
 ( 4, 4 ),
 ( 0.000000000000000000, 1.000000000000000000 ),
 .UNSPECIFIED. ) ;
#418 = CARTESIAN_POINT ( 'NONE',  ( -0.1233207441369445906, 0.03771980433443244962, 0.5999999999999999778 ) ) ;
#419 = CARTESIAN_POINT ( 'NONE',  ( 0.1039968991731120007, 0.09360940695296519898, 0.5999999999999999778 ) ) ;
#420 = CARTESIAN_POINT ( 'NONE',  ( 0.8000000000000000444, -0.6400000000000000133, 0.000000000000000000 ) ) ;
#421 = ADVANCED_FACE ( 'NONE', ( #1747 ), #493, .T. ) ;
#422 = CARTESIAN_POINT ( 'NONE',  ( -0.5000000000000000000, -0.6400000000000000133, 0.1299999999999999767 ) ) ;
#423 = VERTEX_POINT ( 'NONE', #1541 ) ;
#424 =( NAMED_UNIT ( * ) PLANE_ANGLE_UNIT ( ) SI_UNIT ( $, .RADIAN. ) );
#425 = VERTEX_POINT ( 'NONE', #880 ) ;
#426 = FACE_OUTER_BOUND ( 'NONE', #518, .T. ) ;
#427 = CARTESIAN_POINT ( 'NONE',  ( 0.8000000000000000444, -0.3600000000000000422, 0.000000000000000000 ) ) ;
#428 = MECHANICAL_DESIGN_GEOMETRIC_PRESENTATION_REPRESENTATION (  '', ( #1766 ), #1940 ) ;
#429 = CARTESIAN_POINT ( 'NONE',  ( -0.5000000000000000000, 0.1399999999999999856, 0.000000000000000000 ) ) ;
#430 = ORIENTED_EDGE ( 'NONE', *, *, #191, .T. ) ;
#431 = MECHANICAL_DESIGN_GEOMETRIC_PRESENTATION_REPRESENTATION (  '', ( #80 ), #218 ) ;
#432 = CARTESIAN_POINT ( 'NONE',  ( -0.2582972846150070056, 0.8356938861093979876, 0.5999999999999999778 ) ) ;
#433 = FILL_AREA_STYLE ('',( #2301 ) ) ;
#434 = COLOUR_RGB ( '',0.4117647058823529216, 0.4117647058823529216, 0.4117647058823529216 ) ;
#435 = CARTESIAN_POINT ( 'NONE',  ( 0.4166373849006285157, -0.02999685674611230271, 0.5999999999999999778 ) ) ;
#436 = B_SPLINE_CURVE_WITH_KNOTS ( 'NONE', 1,
 ( #326, #1993 ),
 .UNSPECIFIED., .F., .F.,
 ( 2, 2 ),
 ( 0.000000000000000000, 0.1300000000000000044 ),
 .UNSPECIFIED. ) ;
#437 = FACE_OUTER_BOUND ( 'NONE', #2358, .T. ) ;
#438 = EDGE_CURVE ( 'NONE', #563, #2545, #124, .T. ) ;
#439 = ORIENTED_EDGE ( 'NONE', *, *, #1620, .F. ) ;
#440 = ORIENTED_EDGE ( 'NONE', *, *, #2417, .T. ) ;
#441 = DIRECTION ( 'NONE',  ( 0.000000000000000000, 0.000000000000000000, 1.000000000000000000 ) ) ;
#442 = PLANE ( 'NONE',  #655 ) ;
#443 = ORIENTED_EDGE ( 'NONE', *, *, #1453, .F. ) ;
#444 =( LENGTH_UNIT ( ) NAMED_UNIT ( * ) SI_UNIT ( .MILLI., .METRE. ) );
#445 = DIRECTION ( 'NONE',  ( 0.000000000000000000, 0.000000000000000000, 1.000000000000000000 ) ) ;
#446 = CARTESIAN_POINT ( 'NONE',  ( 0.8000000000000000444, -0.3600000000000000422, 0.1299999999999999767 ) ) ;
#447 = EDGE_CURVE ( 'NONE', #1207, #2490, #2369, .T. ) ;
#448 = ORIENTED_EDGE ( 'NONE', *, *, #70, .F. ) ;
#449 = B_SPLINE_CURVE_WITH_KNOTS ( 'NONE', 1,
 ( #1972, #1518 ),
 .UNSPECIFIED., .F., .F.,
 ( 2, 2 ),
 ( 0.000000000000000000, 0.2200000000000000011 ),
 .UNSPECIFIED. ) ;
#450 = EDGE_CURVE ( 'NONE', #2581, #563, #1205, .T. ) ;
#451 = EDGE_LOOP ( 'NONE', ( #2596, #110, #2336, #908 ) ) ;
#452 = CARTESIAN_POINT ( 'NONE',  ( 0.2802131665880039924, 0.02983679669159805189, 0.5999999999999999778 ) ) ;
#453 = CARTESIAN_POINT ( 'NONE',  ( 0.8000000000000000444, -0.1399999999999999856, 0.1299999999999999767 ) ) ;
#454 = CARTESIAN_POINT ( 'NONE',  ( -0.5779112290130472562, -1.049342038948171130, 0.05000000000000000278 ) ) ;
#455 = ORIENTED_EDGE ( 'NONE', *, *, #1579, .F. ) ;
#456 = B_SPLINE_CURVE_WITH_KNOTS ( 'NONE', 3,
 ( #1203, #1986, #961, #130 ),
 .UNSPECIFIED., .F., .F.,
 ( 4, 4 ),
 ( 0.000000000000000000, 1.000000000000000000 ),
 .UNSPECIFIED. ) ;
#457 = CARTESIAN_POINT ( 'NONE',  ( 0.3480749201188889641, 0.09334616519916459632, 0.5999999999999999778 ) ) ;
#458 = B_SPLINE_CURVE_WITH_KNOTS ( 'NONE', 3,
 ( #968, #2661, #1374, #1152 ),
 .UNSPECIFIED., .F., .F.,
 ( 4, 4 ),
 ( 0.000000000000000000, 1.000000000000000000 ),
 .UNSPECIFIED. ) ;
#459 = PLANE ( 'NONE',  #500 ) ;
#460 = EDGE_LOOP ( 'NONE', ( #1490, #2139, #2127, #654 ) ) ;
#461 = AXIS2_PLACEMENT_3D ( 'NONE', #233, #630, #617 ) ;
#462 = CARTESIAN_POINT ( 'NONE',  ( -0.2278699392998634887, 0.07461970862930010495, 0.5999999999999999778 ) ) ;
#463 = EDGE_CURVE ( 'NONE', #1043, #1693, #2337, .T. ) ;
#464 = MECHANICAL_DESIGN_GEOMETRIC_PRESENTATION_REPRESENTATION (  '', ( #2640 ), #601 ) ;
#465 = ORIENTED_EDGE ( 'NONE', *, *, #927, .F. ) ;
#466 = CARTESIAN_POINT ( 'NONE',  ( -0.5000000000000000000, -0.3600000000000000422, 0.000000000000000000 ) ) ;
#467 = COLOUR_RGB ( '',0.4117647058823529216, 0.4117647058823529216, 0.4117647058823529216 ) ;
#468 = EDGE_CURVE ( 'NONE', #1714, #13, #3, .T. ) ;
#469 = CARTESIAN_POINT ( 'NONE',  ( -0.5304288368095805284, -0.9569981275305418089, 0.5601885593384718920 ) ) ;
#470 = PRESENTATION_LAYER_ASSIGNMENT (  '', '', ( #2304 ) ) ;
#471 = CARTESIAN_POINT ( 'NONE',  ( -0.1834861638657379890, 1.050000000000000044, 0.05000000000000000278 ) ) ;
#472 = MECHANICAL_DESIGN_GEOMETRIC_PRESENTATION_REPRESENTATION (  '', ( #2386 ), #738 ) ;
#473 = CARTESIAN_POINT ( 'NONE',  ( -0.4813553676470789799, -0.9808969554332229723, 0.5567556602399480470 ) ) ;
#474 = B_SPLINE_CURVE_WITH_KNOTS ( 'NONE', 3,
 ( #2284, #454, #1463, #2335 ),
 .UNSPECIFIED., .F., .F.,
 ( 4, 4 ),
 ( 0.000000000000000000, 1.000000000000000000 ),
 .UNSPECIFIED. ) ;
#475 = VERTEX_POINT ( 'NONE', #1758 ) ;
#476 = DIRECTION ( 'NONE',  ( 1.000000000000000000, 0.000000000000000000, 0.000000000000000000 ) ) ;
#477 = DIRECTION ( 'NONE',  ( 0.000000000000000000, 0.000000000000000000, 1.000000000000000000 ) ) ;
#478 = ORIENTED_EDGE ( 'NONE', *, *, #1317, .F. ) ;
#479 = EDGE_CURVE ( 'NONE', #969, #1254, #262, .T. ) ;
#480 = B_SPLINE_CURVE_WITH_KNOTS ( 'NONE', 3,
 ( #553, #1816, #2658, #536 ),
 .UNSPECIFIED., .F., .F.,
 ( 4, 4 ),
 ( 0.000000000000000000, 1.000000000000000000 ),
 .UNSPECIFIED. ) ;
#481 = CARTESIAN_POINT ( 'NONE',  ( 0.5000000000000000000, 0.6400000000000000133, 0.000000000000000000 ) ) ;
#482 = ADVANCED_FACE ( 'NONE', ( #306 ), #1617, .T. ) ;
#483 = CARTESIAN_POINT ( 'NONE',  ( 0.8000000000000000444, 0.3600000000000000422, 0.000000000000000000 ) ) ;
#484 = CARTESIAN_POINT ( 'NONE',  ( -0.5000000000000000000, -0.1399999999999999856, 0.000000000000000000 ) ) ;
#485 = VERTEX_POINT ( 'NONE', #2598 ) ;
#486 = B_SPLINE_CURVE_WITH_KNOTS ( 'NONE', 3,
 ( #1582, #303, #1143, #545 ),
 .UNSPECIFIED., .F., .F.,
 ( 4, 4 ),
 ( 0.000000000000000000, 1.000000000000000000 ),
 .UNSPECIFIED. ) ;
#487 = CARTESIAN_POINT ( 'NONE',  ( 0.3376369809727029492, -0.01221881390593054090, 0.5999999999999999778 ) ) ;
#488 = CARTESIAN_POINT ( 'NONE',  ( -0.3219202246873294482, 0.06758230703164529174, 0.5999999999999999778 ) ) ;
#489 = B_SPLINE_CURVE_WITH_KNOTS ( 'NONE', 1,
 ( #1625, #2605 ),
 .UNSPECIFIED., .F., .F.,
 ( 2, 2 ),
 ( 0.000000000000000000, 0.1300000000000000044 ),
 .UNSPECIFIED. ) ;
#490 = ORIENTED_EDGE ( 'NONE', *, *, #447, .T. ) ;
#491 = CARTESIAN_POINT ( 'NONE',  ( 0.3492125946231139921, 0.07895656543013530870, 0.5999999999999999778 ) ) ;
#492 = CARTESIAN_POINT ( 'NONE',  ( -0.8000000000000000444, 0.1399999999999999856, 0.000000000000000000 ) ) ;
#493 = PLANE ( 'NONE',  #1687 ) ;
#494 = EDGE_CURVE ( 'NONE', #1378, #2033, #158, .T. ) ;
#495 = B_SPLINE_CURVE_WITH_KNOTS ( 'NONE', 3,
 ( #919, #2145, #1498, #1310 ),
 .UNSPECIFIED., .F., .F.,
 ( 4, 4 ),
 ( 0.000000000000000000, 1.000000000000000000 ),
 .UNSPECIFIED. ) ;
#496 = CARTESIAN_POINT ( 'NONE',  ( 0.3555306415044000024, 0.01671779141104290031, 0.5999999999999999778 ) ) ;
#497 = ORIENTED_EDGE ( 'NONE', *, *, #1845, .T. ) ;
#498 = FACE_BOUND ( 'NONE', #1341, .T. ) ;
#499 = UNCERTAINTY_MEASURE_WITH_UNIT (LENGTH_MEASURE( 1.000000000000000082E-05 ), #82, 'distance_accuracy_value', 'NONE');
#500 = AXIS2_PLACEMENT_3D ( 'NONE', #683, #931, #2368 ) ;
#501 = EDGE_LOOP ( 'NONE', ( #1303, #533 ) ) ;
#502 = B_SPLINE_CURVE_WITH_KNOTS ( 'NONE', 3,
 ( #1583, #390, #2418, #1011 ),
 .UNSPECIFIED., .F., .F.,
 ( 4, 4 ),
 ( 0.000000000000000000, 1.000000000000000000 ),
 .UNSPECIFIED. ) ;
#503 = DIRECTION ( 'NONE',  ( 0.000000000000000000, -1.000000000000000000, 0.000000000000000000 ) ) ;
#504 = VERTEX_POINT ( 'NONE', #793 ) ;
#505 = STYLED_ITEM ( 'NONE', ( #979 ), #711 ) ;
#506 = CARTESIAN_POINT ( 'NONE',  ( 0.3555306415044000024, 0.01671779141104290031, 0.5999999999999999778 ) ) ;
#507 = CARTESIAN_POINT ( 'NONE',  ( 0.2215987936303869810, 0.02446660317129839904, 0.5999999999999999778 ) ) ;
#508 = AXIS2_PLACEMENT_3D ( 'NONE', #2287, #1038, #1410 ) ;
#509 = CARTESIAN_POINT ( 'NONE',  ( 0.3907467149960630048, 0.009583836769407019091, 0.5999999999999999778 ) ) ;
#510 = AXIS2_PLACEMENT_3D ( 'NONE', #2667, #187, #1839 ) ;
#511 = ADVANCED_FACE ( 'NONE', ( #2419 ), #762, .T. ) ;
#512 = B_SPLINE_CURVE_WITH_KNOTS ( 'NONE', 1,
 ( #966, #2371 ),
 .UNSPECIFIED., .F., .F.,
 ( 2, 2 ),
 ( 0.000000000000000000, 0.1300000000000000044 ),
 .UNSPECIFIED. ) ;
#513 = ORIENTED_EDGE ( 'NONE', *, *, #1917, .F. ) ;
#514 = ADVANCED_FACE ( 'NONE', ( #1157 ), #2174, .T. ) ;
#515 = SURFACE_SIDE_STYLE ('',( #1112 ) ) ;
#516 = FACE_BOUND ( 'NONE', #1033, .T. ) ;
#517 = PRESENTATION_STYLE_ASSIGNMENT (( #1730 ) ) ;
#518 = EDGE_LOOP ( 'NONE', ( #1440, #23, #354, #1892 ) ) ;
#519 = PRESENTATION_STYLE_ASSIGNMENT (( #1581 ) ) ;
#520 = FILL_AREA_STYLE ('',( #1554 ) ) ;
#521 = CARTESIAN_POINT ( 'NONE',  ( -0.1604517892157689696, 0.9808969554220811071, 0.5567556602380659969 ) ) ;
#522 = CARTESIAN_POINT ( 'NONE',  ( 0.03327433611926064461, -0.009253578732105940258, 0.5999999999999999778 ) ) ;
#523 = B_SPLINE_CURVE_WITH_KNOTS ( 'NONE', 3,
 ( #1823, #1422, #1667, #1865 ),
 .UNSPECIFIED., .F., .F.,
 ( 4, 4 ),
 ( 0.000000000000000000, 1.000000000000000000 ),
 .UNSPECIFIED. ) ;
#524 = SURFACE_STYLE_USAGE ( .BOTH. , #1559 ) ;
#525 = VERTEX_POINT ( 'NONE', #1199 ) ;
#526 = DIRECTION ( 'NONE',  ( 1.000000000000000000, 0.000000000000000000, 0.000000000000000000 ) ) ;
#527 = CARTESIAN_POINT ( 'NONE',  ( -0.3756004477203194747, 0.04118493728022734612, 0.5999999999999999778 ) ) ;
#528 = UNCERTAINTY_MEASURE_WITH_UNIT (LENGTH_MEASURE( 1.000000000000000082E-05 ), #746, 'distance_accuracy_value', 'NONE');
#529 = ADVANCED_FACE ( 'NONE', ( #1369 ), #1969, .T. ) ;
#530 = ORIENTED_EDGE ( 'NONE', *, *, #2614, .F. ) ;
#531 = CARTESIAN_POINT ( 'NONE',  ( -0.1855440275120169846, 0.6807475093684319800, 0.5999999999999999778 ) ) ;
#532 = SURFACE_SIDE_STYLE ('',( #86 ) ) ;
#533 = ORIENTED_EDGE ( 'NONE', *, *, #1513, .F. ) ;
#534 = DIRECTION ( 'NONE',  ( 0.000000000000000000, -1.000000000000000000, 0.000000000000000000 ) ) ;
#535 = CARTESIAN_POINT ( 'NONE',  ( -0.1152260047123690040, 0.09565439672801649695, 0.5999999999999999778 ) ) ;
#536 = CARTESIAN_POINT ( 'NONE',  ( -0.4813553676470789799, -0.9808969554332229723, 0.5567556602399480470 ) ) ;
#537 = B_SPLINE_CURVE_WITH_KNOTS ( 'NONE', 1,
 ( #557, #352 ),
 .UNSPECIFIED., .F., .F.,
 ( 2, 2 ),
 ( 0.2200000000000000011, 0.5200000000000000178 ),
 .UNSPECIFIED. ) ;
#538 = ORIENTED_EDGE ( 'NONE', *, *, #2181, .T. ) ;
#539 = FILL_AREA_STYLE ('',( #754 ) ) ;
#540 = FACE_OUTER_BOUND ( 'NONE', #120, .T. ) ;
#541 = CARTESIAN_POINT ( 'NONE',  ( 0.5000000000000000000, -0.8599999999999999867, 0.000000000000000000 ) ) ;
#542 = VERTEX_POINT ( 'NONE', #128 ) ;
#543 = CARTESIAN_POINT ( 'NONE',  ( 0.8000000000000000444, 0.8599999999999999867, 0.1299999999999999767 ) ) ;
#544 = EDGE_CURVE ( 'NONE', #2524, #2055, #1242, .T. ) ;
#545 = CARTESIAN_POINT ( 'NONE',  ( 0.1187208255534799861, 0.07602249488752550743, 0.5999999999999999778 ) ) ;
#546 = PLANE ( 'NONE',  #695 ) ;
#547 = VERTEX_POINT ( 'NONE', #772 ) ;
#548 = DIRECTION ( 'NONE',  ( 0.000000000000000000, 0.000000000000000000, 1.000000000000000000 ) ) ;
#549 = CARTESIAN_POINT ( 'NONE',  ( -0.5000000000000000000, 0.8599999999999999867, 0.000000000000000000 ) ) ;
#550 = EDGE_CURVE ( 'NONE', #1421, #1030, #1685, .T. ) ;
#551 = CARTESIAN_POINT ( 'NONE',  ( 0.1627500024595440187, 0.01386333634536911913, 0.5999999999999999778 ) ) ;
#552 = AXIS2_PLACEMENT_3D ( 'NONE', #1278, #10, #1100 ) ;
#553 = CARTESIAN_POINT ( 'NONE',  ( 0.4813553676471529763, -0.9808969553902300298, 0.5567556602335439475 ) ) ;
#554 = PRESENTATION_LAYER_ASSIGNMENT (  '', '', ( #2694 ) ) ;
#555 = AXIS2_PLACEMENT_3D ( 'NONE', #1922, #477, #652 ) ;
#556 = VERTEX_POINT ( 'NONE', #1601 ) ;
#557 = CARTESIAN_POINT ( 'NONE',  ( 0.5000000000000000000, -0.3600000000000000422, 0.1299999999999999767 ) ) ;
#558 = MECHANICAL_DESIGN_GEOMETRIC_PRESENTATION_REPRESENTATION (  '', ( #122 ), #1304 ) ;
#559 = CARTESIAN_POINT ( 'NONE',  ( -0.3803265136483435227, 0.04356688744286845577, 0.5999999999999999778 ) ) ;
#560 = ORIENTED_EDGE ( 'NONE', *, *, #494, .T. ) ;
#561 = CARTESIAN_POINT ( 'NONE',  ( -0.5504584915972130510, 1.049999999985215871, 0.04999999999793169891 ) ) ;
#562 = ADVANCED_FACE ( 'NONE', ( #2213 ), #1186, .T. ) ;
#563 = VERTEX_POINT ( 'NONE', #2242 ) ;
#564 = CARTESIAN_POINT ( 'NONE',  ( -0.5000000000000000000, -0.1399999999999999856, 0.000000000000000000 ) ) ;
#565 = CARTESIAN_POINT ( 'NONE',  ( 0.8000000000000000444, 0.1399999999999999856, 0.000000000000000000 ) ) ;
#566 = CARTESIAN_POINT ( 'NONE',  ( -0.3428873401371440033, 0.01142160754925442001, 0.5999999999999999778 ) ) ;
#567 = ADVANCED_FACE ( 'NONE', ( #1880 ), #2526, .T. ) ;
#568 = DIRECTION ( 'NONE',  ( -1.000000000000000000, 0.000000000000000000, 0.000000000000000000 ) ) ;
#569 = EDGE_LOOP ( 'NONE', ( #1037, #90, #388, #2553, #1879, #956, #1400, #538 ) ) ;
#570 =( NAMED_UNIT ( * ) PLANE_ANGLE_UNIT ( ) SI_UNIT ( $, .RADIAN. ) );
#571 = CARTESIAN_POINT ( 'NONE',  ( -0.1152260047123690040, 0.07796523517382410173, 0.5999999999999999778 ) ) ;
#572 = CARTESIAN_POINT ( 'NONE',  ( 0.01442634702587299901, 0.003084526244035315154, 0.5999999999999999778 ) ) ;
#573 = ORIENTED_EDGE ( 'NONE', *, *, #2253, .F. ) ;
#574 = CARTESIAN_POINT ( 'NONE',  ( 0.8000000000000000444, 0.1399999999999999856, 0.000000000000000000 ) ) ;
#575 = SURFACE_STYLE_USAGE ( .BOTH. , #373 ) ;
#576 = ORIENTED_EDGE ( 'NONE', *, *, #1109, .T. ) ;
#577 = B_SPLINE_CURVE_WITH_KNOTS ( 'NONE', 1,
 ( #238, #2499 ),
 .UNSPECIFIED., .F., .F.,
 ( 2, 2 ),
 ( 0.5200000000000000178, 0.7399999999999999911 ),
 .UNSPECIFIED. ) ;
#578 = CARTESIAN_POINT ( 'NONE',  ( 0.1160282556829959899, 0.06259372869802329320, 0.5999999999999999778 ) ) ;
#579 = CARTESIAN_POINT ( 'NONE',  ( -0.06583950164488400203, -0.01017382413087924119, 0.5999999999999999778 ) ) ;
#580 = DIRECTION ( 'NONE',  ( 0.000000000000000000, 0.000000000000000000, 1.000000000000000000 ) ) ;
#581 = CARTESIAN_POINT ( 'NONE',  ( 0.1434187792747499690, 0.02801848274438045044, 0.5999999999999999778 ) ) ;
#582 = CARTESIAN_POINT ( 'NONE',  ( -0.07562136940221199366, 0.09565439672801599735, 0.5999999999999999778 ) ) ;
#583 = ADVANCED_FACE ( 'NONE', ( #19 ), #2102, .T. ) ;
#584 = ORIENTED_EDGE ( 'NONE', *, *, #1175, .F. ) ;
#585 = SURFACE_STYLE_USAGE ( .BOTH. , #337 ) ;
#586 = PLANE ( 'NONE',  #605 ) ;
#587 = CARTESIAN_POINT ( 'NONE',  ( -0.3195583778738335101, -0.05088548013699760453, 0.5999999999999999778 ) ) ;
#588 = UNCERTAINTY_MEASURE_WITH_UNIT (LENGTH_MEASURE( 1.000000000000000082E-05 ), #1985, 'distance_accuracy_value', 'NONE');
#589 = B_SPLINE_CURVE_WITH_KNOTS ( 'NONE', 1,
 ( #1697, #1621 ),
 .UNSPECIFIED., .F., .F.,
 ( 2, 2 ),
 ( 0.7399999999999999911, 1.040000000000000036 ),
 .UNSPECIFIED. ) ;
#590 = VERTEX_POINT ( 'NONE', #2551 ) ;
#591 = CARTESIAN_POINT ( 'NONE',  ( -0.5000000000000000000, 0.8599999999999999867, 0.1299999999999999767 ) ) ;
#592 = B_SPLINE_CURVE_WITH_KNOTS ( 'NONE', 3,
 ( #2011, #2206, #2617, #755 ),
 .UNSPECIFIED., .F., .F.,
 ( 4, 4 ),
 ( 0.000000000000000000, 1.000000000000000000 ),
 .UNSPECIFIED. ) ;
#593 = CARTESIAN_POINT ( 'NONE',  ( -0.8000000000000000444, 0.6400000000000000133, 0.000000000000000000 ) ) ;
#594 =( NAMED_UNIT ( * ) SI_UNIT ( $, .STERADIAN. ) SOLID_ANGLE_UNIT ( ) );
#595 = VERTEX_POINT ( 'NONE', #2332 ) ;
#596 = CARTESIAN_POINT ( 'NONE',  ( 0.07097031430603630009, 0.009253578732106368734, 0.5999999999999999778 ) ) ;
#597 = CARTESIAN_POINT ( 'NONE',  ( -0.3945716079843519797, -0.004447852760736245234, 0.5999999999999999778 ) ) ;
#598 = CARTESIAN_POINT ( 'NONE',  ( 0.1085730123480019987, -0.03198663685404690149, 0.5999999999999999778 ) ) ;
#599 = CLOSED_SHELL ( 'NONE', ( #66, #421, #1745, #1603, #907, #206 ) ) ;
#600 = CARTESIAN_POINT ( 'NONE',  ( 0.003587901218102089885, 0.08386162235855480762, 0.5999999999999999778 ) ) ;
#601 =( GEOMETRIC_REPRESENTATION_CONTEXT ( 3 ) GLOBAL_UNCERTAINTY_ASSIGNED_CONTEXT ( ( #2580 ) ) GLOBAL_UNIT_ASSIGNED_CONTEXT ( ( #2309, #676, #635 ) ) REPRESENTATION_CONTEXT ( 'NONE', 'WORKASPACE' ) );
#602 = EDGE_CURVE ( 'NONE', #1753, #547, #577, .T. ) ;
#603 = ORIENTED_EDGE ( 'NONE', *, *, #1210, .T. ) ;
#604 = CARTESIAN_POINT ( 'NONE',  ( 0.8000000000000000444, -0.6400000000000000133, 0.000000000000000000 ) ) ;
#605 = AXIS2_PLACEMENT_3D ( 'NONE', #1417, #54, #1107 ) ;
#606 = EDGE_CURVE ( 'NONE', #1063, #9, #1878, .T. ) ;
#607 = VERTEX_POINT ( 'NONE', #227 ) ;
#608 = CARTESIAN_POINT ( 'NONE',  ( 0.8000000000000000444, -0.1399999999999999856, 0.000000000000000000 ) ) ;
#609 = AXIS2_PLACEMENT_3D ( 'NONE', #1231, #580, #627 ) ;
#610 = DIRECTION ( 'NONE',  ( -6.950592164700460450E-15, 1.000000000000000000, 6.679062982062730419E-15 ) ) ;
#611 = AXIS2_PLACEMENT_3D ( 'NONE', #2165, #314, #1886 ) ;
#612 = ORIENTED_EDGE ( 'NONE', *, *, #1899, .F. ) ;
#613 = DIRECTION ( 'NONE',  ( 0.000000000000000000, 0.000000000000000000, -1.000000000000000000 ) ) ;
#614 = CARTESIAN_POINT ( 'NONE',  ( -0.3265196296393439446, 0.005837340457726969932, 0.5999999999999999778 ) ) ;
#615 = CARTESIAN_POINT ( 'NONE',  ( 0.1055306415044000024, -0.01334355828220862121, 0.5999999999999999778 ) ) ;
#616 = CARTESIAN_POINT ( 'NONE',  ( 0.5000000000000000000, -0.1399999999999999856, 0.1299999999999999767 ) ) ;
#617 = DIRECTION ( 'NONE',  ( 0.000000000000000000, -1.000000000000000000, 0.000000000000000000 ) ) ;
#618 = ORIENTED_EDGE ( 'NONE', *, *, #1170, .F. ) ;
#619 = CARTESIAN_POINT ( 'NONE',  ( 0.5000000000000000000, 0.8599999999999999867, 0.000000000000000000 ) ) ;
#620 = EDGE_CURVE ( 'NONE', #403, #287, #2077, .T. ) ;
#621 = ORIENTED_EDGE ( 'NONE', *, *, #494, .F. ) ;
#622 = CARTESIAN_POINT ( 'NONE',  ( -0.1152260047123690040, 0.09565439672801649695, 0.5999999999999999778 ) ) ;
#623 = ADVANCED_FACE ( 'NONE', ( #426 ), #1477, .T. ) ;
#624 = CARTESIAN_POINT ( 'NONE',  ( -0.8000000000000000444, 0.6400000000000000133, 0.1299999999999999767 ) ) ;
#625 = ORIENTED_EDGE ( 'NONE', *, *, #1274, .F. ) ;
#626 = CARTESIAN_POINT ( 'NONE',  ( 0.3736385072084015269, 0.03472466440117764203, 0.5999999999999999778 ) ) ;
#627 = DIRECTION ( 'NONE',  ( 1.000000000000000000, 0.000000000000000000, 0.000000000000000000 ) ) ;
#628 = CARTESIAN_POINT ( 'NONE',  ( 0.5000000000000000000, -0.8599999999999999867, 0.1299999999999999767 ) ) ;
#629 = B_SPLINE_CURVE_WITH_KNOTS ( 'NONE', 1,
 ( #1302, #1478 ),
 .UNSPECIFIED., .F., .F.,
 ( 2, 2 ),
 ( 0.000000000000000000, 0.1300000000000000044 ),
 .UNSPECIFIED. ) ;
#630 = DIRECTION ( 'NONE',  ( 0.000000000000000000, 0.000000000000000000, -1.000000000000000000 ) ) ;
#631 = DIRECTION ( 'NONE',  ( -0.000000000000000000, 1.000000000000000000, 0.000000000000000000 ) ) ;
#632 = FILL_AREA_STYLE_COLOUR ( '', #1473 ) ;
#633 = ORIENTED_EDGE ( 'NONE', *, *, #550, .F. ) ;
#634 = B_SPLINE_CURVE_WITH_KNOTS ( 'NONE', 3,
 ( #597, #2288, #1425, #1, #836, #177, #1201, #1454, #220, #2260, #1828, #1000, #614, #1660, #566, #1442, #775, #1247, #1396, #2477, #2230, #2492, #189, #361, #202, #1619, #2058, #2031 ),
 .UNSPECIFIED., .F., .F.,
 ( 4, 2, 2, 2, 2, 2, 2, 2, 2, 2, 2, 2, 2, 4 ),
 ( 0.000000000000000000, 0.1250000000000000000, 0.1875000000000000000, 0.2500000000000000000, 0.3750000000000000000, 0.4062500000000000000, 0.4375000000000000000, 0.5000000000000000000, 0.5625000000000000000, 0.6250000000000000000, 0.6875000000000000000, 0.7500000000000000000, 0.8750000000000000000, 1.000000000000000000 ),
 .UNSPECIFIED. ) ;
#635 =( NAMED_UNIT ( * ) SI_UNIT ( $, .STERADIAN. ) SOLID_ANGLE_UNIT ( ) );
#636 = PLANE ( 'NONE',  #1429 ) ;
#637 = CARTESIAN_POINT ( 'NONE',  ( -0.5000000000000000000, -0.8599999999999999867, 0.000000000000000000 ) ) ;
#638 = ORIENTED_EDGE ( 'NONE', *, *, #2057, .T. ) ;
#639 = EDGE_CURVE ( 'NONE', #2328, #1145, #1391, .T. ) ;
#640 = CARTESIAN_POINT ( 'NONE',  ( -0.1855440275120169846, 0.7355440275123849014, 0.5999999999999999778 ) ) ;
#641 = CARTESIAN_POINT ( 'NONE',  ( 0.8000000000000000444, -0.6400000000000000133, 0.1299999999999999767 ) ) ;
#642 = FACE_OUTER_BOUND ( 'NONE', #1680, .T. ) ;
#643 = DIRECTION ( 'NONE',  ( 0.9909953143230670891, 0.01809119248766423785, 0.1326687444129157067 ) ) ;
#644 = B_SPLINE_CURVE_WITH_KNOTS ( 'NONE', 1,
 ( #750, #2393 ),
 .UNSPECIFIED., .F., .F.,
 ( 2, 2 ),
 ( 0.000000000000000000, 0.2200000000000000011 ),
 .UNSPECIFIED. ) ;
#645 = CLOSED_SHELL ( 'NONE', ( #660, #1291, #2466, #2234, #301, #2540, #2144, #1470, #703, #2133, #2201, #1010, #2330, #2505, #923, #203, #752, #828, #2157, #1027, #1829, #2367, #562, #146, #280, #387, #2053 ) ) ;
#646 = VERTEX_POINT ( 'NONE', #845 ) ;
#647 = STYLED_ITEM ( 'NONE', ( #1323 ), #660 ) ;
#648 = B_SPLINE_CURVE_WITH_KNOTS ( 'NONE', 1,
 ( #858, #1911 ),
 .UNSPECIFIED., .F., .F.,
 ( 2, 2 ),
 ( 0.7399999999999999911, 1.040000000000000036 ),
 .UNSPECIFIED. ) ;
#649 = PRESENTATION_LAYER_ASSIGNMENT (  '', '', ( #781 ) ) ;
#650 = ORIENTED_EDGE ( 'NONE', *, *, #2334, .F. ) ;
#651 = DIRECTION ( 'NONE',  ( 0.000000000000000000, 0.000000000000000000, -1.000000000000000000 ) ) ;
#652 = DIRECTION ( 'NONE',  ( 1.000000000000000000, 0.000000000000000000, 0.000000000000000000 ) ) ;
#653 = MECHANICAL_DESIGN_GEOMETRIC_PRESENTATION_REPRESENTATION (  '', ( #2304 ), #1132 ) ;
#654 = ORIENTED_EDGE ( 'NONE', *, *, #812, .F. ) ;
#655 = AXIS2_PLACEMENT_3D ( 'NONE', #241, #34, #1695 ) ;
#656 = CARTESIAN_POINT ( 'NONE',  ( -0.5504584915972130510, 1.049999999985215871, 0.04999999999793169891 ) ) ;
#657 = CARTESIAN_POINT ( 'NONE',  ( -0.5769656518073210671, 0.9774241408729419378, 0.2189185534129814981 ) ) ;
#658 = ADVANCED_FACE ( 'NONE', ( #1864 ), #1974, .T. ) ;
#659 = FACE_OUTER_BOUND ( 'NONE', #1639, .T. ) ;
#660 = ADVANCED_FACE ( 'NONE', ( #323 ), #1533, .T. ) ;
#661 = ORIENTED_EDGE ( 'NONE', *, *, #544, .T. ) ;
#662 = EDGE_LOOP ( 'NONE', ( #1347, #207, #1942, #1594 ) ) ;
#663 = CARTESIAN_POINT ( 'NONE',  ( -0.3047965568596074926, 0.05294819359236470346, 0.5999999999999999778 ) ) ;
#664 = DIRECTION ( 'NONE',  ( 1.000000000000000000, 0.000000000000000000, 0.000000000000000000 ) ) ;
#665 = B_SPLINE_CURVE_WITH_KNOTS ( 'NONE', 3,
 ( #1524, #92, #488, #2455, #1388, #991, #1209, #2222, #743, #1402, #123, #559, #527, #1976, #802, #2440, #1821, #1791, #2627, #2024, #1593, #2413, #1007, #1566, #980, #1364, #2035, #587, #1805, #2427, #105, #1578, #353 ),
 .UNSPECIFIED., .F., .F.,
 ( 4, 2, 2, 2, 2, 1, 1, 2, 2, 1, 2, 2, 2, 2, 2, 2, 2, 4 ),
 ( 0.000000000000000000, 0.06250000000000000000, 0.1250000000000000000, 0.1875000000000000000, 0.2500000000000000000, 0.3125000000000000000, 0.3437500000000000000, 0.3593750000000000000, 0.3750000000000000000, 0.4062500000000000000, 0.4218750000000000000, 0.4375000000000000000, 0.5000000000000000000, 0.6250000000000000000, 0.6875000000000000000, 0.7500000000000000000, 0.8750000000000000000, 1.000000000000000000 ),
 .UNSPECIFIED. ) ;
#666 = CARTESIAN_POINT ( 'NONE',  ( 0.5000000000000000000, -0.3600000000000000422, 0.000000000000000000 ) ) ;
#667 = EDGE_LOOP ( 'NONE', ( #2051, #1743, #2331, #2530, #650, #1111, #1521, #1572 ) ) ;
#668 = CARTESIAN_POINT ( 'NONE',  ( 0.5043897422971699296, 1.003931303571844014, 0.3878371068197454807 ) ) ;
#669 = CARTESIAN_POINT ( 'NONE',  ( 0.5000000000000000000, 0.6400000000000000133, 0.000000000000000000 ) ) ;
#670 = CARTESIAN_POINT ( 'NONE',  ( 0.3312984322231315448, -0.04793215905252130177, 0.5999999999999999778 ) ) ;
#671 = CARTESIAN_POINT ( 'NONE',  ( 0.3232062273764070293, 0.06845029345870000392, 0.5999999999999999778 ) ) ;
#672 = CARTESIAN_POINT ( 'NONE',  ( 0.4813553676471529763, -0.9808969553902300298, 0.5567556602335440585 ) ) ;
#673 = EDGE_CURVE ( 'NONE', #1254, #782, #1139, .T. ) ;
#674 = ORIENTED_EDGE ( 'NONE', *, *, #2021, .T. ) ;
#675 = EDGE_CURVE ( 'NONE', #556, #2055, #349, .T. ) ;
#676 =( NAMED_UNIT ( * ) PLANE_ANGLE_UNIT ( ) SI_UNIT ( $, .RADIAN. ) );
#677 = B_SPLINE_CURVE_WITH_KNOTS ( 'NONE', 3,
 ( #1527, #1913, #1950, #656 ),
 .UNSPECIFIED., .F., .F.,
 ( 4, 4 ),
 ( 0.000000000000000000, 1.000000000000000000 ),
 .UNSPECIFIED. ) ;
#678 = FACE_OUTER_BOUND ( 'NONE', #1215, .T. ) ;
#679 = FACE_OUTER_BOUND ( 'NONE', #1884, .T. ) ;
#680 = ORIENTED_EDGE ( 'NONE', *, *, #1979, .F. ) ;
#681 = CARTESIAN_POINT ( 'NONE',  ( 0.8000000000000000444, 0.3600000000000000422, 0.1299999999999999767 ) ) ;
#682 = FILL_AREA_STYLE_COLOUR ( '', #1427 ) ;
#683 = CARTESIAN_POINT ( 'NONE',  ( 0.5000000000000000000, 0.8599999999999999867, 0.000000000000000000 ) ) ;
#684 = EDGE_CURVE ( 'NONE', #1655, #1326, #512, .T. ) ;
#685 = MANIFOLD_SOLID_BREP ( 'NONE', #1684 ) ;
#686 = ORIENTED_EDGE ( 'NONE', *, *, #1545, .T. ) ;
#687 = SURFACE_STYLE_FILL_AREA ( #1512 ) ;
#688 = DIRECTION ( 'NONE',  ( -1.000000000000000000, 0.000000000000000000, 0.000000000000000000 ) ) ;
#689 = STYLED_ITEM ( 'NONE', ( #165 ), #706 ) ;
#690 = EDGE_CURVE ( 'NONE', #287, #2282, #2597, .T. ) ;
#691 = VERTEX_POINT ( 'NONE', #1991 ) ;
#692 = CARTESIAN_POINT ( 'NONE',  ( 0.3935837499675459705, 0.05573366774068670010, 0.5999999999999999778 ) ) ;
#693 = PRESENTATION_LAYER_ASSIGNMENT (  '', '', ( #2517 ) ) ;
#694 = CARTESIAN_POINT ( 'NONE',  ( -0.5308969554311949723, 0.9313554394233970468, 0.5567556602402340404 ) ) ;
#695 = AXIS2_PLACEMENT_3D ( 'NONE', #1228, #153, #2272 ) ;
#696 = DIRECTION ( 'NONE',  ( 0.9908301680442989090, 0.000000000000000000, 0.1351132047333139796 ) ) ;
#697 = CARTESIAN_POINT ( 'NONE',  ( 0.4813554470217569770, -0.9313554470202489721, 0.5999999999999139355 ) ) ;
#698 = MECHANICAL_DESIGN_GEOMETRIC_PRESENTATION_REPRESENTATION (  '', ( #1949 ), #261 ) ;
#699 = CARTESIAN_POINT ( 'NONE',  ( 0.3982202758490760441, -0.007583961977477589496, 0.5999999999999999778 ) ) ;
#700 = VERTEX_POINT ( 'NONE', #1522 ) ;
#701 = CARTESIAN_POINT ( 'NONE',  ( 0.8000000000000000444, -0.8599999999999999867, 0.000000000000000000 ) ) ;
#702 = CARTESIAN_POINT ( 'NONE',  ( -0.1515373544056199950, 0.03774284253578605308, 0.5999999999999999778 ) ) ;
#703 = ADVANCED_FACE ( 'NONE', ( #2359 ), #2632, .T. ) ;
#704 = CARTESIAN_POINT ( 'NONE',  ( 0.5308969553879450132, 0.9313554394233640732, 0.5567556602343380900 ) ) ;
#705 = ORIENTED_EDGE ( 'NONE', *, *, #2334, .T. ) ;
#706 = MANIFOLD_SOLID_BREP ( 'NONE', #1762 ) ;
#707 = CARTESIAN_POINT ( 'NONE',  ( 0.8000000000000000444, 0.3600000000000000422, 0.000000000000000000 ) ) ;
#708 = EDGE_CURVE ( 'NONE', #13, #1240, #1494, .T. ) ;
#709 = CARTESIAN_POINT ( 'NONE',  ( 0.1785367764737249840, 0.09360940695296519898, 0.5999999999999999778 ) ) ;
#710 = B_SPLINE_CURVE_WITH_KNOTS ( 'NONE', 1,
 ( #2056, #219 ),
 .UNSPECIFIED., .F., .F.,
 ( 2, 2 ),
 ( 0.000000000000000000, 0.2200000000000000011 ),
 .UNSPECIFIED. ) ;
#711 = MANIFOLD_SOLID_BREP ( 'NONE', #1334 ) ;
#712 = CARTESIAN_POINT ( 'NONE',  ( 0.3945933194609574923, 0.004374704611942995501, 0.5999999999999999778 ) ) ;
#713 = ORIENTED_EDGE ( 'NONE', *, *, #2412, .F. ) ;
#714 = FACE_BOUND ( 'NONE', #819, .T. ) ;
#715 = ORIENTED_EDGE ( 'NONE', *, *, #2586, .T. ) ;
#716 = CARTESIAN_POINT ( 'NONE',  ( 0.8000000000000000444, -0.1399999999999999856, 0.1299999999999999767 ) ) ;
#717 = EDGE_CURVE ( 'NONE', #1047, #951, #885, .T. ) ;
#718 = ORIENTED_EDGE ( 'NONE', *, *, #438, .F. ) ;
#719 = MANIFOLD_SOLID_BREP ( 'NONE', #160 ) ;
#720 = CARTESIAN_POINT ( 'NONE',  ( 0.4813554470220390291, 0.9313554470201229618, 0.5999999999999788836 ) ) ;
#721 = EDGE_LOOP ( 'NONE', ( #2678, #920, #443, #584, #2279, #854, #2465, #2695 ) ) ;
#722 =( NAMED_UNIT ( * ) PLANE_ANGLE_UNIT ( ) SI_UNIT ( $, .RADIAN. ) );
#723 = CARTESIAN_POINT ( 'NONE',  ( 0.3893752222814960140, 0.02694274028629870324, 0.5999999999999999778 ) ) ;
#724 = UNCERTAINTY_MEASURE_WITH_UNIT (LENGTH_MEASURE( 1.000000000000000082E-05 ), #51, 'distance_accuracy_value', 'NONE');
#725 = VERTEX_POINT ( 'NONE', #2280 ) ;
#726 = MANIFOLD_SOLID_BREP ( 'NONE', #1123 ) ;
#727 = CARTESIAN_POINT ( 'NONE',  ( -0.8000000000000000444, -0.1399999999999999856, 0.1299999999999999767 ) ) ;
#728 = B_SPLINE_CURVE_WITH_KNOTS ( 'NONE', 3,
 ( #2548, #2539, #293, #56 ),
 .UNSPECIFIED., .F., .F.,
 ( 4, 4 ),
 ( 0.000000000000000000, 1.000000000000000000 ),
 .UNSPECIFIED. ) ;
#729 =( GEOMETRIC_REPRESENTATION_CONTEXT ( 3 ) GLOBAL_UNCERTAINTY_ASSIGNED_CONTEXT ( ( #815 ) ) GLOBAL_UNIT_ASSIGNED_CONTEXT ( ( #2425, #784, #2643 ) ) REPRESENTATION_CONTEXT ( 'NONE', 'WORKASPACE' ) );
#730 = FILL_AREA_STYLE_COLOUR ( '', #1725 ) ;
#731 = ORIENTED_EDGE ( 'NONE', *, *, #463, .F. ) ;
#732 =( GEOMETRIC_REPRESENTATION_CONTEXT ( 3 ) GLOBAL_UNCERTAINTY_ASSIGNED_CONTEXT ( ( #2166 ) ) GLOBAL_UNIT_ASSIGNED_CONTEXT ( ( #2421, #810, #2449 ) ) REPRESENTATION_CONTEXT ( 'NONE', 'WORKASPACE' ) );
#733 = CARTESIAN_POINT ( 'NONE',  ( 0.5308969553881900394, -0.9313554394232079758, 0.5567556602357660589 ) ) ;
#734 = CARTESIAN_POINT ( 'NONE',  ( -0.8000000000000000444, 0.8599999999999999867, 0.1299999999999999767 ) ) ;
#735 = MANIFOLD_SOLID_BREP ( 'NONE', #645 ) ;
#736 = CARTESIAN_POINT ( 'NONE',  ( 0.4813553676471489795, 0.9808969553898869709, 0.5567556602340369976 ) ) ;
#737 = PLANE ( 'NONE',  #286 ) ;
#738 =( GEOMETRIC_REPRESENTATION_CONTEXT ( 3 ) GLOBAL_UNCERTAINTY_ASSIGNED_CONTEXT ( ( #2388 ) ) GLOBAL_UNIT_ASSIGNED_CONTEXT ( ( #2188, #1001, #116 ) ) REPRESENTATION_CONTEXT ( 'NONE', 'WORKASPACE' ) );
#739 = EDGE_CURVE ( 'NONE', #2688, #504, #1359, .T. ) ;
#740 = ORIENTED_EDGE ( 'NONE', *, *, #1654, .T. ) ;
#741 = FILL_AREA_STYLE_COLOUR ( '', #953 ) ;
#742 = DIRECTION ( 'NONE',  ( 0.000000000000000000, 0.000000000000000000, 1.000000000000000000 ) ) ;
#743 = CARTESIAN_POINT ( 'NONE',  ( -0.3863681949878675082, 0.06820319126346259531, 0.5999999999999999778 ) ) ;
#744 = ORIENTED_EDGE ( 'NONE', *, *, #1092, .T. ) ;
#745 = CARTESIAN_POINT ( 'NONE',  ( 0.5274241169471930446, -1.026965651849699901, 0.2189185534183510085 ) ) ;
#746 =( LENGTH_UNIT ( ) NAMED_UNIT ( * ) SI_UNIT ( .MILLI., .METRE. ) );
#747 = ORIENTED_EDGE ( 'NONE', *, *, #1529, .F. ) ;
#748 = B_SPLINE_CURVE_WITH_KNOTS ( 'NONE', 3,
 ( #1937, #2134, #1318, #2143 ),
 .UNSPECIFIED., .F., .F.,
 ( 4, 4 ),
 ( 0.000000000000000000, 1.000000000000000000 ),
 .UNSPECIFIED. ) ;
#749 = DIRECTION ( 'NONE',  ( 1.000000000000000000, 0.000000000000000000, 0.000000000000000000 ) ) ;
#750 = CARTESIAN_POINT ( 'NONE',  ( -0.8000000000000000444, 0.3600000000000000422, 0.000000000000000000 ) ) ;
#751 = CARTESIAN_POINT ( 'NONE',  ( -0.5308969554310279948, -0.9313554394231740030, 0.5567556602416069422 ) ) ;
#752 = ADVANCED_FACE ( 'NONE', ( #1798 ), #380, .T. ) ;
#753 = ORIENTED_EDGE ( 'NONE', *, *, #1059, .F. ) ;
#754 = FILL_AREA_STYLE_COLOUR ( '', #2207 ) ;
#755 = CARTESIAN_POINT ( 'NONE',  ( 0.4813554470220390291, 0.9313554470201229618, 0.5999999999999788836 ) ) ;
#756 = UNCERTAINTY_MEASURE_WITH_UNIT (LENGTH_MEASURE( 1.000000000000000082E-05 ), #962, 'distance_accuracy_value', 'NONE');
#757 = B_SPLINE_CURVE_WITH_KNOTS ( 'NONE', 1,
 ( #2255, #2664 ),
 .UNSPECIFIED., .F., .F.,
 ( 2, 2 ),
 ( 0.2200000000000000011, 0.5200000000000000178 ),
 .UNSPECIFIED. ) ;
#758 = ORIENTED_EDGE ( 'NONE', *, *, #1092, .F. ) ;
#759 = MANIFOLD_SOLID_BREP ( 'NONE', #599 ) ;
#760 = SURFACE_SIDE_STYLE ('',( #1963 ) ) ;
#761 = ORIENTED_EDGE ( 'NONE', *, *, #450, .T. ) ;
#762 = PLANE ( 'NONE',  #1597 ) ;
#763 = CARTESIAN_POINT ( 'NONE',  ( -0.4813553676472279719, 0.9808969554331661289, 0.5567556602393970433 ) ) ;
#764 = SURFACE_STYLE_USAGE ( .BOTH. , #1799 ) ;
#765 = VERTEX_POINT ( 'NONE', #259 ) ;
#766 = EDGE_CURVE ( 'NONE', #45, #384, #1455, .T. ) ;
#767 = CARTESIAN_POINT ( 'NONE',  ( -0.5000000000000000000, 0.3600000000000000422, 0.1299999999999999767 ) ) ;
#768 = ORIENTED_EDGE ( 'NONE', *, *, #313, .F. ) ;
#769 = PLANE ( 'NONE',  #1649 ) ;
#770 = EDGE_CURVE ( 'NONE', #1825, #1753, #27, .T. ) ;
#771 = ORIENTED_EDGE ( 'NONE', *, *, #1882, .T. ) ;
#772 = CARTESIAN_POINT ( 'NONE',  ( 0.8000000000000000444, -0.6400000000000000133, 0.1299999999999999767 ) ) ;
#773 = CARTESIAN_POINT ( 'NONE',  ( -0.02947276681189125308, 0.07796523517382410173, 0.5999999999999999778 ) ) ;
#774 = CLOSED_SHELL ( 'NONE', ( #2286, #1713, #1319, #1915, #365, #1380 ) ) ;
#775 = CARTESIAN_POINT ( 'NONE',  ( -0.3819364852451669901, 0.02181484846005445066, 0.5999999999999999778 ) ) ;
#776 = B_SPLINE_CURVE_WITH_KNOTS ( 'NONE', 1,
 ( #108, #2198 ),
 .UNSPECIFIED., .F., .F.,
 ( 2, 2 ),
 ( 0.7399999999999999911, 1.040000000000000036 ),
 .UNSPECIFIED. ) ;
#777 = CARTESIAN_POINT ( 'NONE',  ( 0.1511386156755675225, 0.02498508124472130151, 0.5999999999999999778 ) ) ;
#778 = AXIS2_PLACEMENT_3D ( 'NONE', #1530, #696, #42 ) ;
#779 = PRESENTATION_STYLE_ASSIGNMENT (( #764 ) ) ;
#780 = FILL_AREA_STYLE ('',( #1221 ) ) ;
#781 = STYLED_ITEM ( 'NONE', ( #829 ), #719 ) ;
#782 = VERTEX_POINT ( 'NONE', #1469 ) ;
#783 = B_SPLINE_CURVE_WITH_KNOTS ( 'NONE', 3,
 ( #864, #1284, #600, #409 ),
 .UNSPECIFIED., .F., .F.,
 ( 4, 4 ),
 ( 0.000000000000000000, 1.000000000000000000 ),
 .UNSPECIFIED. ) ;
#784 =( NAMED_UNIT ( * ) PLANE_ANGLE_UNIT ( ) SI_UNIT ( $, .RADIAN. ) );
#785 = CARTESIAN_POINT ( 'NONE',  ( -0.5000000000000000000, -0.1399999999999999856, 0.1299999999999999767 ) ) ;
#786 = CARTESIAN_POINT ( 'NONE',  ( 0.1055306415044000024, -0.01334355828220862121, 0.5999999999999999778 ) ) ;
#787 = VERTEX_POINT ( 'NONE', #245 ) ;
#788 = FACE_OUTER_BOUND ( 'NONE', #1085, .T. ) ;
#789 = B_SPLINE_CURVE_WITH_KNOTS ( 'NONE', 1,
 ( #1116, #95 ),
 .UNSPECIFIED., .F., .F.,
 ( 2, 2 ),
 ( 0.7399999999999999911, 1.040000000000000036 ),
 .UNSPECIFIED. ) ;
#790 = CARTESIAN_POINT ( 'NONE',  ( 0.8000000000000000444, 0.8599999999999999867, 0.000000000000000000 ) ) ;
#791 = ORIENTED_EDGE ( 'NONE', *, *, #1516, .F. ) ;
#792 = EDGE_CURVE ( 'NONE', #1259, #969, #943, .T. ) ;
#793 = CARTESIAN_POINT ( 'NONE',  ( 0.1067576353694310171, 0.01436605316973406030, 0.5999999999999999778 ) ) ;
#794 = SURFACE_STYLE_USAGE ( .BOTH. , #2685 ) ;
#795 = CARTESIAN_POINT ( 'NONE',  ( 0.5000000000000000000, 0.3600000000000000422, 0.1299999999999999767 ) ) ;
#796 = EDGE_CURVE ( 'NONE', #384, #2282, #1910, .T. ) ;
#797 = B_SPLINE_CURVE_WITH_KNOTS ( 'NONE', 1,
 ( #2195, #1782 ),
 .UNSPECIFIED., .F., .F.,
 ( 2, 2 ),
 ( 0.5200000000000000178, 0.7399999999999999911 ),
 .UNSPECIFIED. ) ;
#798 = ADVANCED_BREP_SHAPE_REPRESENTATION ( 'SOT-583', ( #1642, #735, #706, #711, #2562, #719, #685, #759, #726, #2481 ), #2608 ) ;
#799 = ORIENTED_EDGE ( 'NONE', *, *, #2036, .T. ) ;
#800 = SURFACE_STYLE_USAGE ( .BOTH. , #1179 ) ;
#801 = CARTESIAN_POINT ( 'NONE',  ( -0.2524448186182989828, -0.02225496220182269710, 0.5999999999999999778 ) ) ;
#802 = CARTESIAN_POINT ( 'NONE',  ( -0.3713524072844259782, 0.03933333502149640587, 0.5999999999999999778 ) ) ;
#803 = ORIENTED_EDGE ( 'NONE', *, *, #1964, .F. ) ;
#804 = DIRECTION ( 'NONE',  ( 0.000000000000000000, -1.000000000000000000, 0.000000000000000000 ) ) ;
#805 =( NAMED_UNIT ( * ) PLANE_ANGLE_UNIT ( ) SI_UNIT ( $, .RADIAN. ) );
#806 = ORIENTED_EDGE ( 'NONE', *, *, #1192, .T. ) ;
#807 = CARTESIAN_POINT ( 'NONE',  ( 0.05212232521264829888, 0.009253578732105940258, 0.5999999999999999778 ) ) ;
#808 = CARTESIAN_POINT ( 'NONE',  ( 0.08947747177024899246, 0.01661554192229044991, 0.5999999999999999778 ) ) ;
#809 = EDGE_CURVE ( 'NONE', #2147, #859, #383, .T. ) ;
#810 =( NAMED_UNIT ( * ) PLANE_ANGLE_UNIT ( ) SI_UNIT ( $, .RADIAN. ) );
#811 = SURFACE_SIDE_STYLE ('',( #2686 ) ) ;
#812 = EDGE_CURVE ( 'NONE', #1236, #542, #2533, .T. ) ;
#813 = ORIENTED_EDGE ( 'NONE', *, *, #717, .F. ) ;
#814 = CARTESIAN_POINT ( 'NONE',  ( 0.1299846182132671779, -0.05684022406999119509, 0.5999999999999999778 ) ) ;
#815 = UNCERTAINTY_MEASURE_WITH_UNIT (LENGTH_MEASURE( 1.000000000000000082E-05 ), #2425, 'distance_accuracy_value', 'NONE');
#816 = B_SPLINE_CURVE_WITH_KNOTS ( 'NONE', 3,
 ( #694, #2391, #63, #1354 ),
 .UNSPECIFIED., .F., .F.,
 ( 4, 4 ),
 ( 0.000000000000000000, 1.000000000000000000 ),
 .UNSPECIFIED. ) ;
#817 = VERTEX_POINT ( 'NONE', #2507 ) ;
#818 = CARTESIAN_POINT ( 'NONE',  ( -0.5000000000000000000, 0.6400000000000000133, 0.000000000000000000 ) ) ;
#819 = EDGE_LOOP ( 'NONE', ( #1563, #1171, #229, #138 ) ) ;
#820 = CARTESIAN_POINT ( 'NONE',  ( -0.5999999999876879375, 1.000458491597730148, 0.04999999999831579445 ) ) ;
#821 = PLANE ( 'NONE',  #609 ) ;
#822 = SURFACE_STYLE_FILL_AREA ( #1426 ) ;
#823 = FACE_OUTER_BOUND ( 'NONE', #224, .T. ) ;
#824 =( GEOMETRIC_REPRESENTATION_CONTEXT ( 3 ) GLOBAL_UNCERTAINTY_ASSIGNED_CONTEXT ( ( #499 ) ) GLOBAL_UNIT_ASSIGNED_CONTEXT ( ( #82, #71, #2347 ) ) REPRESENTATION_CONTEXT ( 'NONE', 'WORKASPACE' ) );
#825 = B_SPLINE_CURVE_WITH_KNOTS ( 'NONE', 1,
 ( #899, #1716 ),
 .UNSPECIFIED., .F., .F.,
 ( 2, 2 ),
 ( 0.7399999999999999911, 1.040000000000000036 ),
 .UNSPECIFIED. ) ;
#826 = ORIENTED_EDGE ( 'NONE', *, *, #1499, .T. ) ;
#827 = B_SPLINE_CURVE_WITH_KNOTS ( 'NONE', 3,
 ( #2636, #2436, #2684, #1854 ),
 .UNSPECIFIED., .F., .F.,
 ( 4, 4 ),
 ( 0.000000000000000000, 1.000000000000000000 ),
 .UNSPECIFIED. ) ;
#828 = ADVANCED_FACE ( 'NONE', ( #642 ), #1711, .T. ) ;
#829 = PRESENTATION_STYLE_ASSIGNMENT (( #411 ) ) ;
#830 = AXIS2_PLACEMENT_3D ( 'NONE', #275, #441, #664 ) ;
#831 = VERTEX_POINT ( 'NONE', #492 ) ;
#832 = DIRECTION ( 'NONE',  ( 1.000000000000000000, 0.000000000000000000, 0.000000000000000000 ) ) ;
#833 = CARTESIAN_POINT ( 'NONE',  ( 0.5168688245029130490, -0.9607930752143829523, 0.5307068388786800872 ) ) ;
#834 = EDGE_LOOP ( 'NONE', ( #2190, #1551, #1818, #430 ) ) ;
#835 = CARTESIAN_POINT ( 'NONE',  ( -0.1318415466346583853, -0.001099182004090031896, 0.5999999999999999778 ) ) ;
#836 = CARTESIAN_POINT ( 'NONE',  ( -0.3499978304938785034, -0.03950564552628704762, 0.5999999999999999778 ) ) ;
#837 =( LENGTH_UNIT ( ) NAMED_UNIT ( * ) SI_UNIT ( .MILLI., .METRE. ) );
#838 = CARTESIAN_POINT ( 'NONE',  ( -0.3945716079843519797, -0.004447852760736245234, 0.5999999999999999778 ) ) ;
#839 = CARTESIAN_POINT ( 'NONE',  ( 0.3568939680211005161, 0.02748807089297839942, 0.5999999999999999778 ) ) ;
#840 = FACE_OUTER_BOUND ( 'NONE', #30, .T. ) ;
#841 = FILL_AREA_STYLE_COLOUR ( '', #2472 ) ;
#842 = CARTESIAN_POINT ( 'NONE',  ( 0.1789440202719475015, -0.03383896655411394727, 0.5999999999999999778 ) ) ;
#843 = EDGE_CURVE ( 'NONE', #2611, #1421, #816, .T. ) ;
#844 = ORIENTED_EDGE ( 'NONE', *, *, #55, .F. ) ;
#845 = CARTESIAN_POINT ( 'NONE',  ( 0.8000000000000000444, 0.8599999999999999867, 0.1299999999999999767 ) ) ;
#846 = PLANE ( 'NONE',  #1997 ) ;
#847 = ADVANCED_FACE ( 'NONE', ( #1329 ), #1746, .T. ) ;
#848 = CARTESIAN_POINT ( 'NONE',  ( -0.1403623491323723882, -0.03991816834261254637, 0.5999999999999999778 ) ) ;
#849 = ORIENTED_EDGE ( 'NONE', *, *, #1651, .T. ) ;
#850 = CARTESIAN_POINT ( 'NONE',  ( 0.01442634702587266074, 0.009253578732106368734, 0.5999999999999999778 ) ) ;
#851 = CARTESIAN_POINT ( 'NONE',  ( -0.5308969554310279948, -0.9313554394231740030, 0.5567556602416069422 ) ) ;
#852 = FACE_OUTER_BOUND ( 'NONE', #1511, .T. ) ;
#853 = ORIENTED_EDGE ( 'NONE', *, *, #236, .T. ) ;
#854 = ORIENTED_EDGE ( 'NONE', *, *, #1415, .F. ) ;
#855 = CARTESIAN_POINT ( 'NONE',  ( 0.1604518156740130097, 0.9313554470201670377, 0.5999999999999999778 ) ) ;
#856 = PLANE ( 'NONE',  #555 ) ;
#857 = EDGE_CURVE ( 'NONE', #1863, #1326, #776, .T. ) ;
#858 = CARTESIAN_POINT ( 'NONE',  ( -0.5000000000000000000, -0.1399999999999999856, 0.1299999999999999767 ) ) ;
#859 = VERTEX_POINT ( 'NONE', #709 ) ;
#860 = DIRECTION ( 'NONE',  ( 1.000000000000000000, 0.000000000000000000, 0.000000000000000000 ) ) ;
#861 = CARTESIAN_POINT ( 'NONE',  ( -0.8000000000000000444, -0.3600000000000000422, 0.000000000000000000 ) ) ;
#862 = ADVANCED_FACE ( 'NONE', ( #2573 ), #2584, .T. ) ;
#863 = CARTESIAN_POINT ( 'NONE',  ( 0.1288435249399829952, 0.09360940695296410263, 0.5999999999999999778 ) ) ;
#864 = CARTESIAN_POINT ( 'NONE',  ( 0.003587901218101765058, 0.09565439672801649695, 0.5999999999999999778 ) ) ;
#865 = PRESENTATION_STYLE_ASSIGNMENT (( #28 ) ) ;
#866 =( GEOMETRIC_REPRESENTATION_CONTEXT ( 3 ) GLOBAL_UNCERTAINTY_ASSIGNED_CONTEXT ( ( #756 ) ) GLOBAL_UNIT_ASSIGNED_CONTEXT ( ( #962, #1413, #348 ) ) REPRESENTATION_CONTEXT ( 'NONE', 'WORKASPACE' ) );
#867 = ORIENTED_EDGE ( 'NONE', *, *, #2290, .T. ) ;
#868 = PRESENTATION_LAYER_ASSIGNMENT (  '', '', ( #1509 ) ) ;
#869 = VERTEX_POINT ( 'NONE', #1316 ) ;
#870 = CARTESIAN_POINT ( 'NONE',  ( -0.4813554470220410275, 0.9313554470202499713, 0.5999999999999999778 ) ) ;
#871 = CARTESIAN_POINT ( 'NONE',  ( 0.07097031430603630009, -0.009253578732106368734, 0.5999999999999999778 ) ) ;
#872 = COLOUR_RGB ( '',0.4117647058823529216, 0.4117647058823529216, 0.4117647058823529216 ) ;
#873 = B_SPLINE_CURVE_WITH_KNOTS ( 'NONE', 3,
 ( #1208, #2034, #166, #2660, #801, #2061 ),
 .UNSPECIFIED., .F., .F.,
 ( 4, 2, 4 ),
 ( 0.5000000000000000000, 0.7500000000000000000, 1.000000000000000000 ),
 .UNSPECIFIED. ) ;
#874 = CARTESIAN_POINT ( 'NONE',  ( -0.2486212922401390135, -0.05168187485981669965, 0.5999999999999999778 ) ) ;
#875 = ORIENTED_EDGE ( 'NONE', *, *, #620, .F. ) ;
#876 = AXIS2_PLACEMENT_3D ( 'NONE', #266, #1101, #59 ) ;
#877 = CARTESIAN_POINT ( 'NONE',  ( -0.06583950164488389101, -0.05424335378323109913, 0.5999999999999999778 ) ) ;
#878 = CARTESIAN_POINT ( 'NONE',  ( 0.5250000000000000222, 0.9749999999999999778, 0.5999999999999999778 ) ) ;
#879 = EDGE_CURVE ( 'NONE', #2033, #2241, #2396, .T. ) ;
#880 = CARTESIAN_POINT ( 'NONE',  ( 0.5000000000000000000, 0.3600000000000000422, 0.1299999999999999767 ) ) ;
#881 = B_SPLINE_CURVE_WITH_KNOTS ( 'NONE', 1,
 ( #1089, #429 ),
 .UNSPECIFIED., .F., .F.,
 ( 2, 2 ),
 ( 0.2200000000000000011, 0.5200000000000000178 ),
 .UNSPECIFIED. ) ;
#882 = ADVANCED_FACE ( 'NONE', ( #2595 ), #1344, .T. ) ;
#883 = ORIENTED_EDGE ( 'NONE', *, *, #367, .T. ) ;
#884 = ORIENTED_EDGE ( 'NONE', *, *, #2040, .F. ) ;
#885 = B_SPLINE_CURVE_WITH_KNOTS ( 'NONE', 1,
 ( #1416, #1237 ),
 .UNSPECIFIED., .F., .F.,
 ( 2, 2 ),
 ( 0.2200000000000000011, 0.5200000000000000178 ),
 .UNSPECIFIED. ) ;
#886 = EDGE_LOOP ( 'NONE', ( #618, #2285, #1288, #154 ) ) ;
#887 = CARTESIAN_POINT ( 'NONE',  ( 0.2096163472407440165, 0.06842580265047051857, 0.5999999999999999778 ) ) ;
#888 = CARTESIAN_POINT ( 'NONE',  ( 0.8000000000000000444, -0.6400000000000000133, 0.1299999999999999767 ) ) ;
#889 = CARTESIAN_POINT ( 'NONE',  ( -0.8000000000000000444, -0.6400000000000000133, 0.000000000000000000 ) ) ;
#890 = ORIENTED_EDGE ( 'NONE', *, *, #1633, .F. ) ;
#891 = PLANE ( 'NONE',  #1858 ) ;
#892 = CARTESIAN_POINT ( 'NONE',  ( -0.8000000000000000444, 0.6400000000000000133, 0.000000000000000000 ) ) ;
#893 = CARTESIAN_POINT ( 'NONE',  ( 0.3537564708354009602, 0.09497554054439390214, 0.5999999999999999778 ) ) ;
#894 = EDGE_CURVE ( 'NONE', #525, #1267, #1297, .T. ) ;
#895 = CARTESIAN_POINT ( 'NONE',  ( 0.3959357284731659932, 0.001550081065426334951, 0.5999999999999999778 ) ) ;
#896 = ADVANCED_FACE ( 'NONE', ( #1517 ), #2183, .T. ) ;
#897 = ORIENTED_EDGE ( 'NONE', *, *, #463, .T. ) ;
#898 = PRESENTATION_STYLE_ASSIGNMENT (( #2634 ) ) ;
#899 = CARTESIAN_POINT ( 'NONE',  ( 0.8000000000000000444, 0.3600000000000000422, 0.1299999999999999767 ) ) ;
#900 = B_SPLINE_CURVE_WITH_KNOTS ( 'NONE', 3,
 ( #2447, #393, #1026, #1841 ),
 .UNSPECIFIED., .F., .F.,
 ( 4, 4 ),
 ( 0.000000000000000000, 1.000000000000000000 ),
 .UNSPECIFIED. ) ;
#901 = ORIENTED_EDGE ( 'NONE', *, *, #1637, .F. ) ;
#902 = CARTESIAN_POINT ( 'NONE',  ( 0.1834861638657369898, -1.050000000000000044, 0.05000000000000000278 ) ) ;
#903 = DIRECTION ( 'NONE',  ( 0.000000000000000000, 0.000000000000000000, 1.000000000000000000 ) ) ;
#904 = DIRECTION ( 'NONE',  ( 0.000000000000000000, -1.000000000000000000, 0.000000000000000000 ) ) ;
#905 = B_SPLINE_CURVE_WITH_KNOTS ( 'NONE', 1,
 ( #307, #1813 ),
 .UNSPECIFIED., .F., .F.,
 ( 2, 2 ),
 ( 0.000000000000000000, 0.1300000000000000044 ),
 .UNSPECIFIED. ) ;
#906 = PLANE ( 'NONE',  #909 ) ;
#907 = ADVANCED_FACE ( 'NONE', ( #2403 ), #1719, .T. ) ;
#908 = ORIENTED_EDGE ( 'NONE', *, *, #684, .F. ) ;
#909 = AXIS2_PLACEMENT_3D ( 'NONE', #1712, #2561, #308 ) ;
#910 = CARTESIAN_POINT ( 'NONE',  ( 0.5000000000000000000, -0.6400000000000000133, 0.000000000000000000 ) ) ;
#911 = CARTESIAN_POINT ( 'NONE',  ( -0.2218192524738090143, 0.07773356611794469961, 0.5999999999999999778 ) ) ;
#912 = CARTESIAN_POINT ( 'NONE',  ( 0.5539313036146399361, 0.9543897901481330770, 0.3878371068259729992 ) ) ;
#913 = STYLED_ITEM ( 'NONE', ( #88 ), #387 ) ;
#914 = VERTEX_POINT ( 'NONE', #1952 ) ;
#915 = CARTESIAN_POINT ( 'NONE',  ( -0.8000000000000000444, -0.3600000000000000422, 0.000000000000000000 ) ) ;
#916 = CYLINDRICAL_SURFACE ( 'NONE', #2601, 0.05000000000118150212 ) ;
#917 = AXIS2_PLACEMENT_3D ( 'NONE', #1424, #1216, #2259 ) ;
#918 = SURFACE_STYLE_FILL_AREA ( #2587 ) ;
#919 = CARTESIAN_POINT ( 'NONE',  ( -0.1152260047123690040, 0.07796523517382410173, 0.5999999999999999778 ) ) ;
#920 = ORIENTED_EDGE ( 'NONE', *, *, #894, .F. ) ;
#921 = CARTESIAN_POINT ( 'NONE',  ( -0.4813554470217559778, -0.9313554470201229618, 0.6000000000001070033 ) ) ;
#922 = CARTESIAN_POINT ( 'NONE',  ( -0.4808330023430689715, -0.9809864259098799444, 0.5560409424759329422 ) ) ;
#923 = ADVANCED_FACE ( 'NONE', ( #1735 ), #916, .T. ) ;
#924 = UNCERTAINTY_MEASURE_WITH_UNIT (LENGTH_MEASURE( 1.000000000000000082E-05 ), #2624, 'distance_accuracy_value', 'NONE');
#925 = ORIENTED_EDGE ( 'NONE', *, *, #367, .F. ) ;
#926 = CARTESIAN_POINT ( 'NONE',  ( -0.3400375133060310473, 0.6352443103183580408, 0.5999999999999999778 ) ) ;
#927 = EDGE_CURVE ( 'NONE', #2524, #1311, #502, .T. ) ;
#928 = CARTESIAN_POINT ( 'NONE',  ( 0.5000000000000000000, 0.8599999999999999867, 0.1299999999999999767 ) ) ;
#929 = ORIENTED_EDGE ( 'NONE', *, *, #1651, .F. ) ;
#930 =( NAMED_UNIT ( * ) PLANE_ANGLE_UNIT ( ) SI_UNIT ( $, .RADIAN. ) );
#931 = DIRECTION ( 'NONE',  ( 0.000000000000000000, 0.000000000000000000, -1.000000000000000000 ) ) ;
#932 = ORIENTED_EDGE ( 'NONE', *, *, #1861, .F. ) ;
#933 =( NAMED_UNIT ( * ) PLANE_ANGLE_UNIT ( ) SI_UNIT ( $, .RADIAN. ) );
#934 = SURFACE_STYLE_FILL_AREA ( #433 ) ;
#935 = ORIENTED_EDGE ( 'NONE', *, *, #115, .T. ) ;
#936 = B_SPLINE_CURVE_WITH_KNOTS ( 'NONE', 1,
 ( #288, #2352 ),
 .UNSPECIFIED., .F., .F.,
 ( 2, 2 ),
 ( 0.000000000000000000, 0.1300000000000000044 ),
 .UNSPECIFIED. ) ;
#937 = CARTESIAN_POINT ( 'NONE',  ( -0.3852443103179959971, 0.6810505417183649879, 0.5999999999999999778 ) ) ;
#938 = SURFACE_STYLE_USAGE ( .BOTH. , #532 ) ;
#939 = VERTEX_POINT ( 'NONE', #2054 ) ;
#940 = EDGE_CURVE ( 'NONE', #1807, #1421, #417, .T. ) ;
#941 = CARTESIAN_POINT ( 'NONE',  ( 0.4083748520766104506, 0.04135983380864670378, 0.5999999999999999778 ) ) ;
#942 = CARTESIAN_POINT ( 'NONE',  ( 0.2954073228313719990, -0.03486576825042340261, 0.5999999999999999778 ) ) ;
#943 = B_SPLINE_CURVE_WITH_KNOTS ( 'NONE', 1,
 ( #420, #2341 ),
 .UNSPECIFIED., .F., .F.,
 ( 2, 2 ),
 ( 0.7399999999999999911, 1.040000000000000036 ),
 .UNSPECIFIED. ) ;
#944 = CARTESIAN_POINT ( 'NONE',  ( 0.003587901218101765058, 0.09565439672801649695, 0.5999999999999999778 ) ) ;
#945 = CARTESIAN_POINT ( 'NONE',  ( 0.08620548813016719325, -0.01497955010224949826, 0.5999999999999999778 ) ) ;
#946 = ORIENTED_EDGE ( 'NONE', *, *, #2687, .T. ) ;
#947 =( NAMED_UNIT ( * ) SI_UNIT ( $, .STERADIAN. ) SOLID_ANGLE_UNIT ( ) );
#948 = CARTESIAN_POINT ( 'NONE',  ( -0.5000000000000000000, 0.6400000000000000133, 0.000000000000000000 ) ) ;
#949 = UNCERTAINTY_MEASURE_WITH_UNIT (LENGTH_MEASURE( 1.000000000000000082E-05 ), #2062, 'distance_accuracy_value', 'NONE');
#950 = MECHANICAL_DESIGN_GEOMETRIC_PRESENTATION_REPRESENTATION (  '', ( #1987 ), #1430 ) ;
#951 = VERTEX_POINT ( 'NONE', #357 ) ;
#952 = CARTESIAN_POINT ( 'NONE',  ( 0.5000000000000000000, 0.3600000000000000422, 0.000000000000000000 ) ) ;
#953 = COLOUR_RGB ( '',0.9019607843137255054, 0.9019607843137255054, 0.9019607843137255054 ) ;
#954 = B_SPLINE_CURVE_WITH_KNOTS ( 'NONE', 3,
 ( #1462, #2052, #182, #2693 ),
 .UNSPECIFIED., .F., .F.,
 ( 4, 4 ),
 ( 0.000000000000000000, 1.000000000000000000 ),
 .UNSPECIFIED. ) ;
#955 = CARTESIAN_POINT ( 'NONE',  ( 0.5425386828141431916, 0.9761215444519628637, 0.6013462295786959899 ) ) ;
#956 = ORIENTED_EDGE ( 'NONE', *, *, #317, .T. ) ;
#957 = MECHANICAL_DESIGN_GEOMETRIC_PRESENTATION_REPRESENTATION (  '', ( #781 ), #1172 ) ;
#958 = CARTESIAN_POINT ( 'NONE',  ( -0.5000000000000000000, -0.3600000000000000422, 0.000000000000000000 ) ) ;
#959 = AXIS2_PLACEMENT_3D ( 'NONE', #2186, #321, #156 ) ;
#960 = EDGE_CURVE ( 'NONE', #542, #351, #151, .T. ) ;
#961 = CARTESIAN_POINT ( 'NONE',  ( 0.5765692733095548750, 1.050000000198843209, 0.05000000002703340607 ) ) ;
#962 =( LENGTH_UNIT ( ) NAMED_UNIT ( * ) SI_UNIT ( .MILLI., .METRE. ) );
#963 = AXIS2_PLACEMENT_3D ( 'NONE', #1126, #967, #2578 ) ;
#964 = EDGE_LOOP ( 'NONE', ( #1385, #2088, #248, #439 ) ) ;
#965 = B_SPLINE_CURVE_WITH_KNOTS ( 'NONE', 3,
 ( #1738, #2329, #1929, #2575, #281, #1918, #699, #895, #712, #509, #1345, #1531, #2589, #496 ),
 .UNSPECIFIED., .F., .F.,
 ( 4, 2, 2, 2, 2, 2, 4 ),
 ( 0.000000000000000000, 0.2500000000000000000, 0.5000000000000000000, 0.6250000000000000000, 0.6875000000000000000, 0.7500000000000000000, 1.000000000000000000 ),
 .UNSPECIFIED. ) ;
#966 = CARTESIAN_POINT ( 'NONE',  ( -0.8000000000000000444, -0.6400000000000000133, 0.000000000000000000 ) ) ;
#967 = DIRECTION ( 'NONE',  ( 0.000000000000000000, 0.000000000000000000, 1.000000000000000000 ) ) ;
#968 = CARTESIAN_POINT ( 'NONE',  ( 0.5308969553879450132, 0.9313554394233640732, 0.5567556602343380900 ) ) ;
#969 = VERTEX_POINT ( 'NONE', #1377 ) ;
#970 = FACE_OUTER_BOUND ( 'NONE', #834, .T. ) ;
#971 = CARTESIAN_POINT ( 'NONE',  ( -0.5159069693066989926, -0.9659069693066990592, 0.2966221698892189673 ) ) ;
#972 = ORIENTED_EDGE ( 'NONE', *, *, #1155, .F. ) ;
#973 = CARTESIAN_POINT ( 'NONE',  ( -0.4813553676472279719, 0.9808969554331661289, 0.5567556602393970433 ) ) ;
#974 = CARTESIAN_POINT ( 'NONE',  ( 0.2730153040810869847, 0.02704498977505115018, 0.5999999999999999778 ) ) ;
#975 = CARTESIAN_POINT ( 'NONE',  ( -0.5308969554311949723, 0.9313554394233970468, 0.5567556602402340404 ) ) ;
#976 = ADVANCED_FACE ( 'NONE', ( #2680 ), #1197, .T. ) ;
#977 = ORIENTED_EDGE ( 'NONE', *, *, #1513, .T. ) ;
#978 = ADVANCED_FACE ( 'NONE', ( #2240 ), #546, .T. ) ;
#979 = PRESENTATION_STYLE_ASSIGNMENT (( #800 ) ) ;
#980 = CARTESIAN_POINT ( 'NONE',  ( -0.2964567469930035060, -0.02845012425771634851, 0.5999999999999999778 ) ) ;
#981 = ORIENTED_EDGE ( 'NONE', *, *, #479, .F. ) ;
#982 = CARTESIAN_POINT ( 'NONE',  ( -0.5043897422972229982, 1.003931303614740145, 0.3878371068252334797 ) ) ;
#983 = ORIENTED_EDGE ( 'NONE', *, *, #1045, .T. ) ;
#984 = SURFACE_STYLE_FILL_AREA ( #344 ) ;
#985 = CARTESIAN_POINT ( 'NONE',  ( 0.8000000000000000444, 0.6400000000000000133, 0.1299999999999999767 ) ) ;
#986 = SURFACE_STYLE_FILL_AREA ( #2395 ) ;
#987 = DIRECTION ( 'NONE',  ( 0.000000000000000000, 1.000000000000000000, 0.000000000000000000 ) ) ;
#988 = B_SPLINE_CURVE_WITH_KNOTS ( 'NONE', 1,
 ( #795, #1248 ),
 .UNSPECIFIED., .F., .F.,
 ( 2, 2 ),
 ( 0.000000000000000000, 0.2200000000000000011 ),
 .UNSPECIFIED. ) ;
#989 = VERTEX_POINT ( 'NONE', #140 ) ;
#990 = CARTESIAN_POINT ( 'NONE',  ( 0.1292667103747325852, 0.04843237955738600303, 0.5999999999999999778 ) ) ;
#991 = CARTESIAN_POINT ( 'NONE',  ( -0.3605774734843604779, 0.08144056815428950269, 0.5999999999999999778 ) ) ;
#992 = EDGE_CURVE ( 'NONE', #1655, #106, #118, .T. ) ;
#993 = EDGE_LOOP ( 'NONE', ( #2150, #35, #1662, #573 ) ) ;
#994 = DIRECTION ( 'NONE',  ( 1.000000000000000000, 0.000000000000000000, 0.000000000000000000 ) ) ;
#995 = AXIS2_PLACEMENT_3D ( 'NONE', #1872, #1457, #1661 ) ;
#996 = CARTESIAN_POINT ( 'NONE',  ( -0.8000000000000000444, -0.8599999999999999867, 0.000000000000000000 ) ) ;
#997 = ORIENTED_EDGE ( 'NONE', *, *, #1596, .T. ) ;
#998 = CARTESIAN_POINT ( 'NONE',  ( 0.5000000000000000000, -0.6400000000000000133, 0.000000000000000000 ) ) ;
#999 = CARTESIAN_POINT ( 'NONE',  ( -0.04600310082688799374, 0.07796523517382410173, 0.5999999999999999778 ) ) ;
#1000 = CARTESIAN_POINT ( 'NONE',  ( -0.3223000673195184906, 0.003513666671488975025, 0.5999999999999999778 ) ) ;
#1001 =( NAMED_UNIT ( * ) PLANE_ANGLE_UNIT ( ) SI_UNIT ( $, .RADIAN. ) );
#1002 = B_SPLINE_CURVE_WITH_KNOTS ( 'NONE', 1,
 ( #915, #243 ),
 .UNSPECIFIED., .F., .F.,
 ( 2, 2 ),
 ( 0.2200000000000000011, 0.5200000000000000178 ),
 .UNSPECIFIED. ) ;
#1003 = PRESENTATION_LAYER_ASSIGNMENT (  '', '', ( #2168 ) ) ;
#1004 = VERTEX_POINT ( 'NONE', #342 ) ;
#1005 = CARTESIAN_POINT ( 'NONE',  ( -0.8000000000000000444, 0.8599999999999999867, 0.1299999999999999767 ) ) ;
#1006 = MECHANICAL_DESIGN_GEOMETRIC_PRESENTATION_REPRESENTATION (  '', ( #1606 ), #1692 ) ;
#1007 = CARTESIAN_POINT ( 'NONE',  ( -0.2960494774854720013, 0.008736267260317729863, 0.5999999999999999778 ) ) ;
#1008 = EDGE_LOOP ( 'NONE', ( #2569, #310, #1193, #621 ) ) ;
#1009 = PLANE ( 'NONE',  #1088 ) ;
#1010 = ADVANCED_FACE ( 'NONE', ( #1824 ), #1810, .T. ) ;
#1011 = CARTESIAN_POINT ( 'NONE',  ( 0.4813553676471529763, -0.9808969553902300298, 0.5567556602335439475 ) ) ;
#1012 = VERTEX_POINT ( 'NONE', #2651 ) ;
#1013 = CARTESIAN_POINT ( 'NONE',  ( -0.8000000000000000444, -0.3600000000000000422, 0.1299999999999999767 ) ) ;
#1014 = CARTESIAN_POINT ( 'NONE',  ( -0.8000000000000000444, 0.3600000000000000422, 0.1299999999999999767 ) ) ;
#1015 = CARTESIAN_POINT ( 'NONE',  ( 0.1067576353694310171, 0.01436605316973406030, 0.5999999999999999778 ) ) ;
#1016 = FILL_AREA_STYLE ('',( #1234 ) ) ;
#1017 = EDGE_LOOP ( 'NONE', ( #336, #2576, #513, #448 ) ) ;
#1018 = CARTESIAN_POINT ( 'NONE',  ( 0.1465699320167324071, 0.04954459905730129732, 0.5999999999999999778 ) ) ;
#1019 = ORIENTED_EDGE ( 'NONE', *, *, #620, .T. ) ;
#1020 = PLANE ( 'NONE',  #1046 ) ;
#1021 = B_SPLINE_CURVE_WITH_KNOTS ( 'NONE', 1,
 ( #152, #11 ),
 .UNSPECIFIED., .F., .F.,
 ( 2, 2 ),
 ( 0.5200000000000000178, 0.7399999999999999911 ),
 .UNSPECIFIED. ) ;
#1022 = FILL_AREA_STYLE_COLOUR ( '', #872 ) ;
#1023 = EDGE_CURVE ( 'NONE', #2490, #646, #2497, .T. ) ;
#1024 = ORIENTED_EDGE ( 'NONE', *, *, #960, .T. ) ;
#1025 = CARTESIAN_POINT ( 'NONE',  ( -0.8000000000000000444, -0.6400000000000000133, 0.000000000000000000 ) ) ;
#1026 = CARTESIAN_POINT ( 'NONE',  ( 0.1604518156739190293, -0.9313554470202070057, 0.5999999999999999778 ) ) ;
#1027 = ADVANCED_FACE ( 'NONE', ( #1614 ), #1420, .T. ) ;
#1028 = DIRECTION ( 'NONE',  ( 1.000000000000000000, 0.000000000000000000, 0.000000000000000000 ) ) ;
#1029 = DIRECTION ( 'NONE',  ( -1.000000000000000000, 0.000000000000000000, 0.000000000000000000 ) ) ;
#1030 = VERTEX_POINT ( 'NONE', #1266 ) ;
#1031 = CARTESIAN_POINT ( 'NONE',  ( -0.5168688245040560236, 0.9607930752119219209, 0.5307068388770290746 ) ) ;
#1032 = CARTESIAN_POINT ( 'NONE',  ( -0.8000000000000000444, -0.3600000000000000422, 0.1299999999999999767 ) ) ;
#1033 = EDGE_LOOP ( 'NONE', ( #826, #6 ) ) ;
#1034 = CARTESIAN_POINT ( 'NONE',  ( 0.8000000000000000444, 0.6400000000000000133, 0.1299999999999999767 ) ) ;
#1035 = B_SPLINE_CURVE_WITH_KNOTS ( 'NONE', 1,
 ( #2467, #2267 ),
 .UNSPECIFIED., .F., .F.,
 ( 2, 2 ),
 ( 0.2200000000000000011, 0.5200000000000000178 ),
 .UNSPECIFIED. ) ;
#1036 = SURFACE_SIDE_STYLE ('',( #2514 ) ) ;
#1037 = ORIENTED_EDGE ( 'NONE', *, *, #1175, .T. ) ;
#1038 = DIRECTION ( 'NONE',  ( -1.000000000000000000, 0.000000000000000000, 0.000000000000000000 ) ) ;
#1039 = CARTESIAN_POINT ( 'NONE',  ( -0.8000000000000000444, 0.6400000000000000133, 0.1299999999999999767 ) ) ;
#1040 = CARTESIAN_POINT ( 'NONE',  ( 0.3575756312794509673, 0.03287321063394679777, 0.5999999999999999778 ) ) ;
#1041 = EDGE_CURVE ( 'NONE', #2538, #1655, #1741, .T. ) ;
#1042 = AXIS2_PLACEMENT_3D ( 'NONE', #1146, #1586, #1774 ) ;
#1043 = VERTEX_POINT ( 'NONE', #2489 ) ;
#1044 = CARTESIAN_POINT ( 'NONE',  ( 0.8000000000000000444, 0.6400000000000000133, 0.000000000000000000 ) ) ;
#1045 = EDGE_CURVE ( 'NONE', #371, #817, #255, .T. ) ;
#1046 = AXIS2_PLACEMENT_3D ( 'NONE', #1437, #832, #1656 ) ;
#1047 = VERTEX_POINT ( 'NONE', #624 ) ;
#1048 = CARTESIAN_POINT ( 'NONE',  ( 0.2309907642037869746, 0.02704498977505115018, 0.5999999999999999778 ) ) ;
#1049 = CARTESIAN_POINT ( 'NONE',  ( -0.5000000000000000000, -0.6400000000000000133, 0.1299999999999999767 ) ) ;
#1050 = COLOUR_RGB ( '',0.4117647058823529216, 0.4117647058823529216, 0.4117647058823529216 ) ;
#1051 = CARTESIAN_POINT ( 'NONE',  ( 0.4808330023432679790, -0.9809864259100569139, 0.5560409424744989781 ) ) ;
#1052 = ORIENTED_EDGE ( 'NONE', *, *, #690, .F. ) ;
#1053 = CARTESIAN_POINT ( 'NONE',  ( -0.06583950164488389101, 0.07796523517382410173, 0.5999999999999999778 ) ) ;
#1054 = CARTESIAN_POINT ( 'NONE',  ( 0.09431728090453660174, 0.04228016359918135292, 0.5999999999999999778 ) ) ;
#1055 = DIRECTION ( 'NONE',  ( 1.000000000000000000, 0.000000000000000000, 0.000000000000000000 ) ) ;
#1056 = PRESENTATION_STYLE_ASSIGNMENT (( #1830 ) ) ;
#1057 = PLANE ( 'NONE',  #2258 ) ;
#1058 = FILL_AREA_STYLE ('',( #841 ) ) ;
#1059 = EDGE_CURVE ( 'NONE', #1281, #765, #474, .T. ) ;
#1060 = VERTEX_POINT ( 'NONE', #1883 ) ;
#1061 = CARTESIAN_POINT ( 'NONE',  ( -0.2984570885569490239, 0.05342535787321060076, 0.5999999999999999778 ) ) ;
#1062 = CARTESIAN_POINT ( 'NONE',  ( 0.1785367764737249840, 0.08774710293115141335, 0.5999999999999999778 ) ) ;
#1063 = VERTEX_POINT ( 'NONE', #1253 ) ;
#1064 = CARTESIAN_POINT ( 'NONE',  ( -0.1390864385288516081, 0.07906650649396529396, 0.5999999999999999778 ) ) ;
#1065 = SURFACE_STYLE_USAGE ( .BOTH. , #231 ) ;
#1066 = FILL_AREA_STYLE ('',( #2096 ) ) ;
#1067 = B_SPLINE_CURVE_WITH_KNOTS ( 'NONE', 3,
 ( #1827, #579, #2093, #1053 ),
 .UNSPECIFIED., .F., .F.,
 ( 4, 4 ),
 ( 0.000000000000000000, 1.000000000000000000 ),
 .UNSPECIFIED. ) ;
#1068 = PLANE ( 'NONE',  #1722 ) ;
#1069 = VERTEX_POINT ( 'NONE', #12 ) ;
#1070 = CARTESIAN_POINT ( 'NONE',  ( -0.1604518156740140089, 0.9313554470202080049, 0.5999999999999999778 ) ) ;
#1071 = CARTESIAN_POINT ( 'NONE',  ( 0.07097031430603630009, 0.009253578732106368734, 0.5999999999999999778 ) ) ;
#1072 = B_SPLINE_CURVE_WITH_KNOTS ( 'NONE', 1,
 ( #2278, #64 ),
 .UNSPECIFIED., .F., .F.,
 ( 2, 2 ),
 ( 0.2200000000000000011, 0.5200000000000000178 ),
 .UNSPECIFIED. ) ;
#1073 = EDGE_CURVE ( 'NONE', #87, #607, #2071, .T. ) ;
#1074 = PRESENTATION_STYLE_ASSIGNMENT (( #2104 ) ) ;
#1075 = ORIENTED_EDGE ( 'NONE', *, *, #282, .F. ) ;
#1076 = CARTESIAN_POINT ( 'NONE',  ( 0.5504584915972119408, 1.050000000042836001, 0.05000000000578889991 ) ) ;
#1077 = CARTESIAN_POINT ( 'NONE',  ( 0.01442634702587266074, -0.009253578732106368734, 0.5999999999999999778 ) ) ;
#1078 = ADVANCED_FACE ( 'NONE', ( #679 ), #2544, .T. ) ;
#1079 = FILL_AREA_STYLE_COLOUR ( '', #434 ) ;
#1080 = MECHANICAL_DESIGN_GEOMETRIC_PRESENTATION_REPRESENTATION (  '', ( #2249 ), #2203 ) ;
#1081 = EDGE_LOOP ( 'NONE', ( #1849, #1405, #455, #1153 ) ) ;
#1082 = ORIENTED_EDGE ( 'NONE', *, *, #1124, .F. ) ;
#1083 = COLOUR_RGB ( '',0.9019607843137255054, 0.9019607843137255054, 0.9019607843137255054 ) ;
#1084 = B_SPLINE_CURVE_WITH_KNOTS ( 'NONE', 3,
 ( #535, #582, #1190, #944 ),
 .UNSPECIFIED., .F., .F.,
 ( 4, 4 ),
 ( 0.000000000000000000, 1.000000000000000000 ),
 .UNSPECIFIED. ) ;
#1085 = EDGE_LOOP ( 'NONE', ( #1525, #1414, #391, #1652 ) ) ;
#1086 = CARTESIAN_POINT ( 'NONE',  ( 0.2949829283905889832, 0.05189674903763219493, 0.5999999999999999778 ) ) ;
#1087 = CARTESIAN_POINT ( 'NONE',  ( 0.8000000000000000444, 0.3600000000000000422, 0.000000000000000000 ) ) ;
#1088 = AXIS2_PLACEMENT_3D ( 'NONE', #818, #2679, #1406 ) ;
#1089 = CARTESIAN_POINT ( 'NONE',  ( -0.8000000000000000444, 0.1399999999999999856, 0.000000000000000000 ) ) ;
#1090 = EDGE_LOOP ( 'NONE', ( #2374, #2078, #1658 ) ) ;
#1091 = PRESENTATION_LAYER_ASSIGNMENT (  '', '', ( #1949 ) ) ;
#1092 = EDGE_CURVE ( 'NONE', #831, #1874, #881, .T. ) ;
#1093 = CARTESIAN_POINT ( 'NONE',  ( 0.8000000000000000444, -0.3600000000000000422, 0.000000000000000000 ) ) ;
#1094 = MECHANICAL_DESIGN_GEOMETRIC_PRESENTATION_REPRESENTATION (  '', ( #263 ), #2047 ) ;
#1095 = CARTESIAN_POINT ( 'NONE',  ( 0.3192320729972429882, -0.01467280163599181918, 0.5999999999999999778 ) ) ;
#1096 = EDGE_CURVE ( 'NONE', #1240, #1460, #648, .T. ) ;
#1097 = CARTESIAN_POINT ( 'NONE',  ( -0.5000000000000000000, -0.8599999999999999867, 0.000000000000000000 ) ) ;
#1098 = CARTESIAN_POINT ( 'NONE',  ( -0.8000000000000000444, -0.8599999999999999867, 0.000000000000000000 ) ) ;
#1099 = VERTEX_POINT ( 'NONE', #49 ) ;
#1100 = DIRECTION ( 'NONE',  ( 0.000000000000000000, -1.000000000000000000, 0.000000000000000000 ) ) ;
#1101 = DIRECTION ( 'NONE',  ( -0.000000000000000000, 1.000000000000000000, 0.000000000000000000 ) ) ;
#1102 = ORIENTED_EDGE ( 'NONE', *, *, #2567, .T. ) ;
#1103 = B_SPLINE_CURVE_WITH_KNOTS ( 'NONE', 1,
 ( #1609, #1664 ),
 .UNSPECIFIED., .F., .F.,
 ( 2, 2 ),
 ( 0.000000000000000000, 0.2200000000000000011 ),
 .UNSPECIFIED. ) ;
#1104 = CARTESIAN_POINT ( 'NONE',  ( 0.5504584915972130510, -1.050000000042335957, 0.05000000000572069753 ) ) ;
#1105 = CARTESIAN_POINT ( 'NONE',  ( -0.5069980566121522481, -0.9804288741442643840, 0.5601885580205658854 ) ) ;
#1106 =( LENGTH_UNIT ( ) NAMED_UNIT ( * ) SI_UNIT ( .MILLI., .METRE. ) );
#1107 = DIRECTION ( 'NONE',  ( 1.000000000000000000, 0.000000000000000000, 0.000000000000000000 ) ) ;
#1108 = B_SPLINE_CURVE_WITH_KNOTS ( 'NONE', 1,
 ( #2536, #1331 ),
 .UNSPECIFIED., .F., .F.,
 ( 2, 2 ),
 ( 0.000000000000000000, 0.2200000000000000011 ),
 .UNSPECIFIED. ) ;
#1109 = EDGE_CURVE ( 'NONE', #2401, #2593, #1775, .T. ) ;
#1110 = CARTESIAN_POINT ( 'NONE',  ( 0.4813554470217569770, -0.9313554470202489721, 0.5999999999999139355 ) ) ;
#1111 = ORIENTED_EDGE ( 'NONE', *, *, #2365, .F. ) ;
#1112 = SURFACE_STYLE_FILL_AREA ( #1778 ) ;
#1113 = FILL_AREA_STYLE ('',( #2349 ) ) ;
#1114 = UNCERTAINTY_MEASURE_WITH_UNIT (LENGTH_MEASURE( 1.000000000000000082E-05 ), #2506, 'distance_accuracy_value', 'NONE');
#1115 = ORIENTED_EDGE ( 'NONE', *, *, #2671, .F. ) ;
#1116 = CARTESIAN_POINT ( 'NONE',  ( -0.5000000000000000000, -0.1399999999999999856, 0.000000000000000000 ) ) ;
#1117 = CARTESIAN_POINT ( 'NONE',  ( 0.4803717153154509756, 0.9755538305412418953, 0.6006339890375714807 ) ) ;
#1118 = DIRECTION ( 'NONE',  ( 0.000000000000000000, 0.000000000000000000, -1.000000000000000000 ) ) ;
#1119 = CARTESIAN_POINT ( 'NONE',  ( -0.1318415466346583853, -0.001099182004090031896, 0.5999999999999999778 ) ) ;
#1120 = ADVANCED_FACE ( 'NONE', ( #2311 ), #442, .T. ) ;
#1121 = ORIENTED_EDGE ( 'NONE', *, *, #673, .F. ) ;
#1122 = B_SPLINE_CURVE_WITH_KNOTS ( 'NONE', 1,
 ( #65, #272 ),
 .UNSPECIFIED., .F., .F.,
 ( 2, 2 ),
 ( 0.000000000000000000, 0.1300000000000000044 ),
 .UNSPECIFIED. ) ;
#1123 = CLOSED_SHELL ( 'NONE', ( #511, #482, #2114, #1983, #514, #658 ) ) ;
#1124 = EDGE_CURVE ( 'NONE', #595, #1004, #2559, .T. ) ;
#1125 = CARTESIAN_POINT ( 'NONE',  ( -0.4813554470219459924, 0.3104518156734590306, 0.5999999999999999778 ) ) ;
#1126 = CARTESIAN_POINT ( 'NONE',  ( -0.5250000000000000222, -0.9749999999999999778, 0.5999999999999999778 ) ) ;
#1127 = CARTESIAN_POINT ( 'NONE',  ( -0.5250000000000000222, -0.9749999999999999778, 0.5999999999999999778 ) ) ;
#1128 = PRESENTATION_LAYER_ASSIGNMENT (  '', '', ( #647 ) ) ;
#1129 = ORIENTED_EDGE ( 'NONE', *, *, #2433, .F. ) ;
#1130 = PRESENTATION_STYLE_ASSIGNMENT (( #1698 ) ) ;
#1131 = CARTESIAN_POINT ( 'NONE',  ( -0.1152260047123690040, 0.07796523517382410173, 0.5999999999999999778 ) ) ;
#1132 =( GEOMETRIC_REPRESENTATION_CONTEXT ( 3 ) GLOBAL_UNCERTAINTY_ASSIGNED_CONTEXT ( ( #2193 ) ) GLOBAL_UNIT_ASSIGNED_CONTEXT ( ( #2170, #2375, #1552 ) ) REPRESENTATION_CONTEXT ( 'NONE', 'WORKASPACE' ) );
#1133 = PLANE ( 'NONE',  #2469 ) ;
#1134 = CARTESIAN_POINT ( 'NONE',  ( 0.4813554470217569770, -0.9313554470202489721, 0.5999999999999139355 ) ) ;
#1135 = ORIENTED_EDGE ( 'NONE', *, *, #1227, .F. ) ;
#1136 =( LENGTH_UNIT ( ) NAMED_UNIT ( * ) SI_UNIT ( .MILLI., .METRE. ) );
#1137 = CARTESIAN_POINT ( 'NONE',  ( 0.09264720592157799084, -0.01443421949556965983, 0.5999999999999999778 ) ) ;
#1138 = UNCERTAINTY_MEASURE_WITH_UNIT (LENGTH_MEASURE( 1.000000000000000082E-05 ), #1819, 'distance_accuracy_value', 'NONE');
#1139 = B_SPLINE_CURVE_WITH_KNOTS ( 'NONE', 1,
 ( #1727, #701 ),
 .UNSPECIFIED., .F., .F.,
 ( 2, 2 ),
 ( 0.2200000000000000011, 0.5200000000000000178 ),
 .UNSPECIFIED. ) ;
#1140 = EDGE_CURVE ( 'NONE', #423, #1451, #1873, .T. ) ;
#1141 = VERTEX_POINT ( 'NONE', #1224 ) ;
#1142 = CARTESIAN_POINT ( 'NONE',  ( -0.5000000000000000000, 0.8599999999999999867, 0.1299999999999999767 ) ) ;
#1143 = CARTESIAN_POINT ( 'NONE',  ( 0.1386594758602284205, 0.07602249488752600703, 0.5999999999999999778 ) ) ;
#1144 = DIRECTION ( 'NONE',  ( 0.000000000000000000, 0.000000000000000000, -1.000000000000000000 ) ) ;
#1145 = VERTEX_POINT ( 'NONE', #368 ) ;
#1146 = CARTESIAN_POINT ( 'NONE',  ( 0.5000000000000000000, -0.6400000000000000133, 0.000000000000000000 ) ) ;
#1147 = CARTESIAN_POINT ( 'NONE',  ( 0.2055959764445035032, 0.006903338051742789923, 0.5999999999999999778 ) ) ;
#1148 = SURFACE_STYLE_FILL_AREA ( #2176 ) ;
#1149 = B_SPLINE_CURVE_WITH_KNOTS ( 'NONE', 1,
 ( #888, #1705 ),
 .UNSPECIFIED., .F., .F.,
 ( 2, 2 ),
 ( 0.7399999999999999911, 1.040000000000000036 ),
 .UNSPECIFIED. ) ;
#1150 = ORIENTED_EDGE ( 'NONE', *, *, #2218, .F. ) ;
#1151 = CARTESIAN_POINT ( 'NONE',  ( -0.5168688245033790096, -0.9607930752143609698, 0.5307068388795040947 ) ) ;
#1152 = CARTESIAN_POINT ( 'NONE',  ( 0.5308969553881900394, -0.9313554394232079758, 0.5567556602357660589 ) ) ;
#1153 = ORIENTED_EDGE ( 'NONE', *, *, #405, .F. ) ;
#1154 = CARTESIAN_POINT ( 'NONE',  ( 0.5000000000000000000, 0.8599999999999999867, 0.1299999999999999767 ) ) ;
#1155 = EDGE_CURVE ( 'NONE', #1451, #1047, #1835, .T. ) ;
#1156 = EDGE_LOOP ( 'NONE', ( #237, #44, #1019, #394 ) ) ;
#1157 = FACE_OUTER_BOUND ( 'NONE', #2486, .T. ) ;
#1158 = CARTESIAN_POINT ( 'NONE',  ( 0.2660874354472980152, -0.05699353234411629748, 0.5999999999999999778 ) ) ;
#1159 = PLANE ( 'NONE',  #2296 ) ;
#1160 = B_SPLINE_CURVE_WITH_KNOTS ( 'NONE', 3,
 ( #1104, #902, #1718, #1515 ),
 .UNSPECIFIED., .F., .F.,
 ( 4, 4 ),
 ( 0.000000000000000000, 1.000000000000000000 ),
 .UNSPECIFIED. ) ;
#1161 = ORIENTED_EDGE ( 'NONE', *, *, #1023, .F. ) ;
#1162 = CARTESIAN_POINT ( 'NONE',  ( -0.5250000000000000222, -0.9749999999999999778, 0.5999999999999999778 ) ) ;
#1163 = CARTESIAN_POINT ( 'NONE',  ( 0.8000000000000000444, 0.3600000000000000422, 0.000000000000000000 ) ) ;
#1164 = CARTESIAN_POINT ( 'NONE',  ( 0.5000000000000000000, -0.8599999999999999867, 0.1299999999999999767 ) ) ;
#1165 = AXIS2_PLACEMENT_3D ( 'NONE', #2245, #1787, #382 ) ;
#1166 = EDGE_LOOP ( 'NONE', ( #1831, #806, #1371, #1569 ) ) ;
#1167 = DIRECTION ( 'NONE',  ( 0.000000000000000000, 0.000000000000000000, -1.000000000000000000 ) ) ;
#1168 = MECHANICAL_DESIGN_GEOMETRIC_PRESENTATION_REPRESENTATION (  '', ( #2342 ), #1298 ) ;
#1169 = DIRECTION ( 'NONE',  ( -1.000000000000000000, 0.000000000000000000, 0.000000000000000000 ) ) ;
#1170 = EDGE_CURVE ( 'NONE', #2490, #2541, #60, .T. ) ;
#1171 = ORIENTED_EDGE ( 'NONE', *, *, #2691, .T. ) ;
#1172 =( GEOMETRIC_REPRESENTATION_CONTEXT ( 3 ) GLOBAL_UNCERTAINTY_ASSIGNED_CONTEXT ( ( #2606 ) ) GLOBAL_UNIT_ASSIGNED_CONTEXT ( ( #1875, #424, #2086 ) ) REPRESENTATION_CONTEXT ( 'NONE', 'WORKASPACE' ) );
#1173 = DIRECTION ( 'NONE',  ( 1.000000000000000000, 0.000000000000000000, 0.000000000000000000 ) ) ;
#1174 = CARTESIAN_POINT ( 'NONE',  ( 0.5000000000000000000, 0.1399999999999999856, 0.000000000000000000 ) ) ;
#1175 = EDGE_CURVE ( 'NONE', #322, #1590, #1235, .T. ) ;
#1176 = CARTESIAN_POINT ( 'NONE',  ( -4.440064782591660093E-14, -0.9313554470205309688, 0.5500000000005420553 ) ) ;
#1177 = DIRECTION ( 'NONE',  ( 0.000000000000000000, 0.000000000000000000, 1.000000000000000000 ) ) ;
#1178 = ORIENTED_EDGE ( 'NONE', *, *, #1397, .T. ) ;
#1179 = SURFACE_SIDE_STYLE ('',( #1591 ) ) ;
#1180 = CARTESIAN_POINT ( 'NONE',  ( -0.5482249872898200538, -0.9375309734319835497, 0.5529314053721491318 ) ) ;
#1181 = CARTESIAN_POINT ( 'NONE',  ( 0.5504584915972119408, 1.050000000042836001, 0.05000000000578889991 ) ) ;
#1182 = ORIENTED_EDGE ( 'NONE', *, *, #809, .T. ) ;
#1183 = CARTESIAN_POINT ( 'NONE',  ( -0.2310505417180030163, 0.6358437447064120285, 0.5999999999999999778 ) ) ;
#1184 = CARTESIAN_POINT ( 'NONE',  ( -0.4813554470200859803, 6.827960225616219110E-14, 0.5500000000000330180 ) ) ;
#1185 = VERTEX_POINT ( 'NONE', #412 ) ;
#1186 = CYLINDRICAL_SURFACE ( 'NONE', #2300, 0.05000000000166682917 ) ;
#1187 = CARTESIAN_POINT ( 'NONE',  ( -0.5000000000000000000, -0.6400000000000000133, 0.000000000000000000 ) ) ;
#1188 = CARTESIAN_POINT ( 'NONE',  ( 0.1172946289336127962, -0.04141452971738830008, 0.5999999999999999778 ) ) ;
#1189 =( NAMED_UNIT ( * ) SI_UNIT ( $, .STERADIAN. ) SOLID_ANGLE_UNIT ( ) );
#1190 = CARTESIAN_POINT ( 'NONE',  ( -0.03601673409205495557, 0.09565439672801599735, 0.5999999999999999778 ) ) ;
#1191 = DIRECTION ( 'NONE',  ( 1.000000000000000000, 0.000000000000000000, 0.000000000000000000 ) ) ;
#1192 = EDGE_CURVE ( 'NONE', #1004, #2370, #537, .T. ) ;
#1193 = ORIENTED_EDGE ( 'NONE', *, *, #879, .F. ) ;
#1194 = CARTESIAN_POINT ( 'NONE',  ( 0.1510156836120445101, -0.05497635518572899921, 0.5999999999999999778 ) ) ;
#1195 = CARTESIAN_POINT ( 'NONE',  ( 0.07097031430603630009, -0.009253578732106368734, 0.5999999999999999778 ) ) ;
#1196 = ORIENTED_EDGE ( 'NONE', *, *, #2549, .F. ) ;
#1197 = PLANE ( 'NONE',  #2345 ) ;
#1198 = VERTEX_POINT ( 'NONE', #2248 ) ;
#1199 = CARTESIAN_POINT ( 'NONE',  ( -0.06583950164488389101, 0.07796523517382410173, 0.5999999999999999778 ) ) ;
#1200 = CARTESIAN_POINT ( 'NONE',  ( 0.07097031430603630009, -0.009253578732106368734, 0.5999999999999999778 ) ) ;
#1201 = CARTESIAN_POINT ( 'NONE',  ( -0.3270859052146739554, -0.03459522311539659639, 0.5999999999999999778 ) ) ;
#1202 =( LENGTH_UNIT ( ) NAMED_UNIT ( * ) SI_UNIT ( .MILLI., .METRE. ) );
#1203 = CARTESIAN_POINT ( 'NONE',  ( 0.6000000000453199478, 1.000458491597730148, 0.05000000000617489671 ) ) ;
#1204 = SURFACE_STYLE_USAGE ( .BOTH. , #2219 ) ;
#1205 = B_SPLINE_CURVE_WITH_KNOTS ( 'NONE', 3,
 ( #2405, #1356, #2199, #2654 ),
 .UNSPECIFIED., .F., .F.,
 ( 4, 4 ),
 ( 0.000000000000000000, 1.000000000000000000 ),
 .UNSPECIFIED. ) ;
#1206 = EDGE_CURVE ( 'NONE', #1378, #485, #2136, .T. ) ;
#1207 = VERTEX_POINT ( 'NONE', #1044 ) ;
#1208 = CARTESIAN_POINT ( 'NONE',  ( -0.1515373544056199950, 0.03774284253578605308, 0.5999999999999999778 ) ) ;
#1209 = CARTESIAN_POINT ( 'NONE',  ( -0.3691487030348079568, 0.08036304526994830777, 0.5999999999999999778 ) ) ;
#1210 = EDGE_CURVE ( 'NONE', #989, #1460, #2013, .T. ) ;
#1211 = ORIENTED_EDGE ( 'NONE', *, *, #401, .F. ) ;
#1212 = CARTESIAN_POINT ( 'NONE',  ( -0.8000000000000000444, -0.8599999999999999867, 0.000000000000000000 ) ) ;
#1213 = PRESENTATION_LAYER_ASSIGNMENT (  '', '', ( #1987 ) ) ;
#1214 = PRESENTATION_STYLE_ASSIGNMENT (( #575 ) ) ;
#1215 = EDGE_LOOP ( 'NONE', ( #2173, #1982, #2298, #50 ) ) ;
#1216 = DIRECTION ( 'NONE',  ( 0.000000000000000000, 0.000000000000000000, 1.000000000000000000 ) ) ;
#1217 = AXIS2_PLACEMENT_3D ( 'NONE', #910, #2565, #1337 ) ;
#1218 = FILL_AREA_STYLE_COLOUR ( '', #2 ) ;
#1219 = SURFACE_STYLE_FILL_AREA ( #2262 ) ;
#1220 = STYLED_ITEM ( 'NONE', ( #1261 ), #726 ) ;
#1221 = FILL_AREA_STYLE_COLOUR ( '', #113 ) ;
#1222 = AXIS2_PLACEMENT_3D ( 'NONE', #2543, #688, #48 ) ;
#1223 = EDGE_LOOP ( 'NONE', ( #1703, #612, #1121, #981 ) ) ;
#1224 = CARTESIAN_POINT ( 'NONE',  ( 0.8000000000000000444, -0.3600000000000000422, 0.000000000000000000 ) ) ;
#1225 = ORIENTED_EDGE ( 'NONE', *, *, #41, .T. ) ;
#1226 = FACE_OUTER_BOUND ( 'NONE', #1670, .T. ) ;
#1227 = EDGE_CURVE ( 'NONE', #1693, #73, #1353, .T. ) ;
#1228 = CARTESIAN_POINT ( 'NONE',  ( -0.8000000000000000444, 0.3600000000000000422, 0.1299999999999999767 ) ) ;
#1229 = ORIENTED_EDGE ( 'NONE', *, *, #2069, .F. ) ;
#1230 = CARTESIAN_POINT ( 'NONE',  ( -0.1855440275120169846, 0.7633718806323909201, 0.5999999999999999778 ) ) ;
#1231 = CARTESIAN_POINT ( 'NONE',  ( -0.5250000000000000222, -0.9749999999999999778, 0.5999999999999999778 ) ) ;
#1232 = SURFACE_SIDE_STYLE ('',( #1219 ) ) ;
#1233 = PLANE ( 'NONE',  #2523 ) ;
#1234 = FILL_AREA_STYLE_COLOUR ( '', #1900 ) ;
#1235 = B_SPLINE_CURVE_WITH_KNOTS ( 'NONE', 3,
 ( #1387, #195, #2221, #1446 ),
 .UNSPECIFIED., .F., .F.,
 ( 4, 4 ),
 ( 0.000000000000000000, 1.000000000000000000 ),
 .UNSPECIFIED. ) ;
#1236 = VERTEX_POINT ( 'NONE', #148 ) ;
#1237 = CARTESIAN_POINT ( 'NONE',  ( -0.5000000000000000000, 0.6400000000000000133, 0.1299999999999999767 ) ) ;
#1238 = CARTESIAN_POINT ( 'NONE',  ( -0.5000000000000000000, 0.1399999999999999856, 0.1299999999999999767 ) ) ;
#1239 =( BOUNDED_CURVE ( )  B_SPLINE_CURVE ( 2, ( #1646, #1257, #1411 ),
 .UNSPECIFIED., .F., .T. ) 
 B_SPLINE_CURVE_WITH_KNOTS ( ( 3, 3 ),
 ( 0.000000000000000000, 1.000000000000000000 ),
 .UNSPECIFIED. ) 
 CURVE ( )  GEOMETRIC_REPRESENTATION_ITEM ( )  RATIONAL_B_SPLINE_CURVE ( ( 0.9889416462000080177, 0.7450325656339710223, 0.9889416461826320282 ) ) 
 REPRESENTATION_ITEM ( '' )  );
#1240 = VERTEX_POINT ( 'NONE', #785 ) ;
#1241 = FACE_OUTER_BOUND ( 'NONE', #1696, .T. ) ;
#1242 = B_SPLINE_CURVE_WITH_KNOTS ( 'NONE', 3,
 ( #733, #2029, #1558, #2392 ),
 .UNSPECIFIED., .F., .F.,
 ( 4, 4 ),
 ( 0.000000000000000000, 1.000000000000000000 ),
 .UNSPECIFIED. ) ;
#1243 = CARTESIAN_POINT ( 'NONE',  ( -0.8000000000000000444, 0.3600000000000000422, 0.1299999999999999767 ) ) ;
#1244 = EDGE_LOOP ( 'NONE', ( #740, #2254, #2442, #254 ) ) ;
#1245 = EDGE_CURVE ( 'NONE', #700, #1825, #1103, .T. ) ;
#1246 = CARTESIAN_POINT ( 'NONE',  ( 0.5000000000000000000, 0.8599999999999999867, 0.1299999999999999767 ) ) ;
#1247 = CARTESIAN_POINT ( 'NONE',  ( -0.3958394633411250196, 0.02965019499597740249, 0.5999999999999999778 ) ) ;
#1248 = CARTESIAN_POINT ( 'NONE',  ( 0.5000000000000000000, 0.1399999999999999856, 0.1299999999999999767 ) ) ;
#1249 = EDGE_LOOP ( 'NONE', ( #1482, #983, #2415, #625 ) ) ;
#1250 = SURFACE_STYLE_FILL_AREA ( #2484 ) ;
#1251 = ORIENTED_EDGE ( 'NONE', *, *, #2628, .T. ) ;
#1252 = DIRECTION ( 'NONE',  ( 1.000000000000000000, 0.000000000000000000, 0.000000000000000000 ) ) ;
#1253 = CARTESIAN_POINT ( 'NONE',  ( -0.2984570885569490239, 0.05342535787321060076, 0.5999999999999999778 ) ) ;
#1254 = VERTEX_POINT ( 'NONE', #2439 ) ;
#1255 = CARTESIAN_POINT ( 'NONE',  ( -0.4813554470217559778, -0.9313554470201229618, 0.6000000000001070033 ) ) ;
#1256 = CARTESIAN_POINT ( 'NONE',  ( -0.1911063592470255146, 0.09840422510882079754, 0.5999999999999999778 ) ) ;
#1257 = CARTESIAN_POINT ( 'NONE',  ( 0.4813553014909142669, 0.9749999999982835730, 0.5999999999998656408 ) ) ;
#1258 = EDGE_CURVE ( 'NONE', #1923, #2325, #1035, .T. ) ;
#1259 = VERTEX_POINT ( 'NONE', #604 ) ;
#1260 = PRESENTATION_LAYER_ASSIGNMENT (  '', '', ( #335 ) ) ;
#1261 = PRESENTATION_STYLE_ASSIGNMENT (( #1459 ) ) ;
#1262 = PRESENTATION_LAYER_ASSIGNMENT (  '', '', ( #80 ) ) ;
#1263 = EDGE_LOOP ( 'NONE', ( #2550, #465, #2182 ) ) ;
#1264 = CARTESIAN_POINT ( 'NONE',  ( -0.5000000000000000000, 0.1399999999999999856, 0.000000000000000000 ) ) ;
#1265 = AXIS2_PLACEMENT_3D ( 'NONE', #1127, #1535, #1870 ) ;
#1266 = CARTESIAN_POINT ( 'NONE',  ( 0.4813553676471489795, 0.9808969553898869709, 0.5567556602340369976 ) ) ;
#1267 = VERTEX_POINT ( 'NONE', #571 ) ;
#1268 = FACE_OUTER_BOUND ( 'NONE', #2085, .T. ) ;
#1269 = CARTESIAN_POINT ( 'NONE',  ( 0.8000000000000000444, -0.6400000000000000133, 0.000000000000000000 ) ) ;
#1270 = CARTESIAN_POINT ( 'NONE',  ( 0.3895159226480494619, -0.05650621073854959764, 0.5999999999999999778 ) ) ;
#1271 = SURFACE_STYLE_FILL_AREA ( #270 ) ;
#1272 = B_SPLINE_CURVE_WITH_KNOTS ( 'NONE', 1,
 ( #1097, #2366 ),
 .UNSPECIFIED., .F., .F.,
 ( 2, 2 ),
 ( 0.000000000000000000, 0.1300000000000000044 ),
 .UNSPECIFIED. ) ;
#1273 = ORIENTED_EDGE ( 'NONE', *, *, #857, .F. ) ;
#1274 = EDGE_CURVE ( 'NONE', #1874, #787, #1321, .T. ) ;
#1275 = DIRECTION ( 'NONE',  ( 1.000000000000000000, 0.000000000000000000, 0.000000000000000000 ) ) ;
#1276 = ORIENTED_EDGE ( 'NONE', *, *, #1861, .T. ) ;
#1277 = EDGE_CURVE ( 'NONE', #1292, #1739, #873, .T. ) ;
#1278 = CARTESIAN_POINT ( 'NONE',  ( -0.8000000000000000444, 0.8599999999999999867, 0.000000000000000000 ) ) ;
#1279 = CARTESIAN_POINT ( 'NONE',  ( 0.5069980564966439784, 0.9804288738829507466, 0.5601885579862055931 ) ) ;
#1280 = CARTESIAN_POINT ( 'NONE',  ( 0.4803717153158403863, -0.9755538305425790480, 0.6006339890373960655 ) ) ;
#1281 = VERTEX_POINT ( 'NONE', #1624 ) ;
#1282 = CARTESIAN_POINT ( 'NONE',  ( 0.5000000000000000000, -0.3600000000000000422, 0.000000000000000000 ) ) ;
#1283 = B_SPLINE_CURVE_WITH_KNOTS ( 'NONE', 1,
 ( #541, #1164 ),
 .UNSPECIFIED., .F., .F.,
 ( 2, 2 ),
 ( 0.000000000000000000, 0.1300000000000000044 ),
 .UNSPECIFIED. ) ;
#1284 = CARTESIAN_POINT ( 'NONE',  ( 0.003587901218102089885, 0.08975800954328540249, 0.5999999999999999778 ) ) ;
#1285 = CARTESIAN_POINT ( 'NONE',  ( 0.5999999999999999778, -0.3334861638659100125, 0.04999999999999289735 ) ) ;
#1286 = DIRECTION ( 'NONE',  ( 1.000000000000000000, 0.000000000000000000, 0.000000000000000000 ) ) ;
#1287 = EDGE_CURVE ( 'NONE', #57, #914, #1737, .T. ) ;
#1288 = ORIENTED_EDGE ( 'NONE', *, *, #1596, .F. ) ;
#1289 = CARTESIAN_POINT ( 'NONE',  ( 0.2925749417152150311, 0.04403556477610134912, 0.5999999999999999778 ) ) ;
#1290 = PLANE ( 'NONE',  #830 ) ;
#1291 = ADVANCED_FACE ( 'NONE', ( #2454 ), #586, .T. ) ;
#1292 = VERTEX_POINT ( 'NONE', #1927 ) ;
#1293 = FACE_OUTER_BOUND ( 'NONE', #1447, .T. ) ;
#1294 =( NAMED_UNIT ( * ) SI_UNIT ( $, .STERADIAN. ) SOLID_ANGLE_UNIT ( ) );
#1295 = CARTESIAN_POINT ( 'NONE',  ( 0.3653864981798234934, 0.09694500786826878991, 0.5999999999999999778 ) ) ;
#1296 = CARTESIAN_POINT ( 'NONE',  ( 0.09523752630330969970, 0.01586571233810469758, 0.5999999999999999778 ) ) ;
#1297 = B_SPLINE_CURVE_WITH_KNOTS ( 'NONE', 3,
 ( #304, #1967, #1936, #1131 ),
 .UNSPECIFIED., .F., .F.,
 ( 4, 4 ),
 ( 0.000000000000000000, 1.000000000000000000 ),
 .UNSPECIFIED. ) ;
#1298 =( GEOMETRIC_REPRESENTATION_CONTEXT ( 3 ) GLOBAL_UNCERTAINTY_ASSIGNED_CONTEXT ( ( #315 ) ) GLOBAL_UNIT_ASSIGNED_CONTEXT ( ( #2148, #1361, #311 ) ) REPRESENTATION_CONTEXT ( 'NONE', 'WORKASPACE' ) );
#1299 = MECHANICAL_DESIGN_GEOMETRIC_PRESENTATION_REPRESENTATION (  '', ( #505 ), #37 ) ;
#1300 = VERTEX_POINT ( 'NONE', #697 ) ;
#1301 = DIRECTION ( 'NONE',  ( 1.000000000000000000, 0.000000000000000000, 0.000000000000000000 ) ) ;
#1302 = CARTESIAN_POINT ( 'NONE',  ( 0.8000000000000000444, 0.6400000000000000133, 0.000000000000000000 ) ) ;
#1303 = ORIENTED_EDGE ( 'NONE', *, *, #1756, .F. ) ;
#1304 =( GEOMETRIC_REPRESENTATION_CONTEXT ( 3 ) GLOBAL_UNCERTAINTY_ASSIGNED_CONTEXT ( ( #285 ) ) GLOBAL_UNIT_ASSIGNED_CONTEXT ( ( #1136, #722, #947 ) ) REPRESENTATION_CONTEXT ( 'NONE', 'WORKASPACE' ) );
#1305 = EDGE_CURVE ( 'NONE', #1897, #94, #378, .T. ) ;
#1306 = PLANE ( 'NONE',  #2520 ) ;
#1307 = CARTESIAN_POINT ( 'NONE',  ( 0.1536901507068540174, 0.09360940695296410263, 0.5999999999999999778 ) ) ;
#1308 = B_SPLINE_CURVE_WITH_KNOTS ( 'NONE', 1,
 ( #1595, #355 ),
 .UNSPECIFIED., .F., .F.,
 ( 2, 2 ),
 ( 0.7399999999999999911, 1.040000000000000036 ),
 .UNSPECIFIED. ) ;
#1309 = DIRECTION ( 'NONE',  ( 0.000000000000000000, 0.000000000000000000, -1.000000000000000000 ) ) ;
#1310 = CARTESIAN_POINT ( 'NONE',  ( -0.1152260047123690040, 0.09565439672801649695, 0.5999999999999999778 ) ) ;
#1311 = VERTEX_POINT ( 'NONE', #279 ) ;
#1312 = CARTESIAN_POINT ( 'NONE',  ( 0.1785367764737249840, 0.09360940695296519898, 0.5999999999999999778 ) ) ;
#1313 = ORIENTED_EDGE ( 'NONE', *, *, #21, .T. ) ;
#1314 = CARTESIAN_POINT ( 'NONE',  ( 0.5000000000000000000, -0.1399999999999999856, 0.000000000000000000 ) ) ;
#1315 = CARTESIAN_POINT ( 'NONE',  ( 0.4043587578434320040, 0.02106071478469005026, 0.5999999999999999778 ) ) ;
#1316 = CARTESIAN_POINT ( 'NONE',  ( 0.003587901218101765058, 0.09565439672801649695, 0.5999999999999999778 ) ) ;
#1317 = EDGE_CURVE ( 'NONE', #1995, #831, #644, .T. ) ;
#1318 = CARTESIAN_POINT ( 'NONE',  ( -0.4813553941052863827, -0.9776648930565510209, 0.5804574509184222686 ) ) ;
#1319 = ADVANCED_FACE ( 'NONE', ( #2200 ), #2406, .T. ) ;
#1320 = CARTESIAN_POINT ( 'NONE',  ( 0.5000000000000000000, 0.6400000000000000133, 0.1299999999999999767 ) ) ;
#1321 = B_SPLINE_CURVE_WITH_KNOTS ( 'NONE', 1,
 ( #2237, #1238 ),
 .UNSPECIFIED., .F., .F.,
 ( 2, 2 ),
 ( 0.000000000000000000, 0.1300000000000000044 ),
 .UNSPECIFIED. ) ;
#1322 = ORIENTED_EDGE ( 'NONE', *, *, #236, .F. ) ;
#1323 = PRESENTATION_STYLE_ASSIGNMENT (( #103 ) ) ;
#1324 = FACE_BOUND ( 'NONE', #569, .T. ) ;
#1325 = UNCERTAINTY_MEASURE_WITH_UNIT (LENGTH_MEASURE( 1.000000000000000082E-05 ), #199, 'distance_accuracy_value', 'NONE');
#1326 = VERTEX_POINT ( 'NONE', #1395 ) ;
#1327 = B_SPLINE_CURVE_WITH_KNOTS ( 'NONE', 1,
 ( #16, #422 ),
 .UNSPECIFIED., .F., .F.,
 ( 2, 2 ),
 ( 0.5200000000000000178, 0.7399999999999999911 ),
 .UNSPECIFIED. ) ;
#1328 = CARTESIAN_POINT ( 'NONE',  ( 0.3873093019967545070, 0.07259328882904270142, 0.5999999999999999778 ) ) ;
#1329 = FACE_OUTER_BOUND ( 'NONE', #1717, .T. ) ;
#1330 = ORIENTED_EDGE ( 'NONE', *, *, #675, .T. ) ;
#1331 = CARTESIAN_POINT ( 'NONE',  ( -0.8000000000000000444, -0.3600000000000000422, 0.000000000000000000 ) ) ;
#1332 = CYLINDRICAL_SURFACE ( 'NONE', #1165, 0.04999999999996733446 ) ;
#1333 = EDGE_CURVE ( 'NONE', #1236, #1451, #1486, .T. ) ;
#1334 = CLOSED_SHELL ( 'NONE', ( #847, #36, #976, #225, #896, #2087 ) ) ;
#1335 = ORIENTED_EDGE ( 'NONE', *, *, #2452, .F. ) ;
#1336 = PRESENTATION_LAYER_ASSIGNMENT (  '', '', ( #2342 ) ) ;
#1337 = DIRECTION ( 'NONE',  ( 0.000000000000000000, 0.000000000000000000, 1.000000000000000000 ) ) ;
#1338 = FACE_OUTER_BOUND ( 'NONE', #1156, .T. ) ;
#1339 = CARTESIAN_POINT ( 'NONE',  ( 0.1055306415044000024, -0.01334355828220862121, 0.5999999999999999778 ) ) ;
#1340 = PRESENTATION_LAYER_ASSIGNMENT (  '', '', ( #505 ) ) ;
#1341 = EDGE_LOOP ( 'NONE', ( #2590, #1497, #935, #853, #2105, #761, #2116 ) ) ;
#1342 = CARTESIAN_POINT ( 'NONE',  ( 0.5000000000000000000, -0.1399999999999999856, 0.000000000000000000 ) ) ;
#1343 = PRESENTATION_LAYER_ASSIGNMENT (  '', '', ( #2160 ) ) ;
#1344 = PLANE ( 'NONE',  #1856 ) ;
#1345 = CARTESIAN_POINT ( 'NONE',  ( 0.3869509175477610086, 0.01287451363427128022, 0.5999999999999999778 ) ) ;
#1346 = EDGE_CURVE ( 'NONE', #2666, #1580, #2130, .T. ) ;
#1347 = ORIENTED_EDGE ( 'NONE', *, *, #1041, .F. ) ;
#1348 = CARTESIAN_POINT ( 'NONE',  ( 0.6000000000448070248, -1.000458491597730148, 0.05000000000610529960 ) ) ;
#1349 = CARTESIAN_POINT ( 'NONE',  ( -0.4807892752075779708, -0.9306352523263620169, 0.5999916069863879819 ) ) ;
#1350 = CARTESIAN_POINT ( 'NONE',  ( -0.5999999999876879375, 1.000458491597730148, 0.04999999999831579445 ) ) ;
#1351 = ORIENTED_EDGE ( 'NONE', *, *, #766, .T. ) ;
#1352 = CARTESIAN_POINT ( 'NONE',  ( -0.3855440275120169957, 0.7355440275123849014, 0.5999999999999999778 ) ) ;
#1353 = B_SPLINE_CURVE_WITH_KNOTS ( 'NONE', 3,
 ( #1862, #990, #1018, #2644, #7, #842, #396, #2677, #1194, #1820, #814, #1636, #1433, #2023 ),
 .UNSPECIFIED., .F., .F.,
 ( 4, 2, 2, 2, 2, 2, 4 ),
 ( 0.000000000000000000, 0.2500000000000000000, 0.5000000000000000000, 0.6250000000000000000, 0.6875000000000000000, 0.7500000000000000000, 1.000000000000000000 ),
 .UNSPECIFIED. ) ;
#1354 = CARTESIAN_POINT ( 'NONE',  ( -0.4813553676472279719, 0.9808969554331661289, 0.5567556602393970433 ) ) ;
#1355 = ORIENTED_EDGE ( 'NONE', *, *, #1367, .F. ) ;
#1356 = CARTESIAN_POINT ( 'NONE',  ( 0.3333425024450955010, 0.05523176550783859967, 0.5999999999999999778 ) ) ;
#1357 = CARTESIAN_POINT ( 'NONE',  ( 0.01442634702587266074, -0.009253578732106368734, 0.5999999999999999778 ) ) ;
#1358 = PLANE ( 'NONE',  #75 ) ;
#1359 = B_SPLINE_CURVE_WITH_KNOTS ( 'NONE', 3,
 ( #615, #598, #1188, #190, #1443, #159, #551, #1815, #777, #581, #204, #1855, #2217, #1015 ),
 .UNSPECIFIED., .F., .F.,
 ( 4, 2, 2, 2, 2, 2, 4 ),
 ( 0.000000000000000000, 0.2500000000000000000, 0.5000000000000000000, 0.6250000000000000000, 0.6875000000000000000, 0.7500000000000000000, 1.000000000000000000 ),
 .UNSPECIFIED. ) ;
#1360 = EDGE_LOOP ( 'NONE', ( #316, #803, #2659, #929 ) ) ;
#1361 =( NAMED_UNIT ( * ) PLANE_ANGLE_UNIT ( ) SI_UNIT ( $, .RADIAN. ) );
#1362 = CARTESIAN_POINT ( 'NONE',  ( 0.5000000000000000000, 0.8599999999999999867, 0.000000000000000000 ) ) ;
#1363 = EDGE_CURVE ( 'NONE', #1616, #1012, #1768, .T. ) ;
#1364 = CARTESIAN_POINT ( 'NONE',  ( -0.2999066923068045010, -0.03506352408681309707, 0.5999999999999999778 ) ) ;
#1365 = ORIENTED_EDGE ( 'NONE', *, *, #1363, .F. ) ;
#1366 = CARTESIAN_POINT ( 'NONE',  ( -0.8000000000000000444, -0.3600000000000000422, 0.1299999999999999767 ) ) ;
#1367 = EDGE_CURVE ( 'NONE', #831, #2593, #905, .T. ) ;
#1368 = ORIENTED_EDGE ( 'NONE', *, *, #1073, .F. ) ;
#1369 = FACE_OUTER_BOUND ( 'NONE', #1244, .T. ) ;
#1370 = B_SPLINE_CURVE_WITH_KNOTS ( 'NONE', 1,
 ( #2138, #1678 ),
 .UNSPECIFIED., .F., .F.,
 ( 2, 2 ),
 ( 0.5200000000000000178, 0.7399999999999999911 ),
 .UNSPECIFIED. ) ;
#1371 = ORIENTED_EDGE ( 'NONE', *, *, #2614, .T. ) ;
#1372 =( NAMED_UNIT ( * ) SI_UNIT ( $, .STERADIAN. ) SOLID_ANGLE_UNIT ( ) );
#1373 = SURFACE_STYLE_FILL_AREA ( #2385 ) ;
#1374 = CARTESIAN_POINT ( 'NONE',  ( 0.5308969554218349041, -0.3104518131410065052, 0.5567556602398759935 ) ) ;
#1375 = ORIENTED_EDGE ( 'NONE', *, *, #639, .T. ) ;
#1376 = CARTESIAN_POINT ( 'NONE',  ( -0.5000000000000000000, 0.8599999999999999867, 0.000000000000000000 ) ) ;
#1377 = CARTESIAN_POINT ( 'NONE',  ( 0.5000000000000000000, -0.6400000000000000133, 0.000000000000000000 ) ) ;
#1378 = VERTEX_POINT ( 'NONE', #129 ) ;
#1379 = AXIS2_PLACEMENT_3D ( 'NONE', #481, #97, #2172 ) ;
#1380 = ADVANCED_FACE ( 'NONE', ( #1797 ), #360, .T. ) ;
#1381 = CARTESIAN_POINT ( 'NONE',  ( 0.1604517892156900050, 0.9808969554220581255, 0.5567556602382429665 ) ) ;
#1382 = CARTESIAN_POINT ( 'NONE',  ( -0.5000000000000000000, -0.8599999999999999867, 0.000000000000000000 ) ) ;
#1383 =( NAMED_UNIT ( * ) PLANE_ANGLE_UNIT ( ) SI_UNIT ( $, .RADIAN. ) );
#1384 = FACE_OUTER_BOUND ( 'NONE', #2459, .T. ) ;
#1385 = ORIENTED_EDGE ( 'NONE', *, *, #1688, .T. ) ;
#1386 =( LENGTH_UNIT ( ) NAMED_UNIT ( * ) SI_UNIT ( .MILLI., .METRE. ) );
#1387 = CARTESIAN_POINT ( 'NONE',  ( -0.04600310082688799374, -0.05424335378323109913, 0.5999999999999999778 ) ) ;
#1388 = CARTESIAN_POINT ( 'NONE',  ( -0.3390031785784124452, 0.07978450853282689770, 0.5999999999999999778 ) ) ;
#1389 = ORIENTED_EDGE ( 'NONE', *, *, #1620, .T. ) ;
#1390 = CARTESIAN_POINT ( 'NONE',  ( 0.8000000000000000444, 0.3600000000000000422, 0.000000000000000000 ) ) ;
#1391 = B_SPLINE_CURVE_WITH_KNOTS ( 'NONE', 3,
 ( #2112, #452, #2074, #1289, #250, #1086, #1715, #1908, #1409, #47, #2125, #265, #887, #1921, #213, #58, #1048 ),
 .UNSPECIFIED., .F., .F.,
 ( 4, 1, 2, 2, 2, 2, 2, 2, 4 ),
 ( 0.000000000000000000, 0.1250000000000000000, 0.1875000000000000000, 0.2500000000000000000, 0.5000000000000000000, 0.6250000000000000000, 0.6875000000000000000, 0.7500000000000000000, 1.000000000000000000 ),
 .UNSPECIFIED. ) ;
#1392 = DIRECTION ( 'NONE',  ( 1.000000000000000000, 6.950592164700459662E-15, 0.000000000000000000 ) ) ;
#1393 = ORIENTED_EDGE ( 'NONE', *, *, #1756, .T. ) ;
#1394 = CARTESIAN_POINT ( 'NONE',  ( 0.4110325454516174926, 0.06376542181507319218, 0.5999999999999999778 ) ) ;
#1395 = CARTESIAN_POINT ( 'NONE',  ( -0.8000000000000000444, -0.6400000000000000133, 0.1299999999999999767 ) ) ;
#1396 = CARTESIAN_POINT ( 'NONE',  ( -0.4015381301181975005, 0.03620789850367230056, 0.5999999999999999778 ) ) ;
#1397 = EDGE_CURVE ( 'NONE', #1145, #2328, #183, .T. ) ;
#1398 = DIRECTION ( 'NONE',  ( -1.000000000000000000, -7.325904784357469618E-13, 9.124378630789309835E-13 ) ) ;
#1399 = PLANE ( 'NONE',  #381 ) ;
#1400 = ORIENTED_EDGE ( 'NONE', *, *, #1415, .T. ) ;
#1401 = CARTESIAN_POINT ( 'NONE',  ( -0.8000000000000000444, -0.1399999999999999856, 0.000000000000000000 ) ) ;
#1402 = CARTESIAN_POINT ( 'NONE',  ( -0.3894761968499574900, 0.05722497847068929583, 0.5999999999999999778 ) ) ;
#1403 = UNCERTAINTY_MEASURE_WITH_UNIT (LENGTH_MEASURE( 1.000000000000000082E-05 ), #83, 'distance_accuracy_value', 'NONE');
#1404 = B_SPLINE_CURVE_WITH_KNOTS ( 'NONE', 3,
 ( #137, #2645, #572, #1610 ),
 .UNSPECIFIED., .F., .F.,
 ( 4, 4 ),
 ( 0.000000000000000000, 1.000000000000000000 ),
 .UNSPECIFIED. ) ;
#1405 = ORIENTED_EDGE ( 'NONE', *, *, #468, .F. ) ;
#1406 = DIRECTION ( 'NONE',  ( 0.000000000000000000, 1.000000000000000000, 0.000000000000000000 ) ) ;
#1407 = CARTESIAN_POINT ( 'NONE',  ( -0.5274241169472170254, 1.026965651807375979, 0.2189185534125785149 ) ) ;
#1408 = EDGE_LOOP ( 'NONE', ( #867, #799, #2681, #705 ) ) ;
#1409 = CARTESIAN_POINT ( 'NONE',  ( 0.2390104108921904946, 0.09643532296790809089, 0.5999999999999999778 ) ) ;
#1410 = DIRECTION ( 'NONE',  ( 0.000000000000000000, 0.000000000000000000, 1.000000000000000000 ) ) ;
#1411 = CARTESIAN_POINT ( 'NONE',  ( 0.4813554470220390291, 0.9313554470201229618, 0.5999999999999788836 ) ) ;
#1412 = DIRECTION ( 'NONE',  ( 0.000000000000000000, 0.000000000000000000, 1.000000000000000000 ) ) ;
#1413 =( NAMED_UNIT ( * ) PLANE_ANGLE_UNIT ( ) SI_UNIT ( $, .RADIAN. ) );
#1414 = ORIENTED_EDGE ( 'NONE', *, *, #2600, .T. ) ;
#1415 = EDGE_CURVE ( 'NONE', #2525, #691, #2229, .T. ) ;
#1416 = CARTESIAN_POINT ( 'NONE',  ( -0.8000000000000000444, 0.6400000000000000133, 0.1299999999999999767 ) ) ;
#1417 = CARTESIAN_POINT ( 'NONE',  ( -0.5250000000000000222, -0.9749999999999999778, 0.5999999999999999778 ) ) ;
#1418 = B_SPLINE_CURVE_WITH_KNOTS ( 'NONE', 3,
 ( #2067, #201, #2299, #1659, #2491, #626, #1452, #692, #1328, #1495, #2151, #74, #491, #2140, #1898 ),
 .UNSPECIFIED., .F., .F.,
 ( 4, 1, 2, 2, 2, 2, 2, 4 ),
 ( 0.000000000000000000, 0.1250000000000000000, 0.1875000000000000000, 0.2500000000000000000, 0.5000000000000000000, 0.6250000000000000000, 0.7500000000000000000, 1.000000000000000000 ),
 .UNSPECIFIED. ) ;
#1419 = CARTESIAN_POINT ( 'NONE',  ( 0.3394774717702490063, 0.05414110429447840239, 0.5999999999999999778 ) ) ;
#1420 =( BOUNDED_SURFACE ( )  B_SPLINE_SURFACE ( 2, 2, ( 
 ( #833, #216, #1051 ),
 ( #1657, #1867, #1280 ),
 ( #2529, #1450, #415 ) ),
 .UNSPECIFIED., .F., .F., .T. ) 
 B_SPLINE_SURFACE_WITH_KNOTS ( ( 3, 3 ),
 ( 3, 3 ),
 ( 0.03970669960374439977, 0.1129053988550289961 ),
 ( 0.1109879607442670058, 0.1856809592695859989 ),
 .UNSPECIFIED. ) 
 GEOMETRIC_REPRESENTATION_ITEM ( )  RATIONAL_B_SPLINE_SURFACE ( (
 ( 1.000000000000000000, 0.7337780585542789114, 1.000000000000000000),
 ( 0.7438478672193340469, 0.5458192438679440039, 0.7438478672193340469),
 ( 1.000000000000000000, 0.7337780585542789114, 1.000000000000000000) ) ) 
 REPRESENTATION_ITEM ( '' )  SURFACE ( )  );
#1421 = VERTEX_POINT ( 'NONE', #763 ) ;
#1422 = CARTESIAN_POINT ( 'NONE',  ( -0.5052765905674337921, 0.9313554444879654781, 0.5999999999990744959 ) ) ;
#1423 = VERTEX_POINT ( 'NONE', #549 ) ;
#1424 = CARTESIAN_POINT ( 'NONE',  ( -0.5250000000000000222, -0.9749999999999999778, 0.5999999999999999778 ) ) ;
#1425 = CARTESIAN_POINT ( 'NONE',  ( -0.3819283992931449823, -0.03189151217382390352, 0.5999999999999999778 ) ) ;
#1426 = FILL_AREA_STYLE ('',( #2462 ) ) ;
#1427 = COLOUR_RGB ( '',0.9019607843137255054, 0.9019607843137255054, 0.9019607843137255054 ) ;
#1428 = CARTESIAN_POINT ( 'NONE',  ( -0.04600310082688799374, -0.05424335378323109913, 0.5999999999999999778 ) ) ;
#1429 = AXIS2_PLACEMENT_3D ( 'NONE', #427, #994, #2270 ) ;
#1430 =( GEOMETRIC_REPRESENTATION_CONTEXT ( 3 ) GLOBAL_UNCERTAINTY_ASSIGNED_CONTEXT ( ( #924 ) ) GLOBAL_UNIT_ASSIGNED_CONTEXT ( ( #2624, #334, #1561 ) ) REPRESENTATION_CONTEXT ( 'NONE', 'WORKASPACE' ) );
#1431 = ORIENTED_EDGE ( 'NONE', *, *, #2003, .F. ) ;
#1432 = CARTESIAN_POINT ( 'NONE',  ( -0.5000000000000000000, -0.1399999999999999856, 0.1299999999999999767 ) ) ;
#1433 = CARTESIAN_POINT ( 'NONE',  ( 0.08877547489755099885, -0.03837229464246814936, 0.5999999999999999778 ) ) ;
#1434 = CARTESIAN_POINT ( 'NONE',  ( 0.000000000000000000, 0.000000000000000000, 0.000000000000000000 ) ) ;
#1435 = EDGE_CURVE ( 'NONE', #1757, #2538, #2360, .T. ) ;
#1436 = ORIENTED_EDGE ( 'NONE', *, *, #479, .T. ) ;
#1437 = CARTESIAN_POINT ( 'NONE',  ( 0.8000000000000000444, -0.8599999999999999867, 0.000000000000000000 ) ) ;
#1438 = B_SPLINE_CURVE_WITH_KNOTS ( 'NONE', 1,
 ( #101, #2324 ),
 .UNSPECIFIED., .F., .F.,
 ( 2, 2 ),
 ( 0.000000000000000000, 0.2200000000000000011 ),
 .UNSPECIFIED. ) ;
#1439 = CARTESIAN_POINT ( 'NONE',  ( -0.8000000000000000444, -0.6400000000000000133, 0.000000000000000000 ) ) ;
#1440 = ORIENTED_EDGE ( 'NONE', *, *, #2305, .T. ) ;
#1441 = DIRECTION ( 'NONE',  ( 0.000000000000000000, -1.000000000000000000, 0.000000000000000000 ) ) ;
#1442 = CARTESIAN_POINT ( 'NONE',  ( -0.3718182480196994821, 0.01843524316649165079, 0.5999999999999999778 ) ) ;
#1443 = CARTESIAN_POINT ( 'NONE',  ( 0.1658037810084435071, -0.02528994719508274869, 0.5999999999999999778 ) ) ;
#1444 = CARTESIAN_POINT ( 'NONE',  ( -0.4008088267982580222, -0.004993183367416239790, 0.5999999999999999778 ) ) ;
#1445 = ORIENTED_EDGE ( 'NONE', *, *, #1941, .F. ) ;
#1446 = CARTESIAN_POINT ( 'NONE',  ( -0.06583950164488389101, -0.05424335378323109913, 0.5999999999999999778 ) ) ;
#1447 = EDGE_LOOP ( 'NONE', ( #1465, #2016, #1666, #1851 ) ) ;
#1448 = CARTESIAN_POINT ( 'NONE',  ( -0.2524448186182989828, 0.01845603271983620175, 0.5999999999999999778 ) ) ;
#1449 = EDGE_CURVE ( 'NONE', #939, #646, #2007, .T. ) ;
#1450 = CARTESIAN_POINT ( 'NONE',  ( 0.5165685273140239175, -0.9309619914284686937, 0.6004015261910211620 ) ) ;
#1451 = VERTEX_POINT ( 'NONE', #1671 ) ;
#1452 = CARTESIAN_POINT ( 'NONE',  ( 0.3897262236781695033, 0.04169950190449005223, 0.5999999999999999778 ) ) ;
#1453 = EDGE_CURVE ( 'NONE', #1590, #525, #1067, .T. ) ;
#1454 = CARTESIAN_POINT ( 'NONE',  ( -0.3138604981862850307, -0.02570986051767270089, 0.5999999999999999778 ) ) ;
#1455 = B_SPLINE_CURVE_WITH_KNOTS ( 'NONE', 3,
 ( #15, #1105, #469, #851 ),
 .UNSPECIFIED., .F., .F.,
 ( 4, 4 ),
 ( 0.000000000000000000, 1.000000000000000000 ),
 .UNSPECIFIED. ) ;
#1456 = CARTESIAN_POINT ( 'NONE',  ( 0.8000000000000000444, -0.8599999999999999867, 0.1299999999999999767 ) ) ;
#1457 = DIRECTION ( 'NONE',  ( 0.000000000000000000, -1.000000000000000000, 0.000000000000000000 ) ) ;
#1458 = EDGE_LOOP ( 'NONE', ( #399, #81, #1781, #1225, #2066, #1182, #2208, #1957, #897 ) ) ;
#1459 = SURFACE_STYLE_USAGE ( .BOTH. , #2496 ) ;
#1460 = VERTEX_POINT ( 'NONE', #377 ) ;
#1461 = CARTESIAN_POINT ( 'NONE',  ( 0.5000000000000000000, 0.3600000000000000422, 0.000000000000000000 ) ) ;
#1462 = CARTESIAN_POINT ( 'NONE',  ( -0.5999999999876549639, -1.000458491597730148, 0.04999999999831179764 ) ) ;
#1463 = CARTESIAN_POINT ( 'NONE',  ( -0.5993036477458029143, -1.029350578064520683, 0.05000000000000000278 ) ) ;
#1464 = EDGE_CURVE ( 'NONE', #98, #1185, #1801, .T. ) ;
#1465 = ORIENTED_EDGE ( 'NONE', *, *, #2218, .T. ) ;
#1466 = CARTESIAN_POINT ( 'NONE',  ( 0.03327433611926064461, 0.009253578732105940258, 0.5999999999999999778 ) ) ;
#1467 = CARTESIAN_POINT ( 'NONE',  ( -0.5308969554311949723, 0.9313554394233970468, 0.5567556602402340404 ) ) ;
#1468 = CARTESIAN_POINT ( 'NONE',  ( 0.4212490442168930205, -0.01402443761285394018, 0.5999999999999999778 ) ) ;
#1469 = CARTESIAN_POINT ( 'NONE',  ( 0.8000000000000000444, -0.8599999999999999867, 0.000000000000000000 ) ) ;
#1470 = ADVANCED_FACE ( 'NONE', ( #2504 ), #1852, .T. ) ;
#1471 = CARTESIAN_POINT ( 'NONE',  ( -0.8000000000000000444, -0.3600000000000000422, 0.000000000000000000 ) ) ;
#1472 = ORIENTED_EDGE ( 'NONE', *, *, #1788, .F. ) ;
#1473 = COLOUR_RGB ( '',0.9019607843137255054, 0.9019607843137255054, 0.9019607843137255054 ) ;
#1474 =( NAMED_UNIT ( * ) PLANE_ANGLE_UNIT ( ) SI_UNIT ( $, .RADIAN. ) );
#1475 = AXIS2_PLACEMENT_3D ( 'NONE', #1025, #613, #1441 ) ;
#1476 = ORIENTED_EDGE ( 'NONE', *, *, #1346, .F. ) ;
#1477 = PLANE ( 'NONE',  #1990 ) ;
#1478 = CARTESIAN_POINT ( 'NONE',  ( 0.8000000000000000444, 0.6400000000000000133, 0.1299999999999999767 ) ) ;
#1479 = MECHANICAL_DESIGN_GEOMETRIC_PRESENTATION_REPRESENTATION (  '', ( #2168 ), #2261 ) ;
#1480 = B_SPLINE_CURVE_WITH_KNOTS ( 'NONE', 3,
 ( #1939, #1508, #1296, #2344 ),
 .UNSPECIFIED., .F., .F.,
 ( 4, 4 ),
 ( 0.000000000000000000, 1.000000000000000000 ),
 .UNSPECIFIED. ) ;
#1481 = CARTESIAN_POINT ( 'NONE',  ( -0.8000000000000000444, 0.1399999999999999856, 0.1299999999999999767 ) ) ;
#1482 = ORIENTED_EDGE ( 'NONE', *, *, #2448, .T. ) ;
#1483 = SURFACE_SIDE_STYLE ('',( #62 ) ) ;
#1484 = CARTESIAN_POINT ( 'NONE',  ( -0.5052765905667750967, -0.9313554444878068272, 0.5999999999991921795 ) ) ;
#1485 = CARTESIAN_POINT ( 'NONE',  ( -0.4132832644260699961, -0.006083844580777099734, 0.5999999999999999778 ) ) ;
#1486 = B_SPLINE_CURVE_WITH_KNOTS ( 'NONE', 1,
 ( #2228, #734 ),
 .UNSPECIFIED., .F., .F.,
 ( 2, 2 ),
 ( 0.000000000000000000, 0.1300000000000000044 ),
 .UNSPECIFIED. ) ;
#1487 = ADVANCED_FACE ( 'NONE', ( #1268 ), #1885, .T. ) ;
#1488 = FILL_AREA_STYLE ('',( #1079 ) ) ;
#1489 = EDGE_LOOP ( 'NONE', ( #1968, #2625, #273, #125 ) ) ;
#1490 = ORIENTED_EDGE ( 'NONE', *, *, #2305, .F. ) ;
#1491 = CARTESIAN_POINT ( 'NONE',  ( 0.1785367764737249840, 0.08188479890933869632, 0.5999999999999999778 ) ) ;
#1492 = CARTESIAN_POINT ( 'NONE',  ( -0.5000000000000000000, -0.6400000000000000133, 0.000000000000000000 ) ) ;
#1493 = ORIENTED_EDGE ( 'NONE', *, *, #1041, .T. ) ;
#1494 = B_SPLINE_CURVE_WITH_KNOTS ( 'NONE', 1,
 ( #2205, #1432 ),
 .UNSPECIFIED., .F., .F.,
 ( 2, 2 ),
 ( 0.000000000000000000, 0.1300000000000000044 ),
 .UNSPECIFIED. ) ;
#1495 = CARTESIAN_POINT ( 'NONE',  ( 0.3839325918543834981, 0.07654820693136270282, 0.5999999999999999778 ) ) ;
#1496 = CARTESIAN_POINT ( 'NONE',  ( 0.3293765479153810127, 0.08150556531652890235, 0.5999999999999999778 ) ) ;
#1497 = ORIENTED_EDGE ( 'NONE', *, *, #172, .T. ) ;
#1498 = CARTESIAN_POINT ( 'NONE',  ( -0.1152260047123690040, 0.08975800954328540249, 0.5999999999999999778 ) ) ;
#1499 = EDGE_CURVE ( 'NONE', #607, #87, #1965, .T. ) ;
#1500 = ORIENTED_EDGE ( 'NONE', *, *, #2003, .T. ) ;
#1501 = DIRECTION ( 'NONE',  ( 0.9909953143222763883, -0.01809119248924260723, 0.1326687444186074871 ) ) ;
#1502 = CARTESIAN_POINT ( 'NONE',  ( -0.1529757426828105005, 0.04404318443192430099, 0.5999999999999999778 ) ) ;
#1503 = ORIENTED_EDGE ( 'NONE', *, *, #1464, .F. ) ;
#1504 = CARTESIAN_POINT ( 'NONE',  ( 0.5000000000000000000, 0.3600000000000000422, 0.1299999999999999767 ) ) ;
#1505 = CARTESIAN_POINT ( 'NONE',  ( 0.5000000000000000000, 0.8599999999999999867, 0.1299999999999999767 ) ) ;
#1506 = CARTESIAN_POINT ( 'NONE',  ( -0.4813554470217559778, -0.9313554470201229618, 0.6000000000001070033 ) ) ;
#1507 = PLANE ( 'NONE',  #778 ) ;
#1508 = CARTESIAN_POINT ( 'NONE',  ( 0.1009975808363703931, 0.01511588275391939976, 0.5999999999999999778 ) ) ;
#1509 = STYLED_ITEM ( 'NONE', ( #2626 ), #703 ) ;
#1510 =( GEOMETRIC_REPRESENTATION_CONTEXT ( 3 ) GLOBAL_UNCERTAINTY_ASSIGNED_CONTEXT ( ( #1752 ) ) GLOBAL_UNIT_ASSIGNED_CONTEXT ( ( #444, #2535, #1294 ) ) REPRESENTATION_CONTEXT ( 'NONE', 'WORKASPACE' ) );
#1511 = EDGE_LOOP ( 'NONE', ( #1838, #1330, #193, #1514 ) ) ;
#1512 = FILL_AREA_STYLE ('',( #2178 ) ) ;
#1513 = EDGE_CURVE ( 'NONE', #327, #2470, #2588, .T. ) ;
#1514 = ORIENTED_EDGE ( 'NONE', *, *, #927, .T. ) ;
#1515 = CARTESIAN_POINT ( 'NONE',  ( -0.5504584915972130510, -1.049999999985183896, 0.04999999999792719557 ) ) ;
#1516 = EDGE_CURVE ( 'NONE', #283, #57, #1866, .T. ) ;
#1517 = FACE_OUTER_BOUND ( 'NONE', #2238, .T. ) ;
#1518 = CARTESIAN_POINT ( 'NONE',  ( 0.5000000000000000000, -0.3600000000000000422, 0.1299999999999999767 ) ) ;
#1519 = CARTESIAN_POINT ( 'NONE',  ( 0.5000000000000000000, 0.6400000000000000133, 0.000000000000000000 ) ) ;
#1520 = FACE_OUTER_BOUND ( 'NONE', #2012, .T. ) ;
#1521 = ORIENTED_EDGE ( 'NONE', *, *, #675, .F. ) ;
#1522 = CARTESIAN_POINT ( 'NONE',  ( 0.5000000000000000000, -0.6400000000000000133, 0.1299999999999999767 ) ) ;
#1523 = CARTESIAN_POINT ( 'NONE',  ( -0.1580291341431029895, 0.05789357212684090315, 0.5999999999999999778 ) ) ;
#1524 = CARTESIAN_POINT ( 'NONE',  ( -0.3174754934649249849, 0.05199386503067490034, 0.5999999999999999778 ) ) ;
#1525 = ORIENTED_EDGE ( 'NONE', *, *, #1842, .T. ) ;
#1526 = EDGE_CURVE ( 'NONE', #1557, #94, #710, .T. ) ;
#1527 = CARTESIAN_POINT ( 'NONE',  ( -0.5999999999876879375, 1.000458491597730148, 0.04999999999831579445 ) ) ;
#1528 = CARTESIAN_POINT ( 'NONE',  ( 0.5000000000000000000, 0.1399999999999999856, 0.000000000000000000 ) ) ;
#1529 = EDGE_CURVE ( 'NONE', #765, #1069, #2527, .T. ) ;
#1530 = CARTESIAN_POINT ( 'NONE',  ( 0.5250000000000000222, -0.9749999999999999778, 0.5999999999999999778 ) ) ;
#1531 = CARTESIAN_POINT ( 'NONE',  ( 0.3779834841612210172, 0.01916592808050035165, 0.5999999999999999778 ) ) ;
#1532 = ORIENTED_EDGE ( 'NONE', *, *, #796, .T. ) ;
#1533 = PLANE ( 'NONE',  #2424 ) ;
#1534 = PLANE ( 'NONE',  #1733 ) ;
#1535 = DIRECTION ( 'NONE',  ( 0.000000000000000000, 0.000000000000000000, 1.000000000000000000 ) ) ;
#1536 = UNCERTAINTY_MEASURE_WITH_UNIT (LENGTH_MEASURE( 1.000000000000000082E-05 ), #1202, 'distance_accuracy_value', 'NONE');
#1537 = ORIENTED_EDGE ( 'NONE', *, *, #2616, .T. ) ;
#1538 = DIRECTION ( 'NONE',  ( -0.000000000000000000, 1.000000000000000000, 0.000000000000000000 ) ) ;
#1539 = CARTESIAN_POINT ( 'NONE',  ( 0.5000000000000000000, -0.1399999999999999856, 0.1299999999999999767 ) ) ;
#1540 = ORIENTED_EDGE ( 'NONE', *, *, #1760, .F. ) ;
#1541 = CARTESIAN_POINT ( 'NONE',  ( -0.5000000000000000000, 0.8599999999999999867, 0.1299999999999999767 ) ) ;
#1542 = B_SPLINE_CURVE_WITH_KNOTS ( 'NONE', 1,
 ( #669, #2313 ),
 .UNSPECIFIED., .F., .F.,
 ( 2, 2 ),
 ( 0.2200000000000000011, 0.5200000000000000178 ),
 .UNSPECIFIED. ) ;
#1543 = ADVANCED_FACE ( 'NONE', ( #14 ), #1644, .T. ) ;
#1544 = CARTESIAN_POINT ( 'NONE',  ( 0.4813554470218510128, -0.3104518156734579759, 0.6000000000000339506 ) ) ;
#1545 = EDGE_CURVE ( 'NONE', #351, #951, #1612, .T. ) ;
#1546 = EDGE_LOOP ( 'NONE', ( #1375, #1178 ) ) ;
#1547 = MECHANICAL_DESIGN_GEOMETRIC_PRESENTATION_REPRESENTATION (  '', ( #689 ), #252 ) ;
#1548 = CARTESIAN_POINT ( 'NONE',  ( 0.6000000001998725407, -1.026569273308328478, 0.05000000002734739796 ) ) ;
#1549 =( LENGTH_UNIT ( ) NAMED_UNIT ( * ) SI_UNIT ( .MILLI., .METRE. ) );
#1550 = MECHANICAL_DESIGN_GEOMETRIC_PRESENTATION_REPRESENTATION (  '', ( #1220 ), #2646 ) ;
#1551 = ORIENTED_EDGE ( 'NONE', *, *, #1665, .F. ) ;
#1552 =( NAMED_UNIT ( * ) SI_UNIT ( $, .STERADIAN. ) SOLID_ANGLE_UNIT ( ) );
#1553 = AXIS2_PLACEMENT_3D ( 'NONE', #1786, #2420, #2622 ) ;
#1554 = FILL_AREA_STYLE_COLOUR ( '', #1050 ) ;
#1555 = CARTESIAN_POINT ( 'NONE',  ( 0.5165685273154460022, 0.9309619914283970843, 0.6004015261911964663 ) ) ;
#1556 = PRESENTATION_LAYER_ASSIGNMENT (  '', '', ( #2386 ) ) ;
#1557 = VERTEX_POINT ( 'NONE', #1246 ) ;
#1558 = CARTESIAN_POINT ( 'NONE',  ( 0.5769656518072580065, -0.9774241408728790992, 0.2189185534134390210 ) ) ;
#1559 = SURFACE_SIDE_STYLE ('',( #1971 ) ) ;
#1560 = DIRECTION ( 'NONE',  ( 0.000000000000000000, -1.000000000000000000, 0.000000000000000000 ) ) ;
#1561 =( NAMED_UNIT ( * ) SI_UNIT ( $, .STERADIAN. ) SOLID_ANGLE_UNIT ( ) );
#1562 = EDGE_CURVE ( 'NONE', #725, #2581, #1418, .T. ) ;
#1563 = ORIENTED_EDGE ( 'NONE', *, *, #1346, .T. ) ;
#1564 = ADVANCED_FACE ( 'NONE', ( #1293 ), #891, .T. ) ;
#1565 = FACE_BOUND ( 'NONE', #1458, .T. ) ;
#1566 = CARTESIAN_POINT ( 'NONE',  ( -0.2918509848750249769, -0.005170782926285359682, 0.5999999999999999778 ) ) ;
#1567 = UNCERTAINTY_MEASURE_WITH_UNIT (LENGTH_MEASURE( 1.000000000000000082E-05 ), #347, 'distance_accuracy_value', 'NONE');
#1568 = B_SPLINE_CURVE_WITH_KNOTS ( 'NONE', 3,
 ( #808, #1054, #1604, #419 ),
 .UNSPECIFIED., .F., .F.,
 ( 4, 4 ),
 ( 0.000000000000000000, 1.000000000000000000 ),
 .UNSPECIFIED. ) ;
#1569 = ORIENTED_EDGE ( 'NONE', *, *, #879, .T. ) ;
#1570 = CARTESIAN_POINT ( 'NONE',  ( 0.5504584915972130510, -1.050000000042335957, 0.05000000000572069753 ) ) ;
#1571 = CARTESIAN_POINT ( 'NONE',  ( 0.5482249872902390520, 0.9375309734283374663, 0.5529314053702779619 ) ) ;
#1572 = ORIENTED_EDGE ( 'NONE', *, *, #1665, .T. ) ;
#1573 = CARTESIAN_POINT ( 'NONE',  ( 0.5000000000000000000, -0.8599999999999999867, 0.000000000000000000 ) ) ;
#1574 = CARTESIAN_POINT ( 'NONE',  ( 0.2233741088333280056, -0.05641170831790250084, 0.5999999999999999778 ) ) ;
#1575 = CARTESIAN_POINT ( 'NONE',  ( 0.3192320729972429882, -0.01467280163599181918, 0.5999999999999999778 ) ) ;
#1576 = ORIENTED_EDGE ( 'NONE', *, *, #2655, .F. ) ;
#1577 = CARTESIAN_POINT ( 'NONE',  ( -0.4803717153158029163, 0.9755538305425767165, 0.6006339890373962875 ) ) ;
#1578 = CARTESIAN_POINT ( 'NONE',  ( -0.4122719355579629874, -0.02683872753651955073, 0.5999999999999999778 ) ) ;
#1579 = EDGE_CURVE ( 'NONE', #283, #1714, #1002, .T. ) ;
#1580 = VERTEX_POINT ( 'NONE', #1077 ) ;
#1581 = SURFACE_STYLE_USAGE ( .BOTH. , #760 ) ;
#1582 = CARTESIAN_POINT ( 'NONE',  ( 0.1785367764737249840, 0.07602249488752550743, 0.5999999999999999778 ) ) ;
#1583 = CARTESIAN_POINT ( 'NONE',  ( 0.5308969553881900394, -0.9313554394232079758, 0.5567556602357660589 ) ) ;
#1584 = VERTEX_POINT ( 'NONE', #2547 ) ;
#1585 = B_SPLINE_CURVE_WITH_KNOTS ( 'NONE', 3,
 ( #2120, #471, #260, #2378 ),
 .UNSPECIFIED., .F., .F.,
 ( 4, 4 ),
 ( 0.000000000000000000, 1.000000000000000000 ),
 .UNSPECIFIED. ) ;
#1586 = DIRECTION ( 'NONE',  ( 0.000000000000000000, 0.000000000000000000, -1.000000000000000000 ) ) ;
#1587 = CARTESIAN_POINT ( 'NONE',  ( -0.01294243279689459916, 0.07796523517382410173, 0.5999999999999999778 ) ) ;
#1588 = CARTESIAN_POINT ( 'NONE',  ( -0.5000000000000000000, -0.8599999999999999867, 0.1299999999999999767 ) ) ;
#1589 = SURFACE_STYLE_USAGE ( .BOTH. , #2019 ) ;
#1590 = VERTEX_POINT ( 'NONE', #877 ) ;
#1591 = SURFACE_STYLE_FILL_AREA ( #539 ) ;
#1592 = CARTESIAN_POINT ( 'NONE',  ( -0.4803717153154887787, -0.9755538305412433386, 0.6006339890375703705 ) ) ;
#1593 = CARTESIAN_POINT ( 'NONE',  ( -0.3231520042589454689, 0.02716175423546479673, 0.5999999999999999778 ) ) ;
#1594 = ORIENTED_EDGE ( 'NONE', *, *, #992, .F. ) ;
#1595 = CARTESIAN_POINT ( 'NONE',  ( -0.5000000000000000000, 0.3600000000000000422, 0.1299999999999999767 ) ) ;
#1596 = EDGE_CURVE ( 'NONE', #1897, #1207, #1542, .T. ) ;
#1597 = AXIS2_PLACEMENT_3D ( 'NONE', #2001, #2445, #749 ) ;
#1598 =( NAMED_UNIT ( * ) SI_UNIT ( $, .STERADIAN. ) SOLID_ANGLE_UNIT ( ) );
#1599 = ORIENTED_EDGE ( 'NONE', *, *, #2691, .F. ) ;
#1600 = PRESENTATION_LAYER_ASSIGNMENT (  '', '', ( #1766 ) ) ;
#1601 = CARTESIAN_POINT ( 'NONE',  ( 0.5504584915972130510, -1.050000000042335957, 0.05000000000572069753 ) ) ;
#1602 = CARTESIAN_POINT ( 'NONE',  ( 0.2920616987671439957, -0.03960944422784429264, 0.5999999999999999778 ) ) ;
#1603 = ADVANCED_FACE ( 'NONE', ( #2570 ), #2338, .T. ) ;
#1604 = CARTESIAN_POINT ( 'NONE',  ( 0.09915709003882430816, 0.06794478527607271390, 0.5999999999999999778 ) ) ;
#1605 = B_SPLINE_CURVE_WITH_KNOTS ( 'NONE', 1,
 ( #1269, #641 ),
 .UNSPECIFIED., .F., .F.,
 ( 2, 2 ),
 ( 0.000000000000000000, 0.1300000000000000044 ),
 .UNSPECIFIED. ) ;
#1606 = STYLED_ITEM ( 'NONE', ( #2408 ), #2201 ) ;
#1607 = EDGE_LOOP ( 'NONE', ( #771, #2223, #1532, #1052 ) ) ;
#1608 = CARTESIAN_POINT ( 'NONE',  ( -0.4808330023432350053, 0.9809864259100569139, 0.5560409424744989781 ) ) ;
#1609 = CARTESIAN_POINT ( 'NONE',  ( 0.5000000000000000000, -0.6400000000000000133, 0.1299999999999999767 ) ) ;
#1610 = CARTESIAN_POINT ( 'NONE',  ( 0.01442634702587266074, 0.009253578732106368734, 0.5999999999999999778 ) ) ;
#1611 = ORIENTED_EDGE ( 'NONE', *, *, #1516, .T. ) ;
#1612 = B_SPLINE_CURVE_WITH_KNOTS ( 'NONE', 1,
 ( #2274, #404 ),
 .UNSPECIFIED., .F., .F.,
 ( 2, 2 ),
 ( 0.000000000000000000, 0.1300000000000000044 ),
 .UNSPECIFIED. ) ;
#1613 = CARTESIAN_POINT ( 'NONE',  ( -0.5000000000000000000, 0.3600000000000000422, 0.000000000000000000 ) ) ;
#1614 = FACE_OUTER_BOUND ( 'NONE', #1263, .T. ) ;
#1615 =( LENGTH_UNIT ( ) NAMED_UNIT ( * ) SI_UNIT ( .MILLI., .METRE. ) );
#1616 = VERTEX_POINT ( 'NONE', #2117 ) ;
#1617 = PLANE ( 'NONE',  #1042 ) ;
#1618 = CARTESIAN_POINT ( 'NONE',  ( 0.003587901218101765058, 0.07796523517382410173, 0.5999999999999999778 ) ) ;
#1619 = CARTESIAN_POINT ( 'NONE',  ( -0.3110646921719719682, 0.08954564758197919305, 0.5999999999999999778 ) ) ;
#1620 = EDGE_CURVE ( 'NONE', #366, #590, #309, .T. ) ;
#1621 = CARTESIAN_POINT ( 'NONE',  ( -0.8000000000000000444, 0.8599999999999999867, 0.000000000000000000 ) ) ;
#1622 = CARTESIAN_POINT ( 'NONE',  ( -0.5999999999999999778, 1.050000000000000044, 0.05000000000000000278 ) ) ;
#1623 = ORIENTED_EDGE ( 'NONE', *, *, #1192, .F. ) ;
#1624 = CARTESIAN_POINT ( 'NONE',  ( -0.5504584915972130510, -1.049999999985183896, 0.04999999999792719557 ) ) ;
#1625 = CARTESIAN_POINT ( 'NONE',  ( -0.8000000000000000444, 0.3600000000000000422, 0.000000000000000000 ) ) ;
#1626 = ORIENTED_EDGE ( 'NONE', *, *, #1170, .T. ) ;
#1627 = CARTESIAN_POINT ( 'NONE',  ( -0.4813554470220410275, 0.9313554470202499713, 0.5999999999999999778 ) ) ;
#1628 = PRODUCT ( 'SOT-583', 'SOT-583', '', ( #2099 ) ) ;
#1629 = ORIENTED_EDGE ( 'NONE', *, *, #346, .F. ) ;
#1630 = CARTESIAN_POINT ( 'NONE',  ( -0.2112149590548824951, 0.09836118755755179910, 0.5999999999999999778 ) ) ;
#1631 = SURFACE_STYLE_FILL_AREA ( #2044 ) ;
#1632 =( LENGTH_UNIT ( ) NAMED_UNIT ( * ) SI_UNIT ( .MILLI., .METRE. ) );
#1633 = EDGE_CURVE ( 'NONE', #1069, #1807, #677, .T. ) ;
#1634 = ORIENTED_EDGE ( 'NONE', *, *, #1895, .F. ) ;
#1635 = SURFACE_SIDE_STYLE ('',( #2577 ) ) ;
#1636 = CARTESIAN_POINT ( 'NONE',  ( 0.1031103123785462039, -0.05305832662391989779, 0.5999999999999999778 ) ) ;
#1637 = EDGE_CURVE ( 'NONE', #1714, #914, #936, .T. ) ;
#1638 = APPLICATION_CONTEXT ( 'automotive_design' ) ;
#1639 = EDGE_LOOP ( 'NONE', ( #1777, #2041, #758, #478 ) ) ;
#1640 = CARTESIAN_POINT ( 'NONE',  ( 0.8000000000000000444, 0.1399999999999999856, 0.1299999999999999767 ) ) ;
#1641 = DIRECTION ( 'NONE',  ( 0.9909953144112320089, -0.01809119230972687856, -0.1326687437786156776 ) ) ;
#1642 = MANIFOLD_SOLID_BREP ( 'NONE', #774 ) ;
#1643 = ORIENTED_EDGE ( 'NONE', *, *, #2650, .T. ) ;
#1644 = PLANE ( 'NONE',  #1475 ) ;
#1645 = COLOUR_RGB ( '',0.4117647058823529216, 0.4117647058823529216, 0.4117647058823529216 ) ;
#1646 = CARTESIAN_POINT ( 'NONE',  ( 0.4813553676471489795, 0.9808969553898869709, 0.5567556602340368865 ) ) ;
#1647 = FACE_OUTER_BOUND ( 'NONE', #721, .T. ) ;
#1648 = B_SPLINE_CURVE_WITH_KNOTS ( 'NONE', 1,
 ( #1093, #277 ),
 .UNSPECIFIED., .F., .F.,
 ( 2, 2 ),
 ( 0.000000000000000000, 0.1300000000000000044 ),
 .UNSPECIFIED. ) ;
#1649 = AXIS2_PLACEMENT_3D ( 'NONE', #1793, #1538, #2416 ) ;
#1650 = MECHANICAL_DESIGN_GEOMETRIC_PRESENTATION_REPRESENTATION (  '', ( #2123 ), #2431 ) ;
#1651 = EDGE_CURVE ( 'NONE', #485, #595, #2268, .T. ) ;
#1652 = ORIENTED_EDGE ( 'NONE', *, *, #1045, .F. ) ;
#1653 = SURFACE_SIDE_STYLE ('',( #1250 ) ) ;
#1654 = EDGE_CURVE ( 'NONE', #1326, #1923, #2394, .T. ) ;
#1655 = VERTEX_POINT ( 'NONE', #268 ) ;
#1656 = DIRECTION ( 'NONE',  ( 0.000000000000000000, 1.000000000000000000, 0.000000000000000000 ) ) ;
#1657 = CARTESIAN_POINT ( 'NONE',  ( 0.5482249872905619048, -0.9375309734321070065, 0.5529314053719701638 ) ) ;
#1658 = ORIENTED_EDGE ( 'NONE', *, *, #843, .F. ) ;
#1659 = CARTESIAN_POINT ( 'NONE',  ( 0.3704775722378549907, 0.03388680343687845015, 0.5999999999999999778 ) ) ;
#1660 = CARTESIAN_POINT ( 'NONE',  ( -0.3321517916682349969, 0.008414947152029110533, 0.5999999999999999778 ) ) ;
#1661 = DIRECTION ( 'NONE',  ( 0.000000000000000000, 0.000000000000000000, -1.000000000000000000 ) ) ;
#1662 = ORIENTED_EDGE ( 'NONE', *, *, #1526, .F. ) ;
#1663 = SURFACE_STYLE_FILL_AREA ( #1058 ) ;
#1664 = CARTESIAN_POINT ( 'NONE',  ( 0.5000000000000000000, -0.8599999999999999867, 0.1299999999999999767 ) ) ;
#1665 = EDGE_CURVE ( 'NONE', #556, #1281, #1160, .T. ) ;
#1666 = ORIENTED_EDGE ( 'NONE', *, *, #1788, .T. ) ;
#1667 = CARTESIAN_POINT ( 'NONE',  ( -0.5276648930555729589, 0.9313554419556810959, 0.5804574509177204966 ) ) ;
#1668 = EDGE_CURVE ( 'NONE', #1141, #2370, #1648, .T. ) ;
#1669 = CARTESIAN_POINT ( 'NONE',  ( -0.1744176292500379810, -0.06063918853486720273, 0.5999999999999999778 ) ) ;
#1670 = EDGE_LOOP ( 'NONE', ( #2653, #178, #1846, #2092 ) ) ;
#1671 = CARTESIAN_POINT ( 'NONE',  ( -0.8000000000000000444, 0.8599999999999999867, 0.1299999999999999767 ) ) ;
#1672 =( NAMED_UNIT ( * ) SI_UNIT ( $, .STERADIAN. ) SOLID_ANGLE_UNIT ( ) );
#1673 = CARTESIAN_POINT ( 'NONE',  ( 0.4100290986746680244, 0.01431168161362064012, 0.5999999999999999778 ) ) ;
#1674 = CARTESIAN_POINT ( 'NONE',  ( 0.1039968991731120007, 0.09360940695296519898, 0.5999999999999999778 ) ) ;
#1675 = DIRECTION ( 'NONE',  ( 0.1338965533153310405, -0.1338965532859540397, -0.9819080537547374421 ) ) ;
#1676 = EDGE_LOOP ( 'NONE', ( #576, #1276, #1251, #2398 ) ) ;
#1677 = ORIENTED_EDGE ( 'NONE', *, *, #96, .T. ) ;
#1678 = CARTESIAN_POINT ( 'NONE',  ( -0.5000000000000000000, -0.1399999999999999856, 0.1299999999999999767 ) ) ;
#1679 =( NAMED_UNIT ( * ) SI_UNIT ( $, .STERADIAN. ) SOLID_ANGLE_UNIT ( ) );
#1680 = EDGE_LOOP ( 'NONE', ( #2137, #242, #1953 ) ) ;
#1681 = EDGE_CURVE ( 'NONE', #13, #989, #789, .T. ) ;
#1682 = FACE_OUTER_BOUND ( 'NONE', #1166, .T. ) ;
#1683 = FILL_AREA_STYLE ('',( #1924 ) ) ;
#1684 = CLOSED_SHELL ( 'NONE', ( #529, #1543, #5, #1078, #1928, #1120 ) ) ;
#1685 = B_SPLINE_CURVE_WITH_KNOTS ( 'NONE', 3,
 ( #973, #521, #1381, #2621 ),
 .UNSPECIFIED., .F., .F.,
 ( 4, 4 ),
 ( 0.000000000000000000, 1.000000000000000000 ),
 .UNSPECIFIED. ) ;
#1686 = SURFACE_SIDE_STYLE ('',( #1271 ) ) ;
#1687 = AXIS2_PLACEMENT_3D ( 'NONE', #291, #1309, #2343 ) ;
#1688 = EDGE_CURVE ( 'NONE', #366, #1099, #2373, .T. ) ;
#1689 = CYLINDRICAL_SURFACE ( 'NONE', #2642, 0.05000000000166019559 ) ;
#1690 = CARTESIAN_POINT ( 'NONE',  ( 0.6000000000453199478, 1.000458491597730148, 0.05000000000617489671 ) ) ;
#1691 = CARTESIAN_POINT ( 'NONE',  ( -0.5000000000000000000, -0.6400000000000000133, 0.000000000000000000 ) ) ;
#1692 =( GEOMETRIC_REPRESENTATION_CONTEXT ( 3 ) GLOBAL_UNCERTAINTY_ASSIGNED_CONTEXT ( ( #588 ) ) GLOBAL_UNIT_ASSIGNED_CONTEXT ( ( #1985, #2623, #1189 ) ) REPRESENTATION_CONTEXT ( 'NONE', 'WORKASPACE' ) );
#1693 = VERTEX_POINT ( 'NONE', #2582 ) ;
#1694 = FACE_OUTER_BOUND ( 'NONE', #993, .T. ) ;
#1695 = DIRECTION ( 'NONE',  ( 0.000000000000000000, 0.000000000000000000, 1.000000000000000000 ) ) ;
#1696 = EDGE_LOOP ( 'NONE', ( #374, #560, #530, #2453 ) ) ;
#1697 = CARTESIAN_POINT ( 'NONE',  ( -0.5000000000000000000, 0.8599999999999999867, 0.000000000000000000 ) ) ;
#1698 = SURFACE_STYLE_USAGE ( .BOTH. , #1483 ) ;
#1699 = CARTESIAN_POINT ( 'NONE',  ( 0.3960675376654130275, 0.02526778647936214761, 0.5999999999999999778 ) ) ;
#1700 = CARTESIAN_POINT ( 'NONE',  ( 0.3210725637947889899, 0.05741308793456030568, 0.5999999999999999778 ) ) ;
#1701 = EDGE_CURVE ( 'NONE', #595, #1141, #2630, .T. ) ;
#1702 = ORIENTED_EDGE ( 'NONE', *, *, #1096, .T. ) ;
#1703 = ORIENTED_EDGE ( 'NONE', *, *, #792, .F. ) ;
#1704 = ORIENTED_EDGE ( 'NONE', *, *, #1109, .F. ) ;
#1705 = CARTESIAN_POINT ( 'NONE',  ( 0.5000000000000000000, -0.6400000000000000133, 0.1299999999999999767 ) ) ;
#1706 = CARTESIAN_POINT ( 'NONE',  ( -0.5000000000000000000, 0.3600000000000000422, 0.000000000000000000 ) ) ;
#1707 = ORIENTED_EDGE ( 'NONE', *, *, #639, .F. ) ;
#1708 = DIRECTION ( 'NONE',  ( 0.000000000000000000, 0.000000000000000000, 1.000000000000000000 ) ) ;
#1709 = CARTESIAN_POINT ( 'NONE',  ( 0.5198411933243940464, 0.9087517755340770442, 0.5725371108785470842 ) ) ;
#1710 = CARTESIAN_POINT ( 'NONE',  ( 0.3860304898681154451, 0.09307882102189800333, 0.5999999999999999778 ) ) ;
#1711 =( BOUNDED_SURFACE ( )  B_SPLINE_SURFACE ( 2, 2, ( 
 ( #1709, #1555, #289 ),
 ( #1571, #955, #1117 ),
 ( #1981, #2376, #2364 ) ),
 .UNSPECIFIED., .F., .F., .T. ) 
 B_SPLINE_SURFACE_WITH_KNOTS ( ( 3, 3 ),
 ( 3, 3 ),
 ( 0.04417423382363429990, 0.1173729330736919957 ),
 ( 0.1109879607426900033, 0.1856809592709799950 ),
 .UNSPECIFIED. ) 
 GEOMETRIC_REPRESENTATION_ITEM ( )  RATIONAL_B_SPLINE_SURFACE ( (
 ( 1.000000000000000000, 0.7337780585340929473, 1.000000000000000000),
 ( 0.7438478672275290471, 0.5458192438589419826, 0.7438478672275290471),
 ( 1.000000000000000000, 0.7337780585340929473, 1.000000000000000000) ) ) 
 REPRESENTATION_ITEM ( '' )  SURFACE ( )  );
#1712 = CARTESIAN_POINT ( 'NONE',  ( -0.8000000000000000444, -0.1399999999999999856, 0.1299999999999999767 ) ) ;
#1713 = ADVANCED_FACE ( 'NONE', ( #1769 ), #2209, .T. ) ;
#1714 = VERTEX_POINT ( 'NONE', #1744 ) ;
#1715 = CARTESIAN_POINT ( 'NONE',  ( 0.2955742546958440298, 0.07794470119098188821, 0.5999999999999999778 ) ) ;
#1716 = CARTESIAN_POINT ( 'NONE',  ( 0.5000000000000000000, 0.3600000000000000422, 0.1299999999999999767 ) ) ;
#1717 = EDGE_LOOP ( 'NONE', ( #2675, #2444, #246, #2633 ) ) ;
#1718 = CARTESIAN_POINT ( 'NONE',  ( -0.1834861638657379890, -1.050000000000000044, 0.05000000000000000278 ) ) ;
#1719 = PLANE ( 'NONE',  #215 ) ;
#1720 = APPLICATION_CONTEXT ( 'automotive_design' ) ;
#1721 = FACE_OUTER_BOUND ( 'NONE', #2515, .T. ) ;
#1722 = AXIS2_PLACEMENT_3D ( 'NONE', #1691, #631, #1286 ) ;
#1723 = CARTESIAN_POINT ( 'NONE',  ( -0.5000000000000000000, -0.6400000000000000133, 0.000000000000000000 ) ) ;
#1724 = MECHANICAL_DESIGN_GEOMETRIC_PRESENTATION_REPRESENTATION (  '', ( #913 ), #162 ) ;
#1725 = COLOUR_RGB ( '',0.4117647058823529216, 0.4117647058823529216, 0.4117647058823529216 ) ;
#1726 = VERTEX_POINT ( 'NONE', #1996 ) ;
#1727 = CARTESIAN_POINT ( 'NONE',  ( 0.5000000000000000000, -0.8599999999999999867, 0.000000000000000000 ) ) ;
#1728 = CARTESIAN_POINT ( 'NONE',  ( -0.1995236193332629859, 0.08145694941553630053, 0.5999999999999999778 ) ) ;
#1729 =( GEOMETRIC_REPRESENTATION_CONTEXT ( 3 ) GLOBAL_UNCERTAINTY_ASSIGNED_CONTEXT ( ( #724 ) ) GLOBAL_UNIT_ASSIGNED_CONTEXT ( ( #51, #2532, #2516 ) ) REPRESENTATION_CONTEXT ( 'NONE', 'WORKASPACE' ) );
#1730 = SURFACE_STYLE_USAGE ( .BOTH. , #2068 ) ;
#1731 = EDGE_CURVE ( 'NONE', #1311, #556, #67, .T. ) ;
#1732 = ORIENTED_EDGE ( 'NONE', *, *, #1688, .F. ) ;
#1733 = AXIS2_PLACEMENT_3D ( 'NONE', #2604, #742, #526 ) ;
#1734 = DIRECTION ( 'NONE',  ( 1.000000000000000000, 0.000000000000000000, 0.000000000000000000 ) ) ;
#1735 = FACE_OUTER_BOUND ( 'NONE', #2184, .T. ) ;
#1736 =( NAMED_UNIT ( * ) SI_UNIT ( $, .STERADIAN. ) SOLID_ANGLE_UNIT ( ) );
#1737 = B_SPLINE_CURVE_WITH_KNOTS ( 'NONE', 1,
 ( #1032, #2690 ),
 .UNSPECIFIED., .F., .F.,
 ( 2, 2 ),
 ( 0.2200000000000000011, 0.5200000000000000178 ),
 .UNSPECIFIED. ) ;
#1738 = CARTESIAN_POINT ( 'NONE',  ( 0.3376369809727029492, -0.01221881390593054090, 0.5999999999999999778 ) ) ;
#1739 = VERTEX_POINT ( 'NONE', #2026 ) ;
#1740 = FILL_AREA_STYLE ('',( #1943 ) ) ;
#1741 = B_SPLINE_CURVE_WITH_KNOTS ( 'NONE', 1,
 ( #1492, #889 ),
 .UNSPECIFIED., .F., .F.,
 ( 2, 2 ),
 ( 0.7399999999999999911, 1.040000000000000036 ),
 .UNSPECIFIED. ) ;
#1742 = CARTESIAN_POINT ( 'NONE',  ( 0.003587901218101765058, 0.07796523517382410173, 0.5999999999999999778 ) ) ;
#1743 = ORIENTED_EDGE ( 'NONE', *, *, #1529, .T. ) ;
#1744 = CARTESIAN_POINT ( 'NONE',  ( -0.5000000000000000000, -0.3600000000000000422, 0.000000000000000000 ) ) ;
#1745 = ADVANCED_FACE ( 'NONE', ( #2429 ), #769, .T. ) ;
#1746 = PLANE ( 'NONE',  #2158 ) ;
#1747 = FACE_OUTER_BOUND ( 'NONE', #1081, .T. ) ;
#1748 = CARTESIAN_POINT ( 'NONE',  ( 0.5000000000000000000, 0.1399999999999999856, 0.000000000000000000 ) ) ;
#1749 = ORIENTED_EDGE ( 'NONE', *, *, #405, .T. ) ;
#1750 = CARTESIAN_POINT ( 'NONE',  ( 0.5504584915972130510, -1.050000000042335957, 0.05000000000572069753 ) ) ;
#1751 = PRESENTATION_STYLE_ASSIGNMENT (( #1065 ) ) ;
#1752 = UNCERTAINTY_MEASURE_WITH_UNIT (LENGTH_MEASURE( 1.000000000000000082E-05 ), #444, 'distance_accuracy_value', 'NONE');
#1753 = VERTEX_POINT ( 'NONE', #126 ) ;
#1754 = CARTESIAN_POINT ( 'NONE',  ( 0.4813553676471529763, -0.9808969553902300298, 0.5567556602335439475 ) ) ;
#1755 = B_SPLINE_CURVE_WITH_KNOTS ( 'NONE', 3,
 ( #1467, #284, #657, #1350 ),
 .UNSPECIFIED., .F., .F.,
 ( 4, 4 ),
 ( 0.000000000000000000, 1.000000000000000000 ),
 .UNSPECIFIED. ) ;
#1756 = EDGE_CURVE ( 'NONE', #2470, #327, #2142, .T. ) ;
#1757 = VERTEX_POINT ( 'NONE', #2594 ) ;
#1758 = CARTESIAN_POINT ( 'NONE',  ( -0.4132832644260699961, -0.006083844580777099734, 0.5999999999999999778 ) ) ;
#1759 = CARTESIAN_POINT ( 'NONE',  ( 0.3011583667223304839, -0.01618886395385219987, 0.5999999999999999778 ) ) ;
#1760 = EDGE_CURVE ( 'NONE', #1460, #57, #1890, .T. ) ;
#1761 = CARTESIAN_POINT ( 'NONE',  ( 0.2730153040810869847, 0.02704498977505115018, 0.5999999999999999778 ) ) ;
#1762 = CLOSED_SHELL ( 'NONE', ( #978, #257, #1930, #186, #8, #1487 ) ) ;
#1763 = EDGE_LOOP ( 'NONE', ( #2153, #2101, #1623, #1082 ) ) ;
#1764 = AXIS2_PLACEMENT_3D ( 'NONE', #1888, #26, #2480 ) ;
#1765 = CARTESIAN_POINT ( 'NONE',  ( -0.8000000000000000444, 0.1399999999999999856, 0.1299999999999999767 ) ) ;
#1766 = STYLED_ITEM ( 'NONE', ( #1871 ), #759 ) ;
#1767 = EDGE_LOOP ( 'NONE', ( #1749, #1611, #1540, #175 ) ) ;
#1768 = B_SPLINE_CURVE_WITH_KNOTS ( 'NONE', 1,
 ( #1174, #565 ),
 .UNSPECIFIED., .F., .F.,
 ( 2, 2 ),
 ( 0.2200000000000000011, 0.5200000000000000178 ),
 .UNSPECIFIED. ) ;
#1769 = FACE_OUTER_BOUND ( 'NONE', #1360, .T. ) ;
#1770 = AXIS2_PLACEMENT_3D ( 'NONE', #1613, #1836, #1252 ) ;
#1771 = DIRECTION ( 'NONE',  ( 0.000000000000000000, -1.000000000000000000, 0.000000000000000000 ) ) ;
#1772 = AXIS2_PLACEMENT_3D ( 'NONE', #1163, #2081, #2461 ) ;
#1773 = ORIENTED_EDGE ( 'NONE', *, *, #313, .T. ) ;
#1774 = DIRECTION ( 'NONE',  ( 0.000000000000000000, -1.000000000000000000, 0.000000000000000000 ) ) ;
#1775 = B_SPLINE_CURVE_WITH_KNOTS ( 'NONE', 1,
 ( #1243, #1481 ),
 .UNSPECIFIED., .F., .F.,
 ( 2, 2 ),
 ( 0.000000000000000000, 0.2200000000000000011 ),
 .UNSPECIFIED. ) ;
#1776 = EDGE_CURVE ( 'NONE', #1423, #423, #2146, .T. ) ;
#1777 = ORIENTED_EDGE ( 'NONE', *, *, #1842, .F. ) ;
#1778 = FILL_AREA_STYLE ('',( #741 ) ) ;
#1779 = CARTESIAN_POINT ( 'NONE',  ( -0.04600310082688799374, 0.07796523517382410173, 0.5999999999999999778 ) ) ;
#1780 = CARTESIAN_POINT ( 'NONE',  ( 0.8000000000000000444, -0.1399999999999999856, 0.1299999999999999767 ) ) ;
#1781 = ORIENTED_EDGE ( 'NONE', *, *, #739, .T. ) ;
#1782 = CARTESIAN_POINT ( 'NONE',  ( 0.8000000000000000444, 0.3600000000000000422, 0.1299999999999999767 ) ) ;
#1783 = B_SPLINE_CURVE_WITH_KNOTS ( 'NONE', 1,
 ( #198, #2075 ),
 .UNSPECIFIED., .F., .F.,
 ( 2, 2 ),
 ( 0.2200000000000000011, 0.5200000000000000178 ),
 .UNSPECIFIED. ) ;
#1784 = DIRECTION ( 'NONE',  ( -0.1338965526628055902, -0.1338965526334439937, -0.9819080539326969781 ) ) ;
#1785 = CARTESIAN_POINT ( 'NONE',  ( 0.8000000000000000444, 0.8599999999999999867, 0.000000000000000000 ) ) ;
#1786 = CARTESIAN_POINT ( 'NONE',  ( 0.8000000000000000444, -0.1399999999999999856, 0.000000000000000000 ) ) ;
#1787 = DIRECTION ( 'NONE',  ( 8.796552655433869279E-14, -1.000000000000000000, 1.071932339452709953E-13 ) ) ;
#1788 = EDGE_CURVE ( 'NONE', #1726, #590, #797, .T. ) ;
#1789 = ORIENTED_EDGE ( 'NONE', *, *, #708, .T. ) ;
#1790 = SURFACE_STYLE_USAGE ( .BOTH. , #72 ) ;
#1791 = CARTESIAN_POINT ( 'NONE',  ( -0.3430873236001955040, 0.03125421364822430353, 0.5999999999999999778 ) ) ;
#1792 = ORIENTED_EDGE ( 'NONE', *, *, #450, .F. ) ;
#1793 = CARTESIAN_POINT ( 'NONE',  ( -0.5000000000000000000, -0.1399999999999999856, 0.000000000000000000 ) ) ;
#1794 = FILL_AREA_STYLE ('',( #402 ) ) ;
#1795 = EDGE_LOOP ( 'NONE', ( #2432, #2603, #925 ) ) ;
#1796 = SURFACE_SIDE_STYLE ('',( #984 ) ) ;
#1797 = FACE_OUTER_BOUND ( 'NONE', #410, .T. ) ;
#1798 = FACE_OUTER_BOUND ( 'NONE', #2502, .T. ) ;
#1799 = SURFACE_SIDE_STYLE ('',( #986 ) ) ;
#1800 = CARTESIAN_POINT ( 'NONE',  ( 0.3253670423223965491, -0.01385480572597159836, 0.5999999999999999778 ) ) ;
#1801 = B_SPLINE_CURVE_WITH_KNOTS ( 'NONE', 3,
 ( #850, #1466, #807, #596 ),
 .UNSPECIFIED., .F., .F.,
 ( 4, 4 ),
 ( 0.000000000000000000, 1.000000000000000000 ),
 .UNSPECIFIED. ) ;
#1802 = ORIENTED_EDGE ( 'NONE', *, *, #1960, .T. ) ;
#1803 = SURFACE_STYLE_USAGE ( .BOTH. , #1635 ) ;
#1804 = CARTESIAN_POINT ( 'NONE',  ( 0.8000000000000000444, 0.8599999999999999867, 0.000000000000000000 ) ) ;
#1805 = CARTESIAN_POINT ( 'NONE',  ( -0.3422111817023215097, -0.05870641702661969635, 0.5999999999999999778 ) ) ;
#1806 = AXIS2_PLACEMENT_3D ( 'NONE', #1461, #651, #2294 ) ;
#1807 = VERTEX_POINT ( 'NONE', #561 ) ;
#1808 = CARTESIAN_POINT ( 'NONE',  ( 0.5000000000000000000, 0.6400000000000000133, 0.000000000000000000 ) ) ;
#1809 = EDGE_CURVE ( 'NONE', #646, #1557, #2407, .T. ) ;
#1810 = CYLINDRICAL_SURFACE ( 'NONE', #2563, 0.04999999999996749406 ) ;
#1811 = ORIENTED_EDGE ( 'NONE', *, *, #1579, .T. ) ;
#1812 = DIRECTION ( 'NONE',  ( 0.000000000000000000, 0.000000000000000000, -1.000000000000000000 ) ) ;
#1813 = CARTESIAN_POINT ( 'NONE',  ( -0.8000000000000000444, 0.1399999999999999856, 0.1299999999999999767 ) ) ;
#1814 = CARTESIAN_POINT ( 'NONE',  ( -0.5000000000000000000, 0.3600000000000000422, 0.000000000000000000 ) ) ;
#1815 = CARTESIAN_POINT ( 'NONE',  ( 0.1544516358734535078, 0.02274624593774404735, 0.5999999999999999778 ) ) ;
#1816 = CARTESIAN_POINT ( 'NONE',  ( 0.1604517892157419912, -0.9808969554220811071, 0.5567556602380679953 ) ) ;
#1817 = COLOUR_RGB ( '',0.4117647058823529216, 0.4117647058823529216, 0.4117647058823529216 ) ;
#1818 = ORIENTED_EDGE ( 'NONE', *, *, #1731, .F. ) ;
#1819 =( LENGTH_UNIT ( ) NAMED_UNIT ( * ) SI_UNIT ( .MILLI., .METRE. ) );
#1820 = CARTESIAN_POINT ( 'NONE',  ( 0.1387398869181112049, -0.05710761796691499886, 0.5999999999999999778 ) ) ;
#1821 = CARTESIAN_POINT ( 'NONE',  ( -0.3526109268786865036, 0.03355206843798669292, 0.5999999999999999778 ) ) ;
#1822 = ORIENTED_EDGE ( 'NONE', *, *, #2537, .F. ) ;
#1823 = CARTESIAN_POINT ( 'NONE',  ( -0.4813554470220410275, 0.9313554470202499713, 0.5999999999999999778 ) ) ;
#1824 = FACE_OUTER_BOUND ( 'NONE', #1607, .T. ) ;
#1825 = VERTEX_POINT ( 'NONE', #2224 ) ;
#1826 = EDGE_CURVE ( 'NONE', #817, #2401, #1308, .T. ) ;
#1827 = CARTESIAN_POINT ( 'NONE',  ( -0.06583950164488389101, -0.05424335378323109913, 0.5999999999999999778 ) ) ;
#1828 = CARTESIAN_POINT ( 'NONE',  ( -0.3179608546405814917, -4.243208447541635013E-05, 0.5999999999999999778 ) ) ;
#1829 = ADVANCED_FACE ( 'NONE', ( #970 ), #1980, .T. ) ;
#1830 = SURFACE_STYLE_USAGE ( .BOTH. , #811 ) ;
#1831 = ORIENTED_EDGE ( 'NONE', *, *, #346, .T. ) ;
#1832 = CARTESIAN_POINT ( 'NONE',  ( -0.8000000000000000444, 0.6400000000000000133, 0.1299999999999999767 ) ) ;
#1833 = UNCERTAINTY_MEASURE_WITH_UNIT (LENGTH_MEASURE( 1.000000000000000082E-05 ), #1106, 'distance_accuracy_value', 'NONE');
#1834 = ORIENTED_EDGE ( 'NONE', *, *, #673, .T. ) ;
#1835 = B_SPLINE_CURVE_WITH_KNOTS ( 'NONE', 1,
 ( #1005, #1832 ),
 .UNSPECIFIED., .F., .F.,
 ( 2, 2 ),
 ( 0.000000000000000000, 0.2200000000000000011 ),
 .UNSPECIFIED. ) ;
#1836 = DIRECTION ( 'NONE',  ( -0.000000000000000000, 1.000000000000000000, 0.000000000000000000 ) ) ;
#1837 = CARTESIAN_POINT ( 'NONE',  ( -0.5000000000000000000, 0.6400000000000000133, 0.000000000000000000 ) ) ;
#1838 = ORIENTED_EDGE ( 'NONE', *, *, #1731, .T. ) ;
#1839 = DIRECTION ( 'NONE',  ( 1.000000000000000000, 0.000000000000000000, 0.000000000000000000 ) ) ;
#1840 = CARTESIAN_POINT ( 'NONE',  ( -0.5999999999876549639, -1.000458491597730148, 0.04999999999831179764 ) ) ;
#1841 = CARTESIAN_POINT ( 'NONE',  ( 0.4813554470217569770, -0.9313554470202489721, 0.5999999999999139355 ) ) ;
#1842 = EDGE_CURVE ( 'NONE', #371, #1995, #2674, .T. ) ;
#1843 = DIRECTION ( 'NONE',  ( -3.223258006067874030E-14, 1.000000000000000000, 0.000000000000000000 ) ) ;
#1844 = CARTESIAN_POINT ( 'NONE',  ( 0.3555306415044000024, 0.01671779141104290031, 0.5999999999999999778 ) ) ;
#1845 = EDGE_CURVE ( 'NONE', #951, #423, #2479, .T. ) ;
#1846 = ORIENTED_EDGE ( 'NONE', *, *, #602, .F. ) ;
#1847 = CARTESIAN_POINT ( 'NONE',  ( 0.5000000000000000000, -0.1399999999999999856, 0.000000000000000000 ) ) ;
#1848 = SHAPE_DEFINITION_REPRESENTATION ( #1998, #798 ) ;
#1849 = ORIENTED_EDGE ( 'NONE', *, *, #1681, .F. ) ;
#1850 = CARTESIAN_POINT ( 'NONE',  ( -0.4813553676472279719, 0.9808969554331661289, 0.5567556602393970433 ) ) ;
#1851 = ORIENTED_EDGE ( 'NONE', *, *, #2128, .T. ) ;
#1852 = PLANE ( 'NONE',  #917 ) ;
#1853 = MECHANICAL_DESIGN_GEOMETRIC_PRESENTATION_REPRESENTATION (  '', ( #1509 ), #729 ) ;
#1854 = CARTESIAN_POINT ( 'NONE',  ( -0.5504584915972130510, -1.049999999985183896, 0.04999999999792719557 ) ) ;
#1855 = CARTESIAN_POINT ( 'NONE',  ( 0.1224171696047611918, 0.02905569273569864885, 0.5999999999999999778 ) ) ;
#1856 = AXIS2_PLACEMENT_3D ( 'NONE', #1528, #1771, #1144 ) ;
#1857 = CARTESIAN_POINT ( 'NONE',  ( 0.5000000000000000000, 0.3600000000000000422, 0.000000000000000000 ) ) ;
#1858 = AXIS2_PLACEMENT_3D ( 'NONE', #1504, #1708, #1734 ) ;
#1859 = B_SPLINE_CURVE_WITH_KNOTS ( 'NONE', 1,
 ( #2244, #1039 ),
 .UNSPECIFIED., .F., .F.,
 ( 2, 2 ),
 ( 0.000000000000000000, 0.1300000000000000044 ),
 .UNSPECIFIED. ) ;
#1860 = ORIENTED_EDGE ( 'NONE', *, *, #1681, .T. ) ;
#1861 = EDGE_CURVE ( 'NONE', #2593, #787, #1783, .T. ) ;
#1862 = CARTESIAN_POINT ( 'NONE',  ( 0.1106431159420279975, 0.03573619631901830268, 0.5999999999999999778 ) ) ;
#1863 = VERTEX_POINT ( 'NONE', #1049 ) ;
#1864 = FACE_OUTER_BOUND ( 'NONE', #305, .T. ) ;
#1865 = CARTESIAN_POINT ( 'NONE',  ( -0.5308969554311949723, 0.9313554394233970468, 0.5567556602402340404 ) ) ;
#1866 = B_SPLINE_CURVE_WITH_KNOTS ( 'NONE', 1,
 ( #861, #1013 ),
 .UNSPECIFIED., .F., .F.,
 ( 2, 2 ),
 ( 0.000000000000000000, 0.1300000000000000044 ),
 .UNSPECIFIED. ) ;
#1867 = CARTESIAN_POINT ( 'NONE',  ( 0.5425386828114391324, -0.9761215444530327856, 0.6013462295782032729 ) ) ;
#1868 = EDGE_LOOP ( 'NONE', ( #1860, #603, #2167, #61 ) ) ;
#1869 = CARTESIAN_POINT ( 'NONE',  ( -0.5999999999999999778, 0.3334861638659105121, 0.05000000000000000278 ) ) ;
#1870 = DIRECTION ( 'NONE',  ( 1.000000000000000000, 0.000000000000000000, 0.000000000000000000 ) ) ;
#1871 = PRESENTATION_STYLE_ASSIGNMENT (( #1925 ) ) ;
#1872 = CARTESIAN_POINT ( 'NONE',  ( -0.8000000000000000444, 0.6400000000000000133, 0.000000000000000000 ) ) ;
#1873 = B_SPLINE_CURVE_WITH_KNOTS ( 'NONE', 1,
 ( #208, #385 ),
 .UNSPECIFIED., .F., .F.,
 ( 2, 2 ),
 ( 0.7399999999999999911, 1.040000000000000036 ),
 .UNSPECIFIED. ) ;
#1874 = VERTEX_POINT ( 'NONE', #1264 ) ;
#1875 =( LENGTH_UNIT ( ) NAMED_UNIT ( * ) SI_UNIT ( .MILLI., .METRE. ) );
#1876 = DIRECTION ( 'NONE',  ( 0.000000000000000000, 0.000000000000000000, 1.000000000000000000 ) ) ;
#1877 = ADVANCED_FACE ( 'NONE', ( #170 ), #1009, .T. ) ;
#1878 = B_SPLINE_CURVE_WITH_KNOTS ( 'NONE', 3,
 ( #1061, #663, #376, #2089 ),
 .UNSPECIFIED., .F., .F.,
 ( 4, 4 ),
 ( 0.000000000000000000, 1.000000000000000000 ),
 .UNSPECIFIED. ) ;
#1879 = ORIENTED_EDGE ( 'NONE', *, *, #2319, .T. ) ;
#1880 = FACE_OUTER_BOUND ( 'NONE', #2384, .T. ) ;
#1881 = CARTESIAN_POINT ( 'NONE',  ( -0.2443787988809355272, 0.06124035651440599970, 0.5999999999999999778 ) ) ;
#1882 = EDGE_CURVE ( 'NONE', #287, #2611, #523, .T. ) ;
#1883 = CARTESIAN_POINT ( 'NONE',  ( 0.5000000000000000000, 0.1399999999999999856, 0.1299999999999999767 ) ) ;
#1884 = EDGE_LOOP ( 'NONE', ( #69, #1677, #2410, #1211 ) ) ;
#1885 = PLANE ( 'NONE',  #508 ) ;
#1886 = DIRECTION ( 'NONE',  ( 0.9909953144111824930, 0.01809119230982647250, -0.1326687437789712820 ) ) ;
#1887 = SURFACE_STYLE_FILL_AREA ( #1066 ) ;
#1888 = CARTESIAN_POINT ( 'NONE',  ( -0.5250000000000000222, -0.9749999999999999778, 0.5999999999999999778 ) ) ;
#1889 = FACE_OUTER_BOUND ( 'NONE', #667, .T. ) ;
#1890 = B_SPLINE_CURVE_WITH_KNOTS ( 'NONE', 1,
 ( #727, #1366 ),
 .UNSPECIFIED., .F., .F.,
 ( 2, 2 ),
 ( 0.000000000000000000, 0.2200000000000000011 ),
 .UNSPECIFIED. ) ;
#1891 = CARTESIAN_POINT ( 'NONE',  ( -0.8000000000000000444, 0.1399999999999999856, 0.000000000000000000 ) ) ;
#1892 = ORIENTED_EDGE ( 'NONE', *, *, #1776, .F. ) ;
#1893 = CARTESIAN_POINT ( 'NONE',  ( 0.5159069693107559695, 0.9659069693107560362, 0.2966221698558740294 ) ) ;
#1894 = CARTESIAN_POINT ( 'NONE',  ( 0.07097031430603599478, -0.003084526244035315154, 0.5999999999999999778 ) ) ;
#1895 = EDGE_CURVE ( 'NONE', #1012, #1726, #1919, .T. ) ;
#1896 = CARTESIAN_POINT ( 'NONE',  ( -0.1318415466346583853, -0.001099182004090031896, 0.5999999999999999778 ) ) ;
#1897 = VERTEX_POINT ( 'NONE', #1808 ) ;
#1898 = CARTESIAN_POINT ( 'NONE',  ( 0.3394774717702490063, 0.05414110429447840239, 0.5999999999999999778 ) ) ;
#1899 = EDGE_CURVE ( 'NONE', #782, #1259, #1021, .T. ) ;
#1900 = COLOUR_RGB ( '',0.4117647058823529216, 0.4117647058823529216, 0.4117647058823529216 ) ;
#1901 = CARTESIAN_POINT ( 'NONE',  ( 0.6000000000453199478, 1.000458491597730148, 0.05000000000617489671 ) ) ;
#1902 = AXIS2_PLACEMENT_3D ( 'NONE', #1573, #534, #1812 ) ;
#1903 = FACE_OUTER_BOUND ( 'NONE', #1763, .T. ) ;
#1904 = EDGE_LOOP ( 'NONE', ( #2064, #1368 ) ) ;
#1905 = DIRECTION ( 'NONE',  ( 0.000000000000000000, 0.000000000000000000, -1.000000000000000000 ) ) ;
#1906 = AXIS2_PLACEMENT_3D ( 'NONE', #637, #22, #253 ) ;
#1907 = ORIENTED_EDGE ( 'NONE', *, *, #96, .F. ) ;
#1908 = CARTESIAN_POINT ( 'NONE',  ( 0.2766079125447725162, 0.09593303504577979646, 0.5999999999999999778 ) ) ;
#1909 = CARTESIAN_POINT ( 'NONE',  ( 0.8000000000000000444, 0.1399999999999999856, 0.000000000000000000 ) ) ;
#1910 = B_SPLINE_CURVE_WITH_KNOTS ( 'NONE', 3,
 ( #2302, #2082, #1484, #1506 ),
 .UNSPECIFIED., .F., .F.,
 ( 4, 4 ),
 ( 0.000000000000000000, 1.000000000000000000 ),
 .UNSPECIFIED. ) ;
#1911 = CARTESIAN_POINT ( 'NONE',  ( -0.8000000000000000444, -0.1399999999999999856, 0.1299999999999999767 ) ) ;
#1912 = VERTEX_POINT ( 'NONE', #2457 ) ;
#1913 = CARTESIAN_POINT ( 'NONE',  ( -0.5993420389476651344, 1.027911229014243588, 0.05000000000000000278 ) ) ;
#1914 = CARTESIAN_POINT ( 'NONE',  ( 0.5000000000000000000, 0.8599999999999999867, 0.000000000000000000 ) ) ;
#1915 = ADVANCED_FACE ( 'NONE', ( #1241 ), #636, .T. ) ;
#1916 = CARTESIAN_POINT ( 'NONE',  ( 0.3726166371426609669, 0.09669696178536120457, 0.5999999999999999778 ) ) ;
#1917 = EDGE_CURVE ( 'NONE', #1060, #1726, #757, .T. ) ;
#1918 = CARTESIAN_POINT ( 'NONE',  ( 0.3983193121861215436, -0.01644282066662630312, 0.5999999999999999778 ) ) ;
#1919 = B_SPLINE_CURVE_WITH_KNOTS ( 'NONE', 1,
 ( #574, #1640 ),
 .UNSPECIFIED., .F., .F.,
 ( 2, 2 ),
 ( 0.000000000000000000, 0.1300000000000000044 ),
 .UNSPECIFIED. ) ;
#1920 = EDGE_LOOP ( 'NONE', ( #1335, #883, #1934, #1948 ) ) ;
#1921 = CARTESIAN_POINT ( 'NONE',  ( 0.2085562403618660132, 0.06127433690875849770, 0.5999999999999999778 ) ) ;
#1922 = CARTESIAN_POINT ( 'NONE',  ( -0.5250000000000000222, -0.9749999999999999778, 0.5999999999999999778 ) ) ;
#1923 = VERTEX_POINT ( 'NONE', #372 ) ;
#1924 = FILL_AREA_STYLE_COLOUR ( '', #2210 ) ;
#1925 = SURFACE_STYLE_USAGE ( .BOTH. , #1686 ) ;
#1926 = CARTESIAN_POINT ( 'NONE',  ( 0.4813554470220390291, 0.9313554470201229618, 0.5999999999999788836 ) ) ;
#1927 = CARTESIAN_POINT ( 'NONE',  ( -0.1515373544056199950, 0.03774284253578605308, 0.5999999999999999778 ) ) ;
#1928 = ADVANCED_FACE ( 'NONE', ( #2471 ), #846, .T. ) ;
#1929 = CARTESIAN_POINT ( 'NONE',  ( 0.3486354125644284818, -0.03863564161751315007, 0.5999999999999999778 ) ) ;
#1930 = ADVANCED_FACE ( 'NONE', ( #788 ), #2500, .T. ) ;
#1931 = ORIENTED_EDGE ( 'NONE', *, *, #2616, .F. ) ;
#1932 = CARTESIAN_POINT ( 'NONE',  ( -0.4813554470218510128, -0.3104518156733319656, 0.5999999999999999778 ) ) ;
#1933 = SURFACE_STYLE_FILL_AREA ( #1113 ) ;
#1934 = ORIENTED_EDGE ( 'NONE', *, *, #191, .F. ) ;
#1935 = DIRECTION ( 'NONE',  ( 0.000000000000000000, 0.000000000000000000, -1.000000000000000000 ) ) ;
#1936 = CARTESIAN_POINT ( 'NONE',  ( -0.09876383702320740143, 0.07796523517382410173, 0.5999999999999999778 ) ) ;
#1937 = CARTESIAN_POINT ( 'NONE',  ( -0.4813554470217559778, -0.9313554470201229618, 0.6000000000001070033 ) ) ;
#1938 = PRODUCT_RELATED_PRODUCT_CATEGORY ( 'part', '', ( #1628 ) ) ;
#1939 = CARTESIAN_POINT ( 'NONE',  ( 0.1067576353694310171, 0.01436605316973406030, 0.5999999999999999778 ) ) ;
#1940 =( GEOMETRIC_REPRESENTATION_CONTEXT ( 3 ) GLOBAL_UNCERTAINTY_ASSIGNED_CONTEXT ( ( #93 ) ) GLOBAL_UNIT_ASSIGNED_CONTEXT ( ( #837, #2289, #232 ) ) REPRESENTATION_CONTEXT ( 'NONE', 'WORKASPACE' ) );
#1941 = EDGE_CURVE ( 'NONE', #94, #939, #2348, .T. ) ;
#1942 = ORIENTED_EDGE ( 'NONE', *, *, #331, .F. ) ;
#1943 = FILL_AREA_STYLE_COLOUR ( '', #114 ) ;
#1944 = PRESENTATION_STYLE_ASSIGNMENT (( #1790 ) ) ;
#1945 = PRESENTATION_LAYER_ASSIGNMENT (  '', '', ( #2083 ) ) ;
#1946 =( NAMED_UNIT ( * ) PLANE_ANGLE_UNIT ( ) SI_UNIT ( $, .RADIAN. ) );
#1947 = UNCERTAINTY_MEASURE_WITH_UNIT (LENGTH_MEASURE( 1.000000000000000082E-05 ), #1632, 'distance_accuracy_value', 'NONE');
#1948 = ORIENTED_EDGE ( 'NONE', *, *, #84, .F. ) ;
#1949 = STYLED_ITEM ( 'NONE', ( #865 ), #2367 ) ;
#1950 = CARTESIAN_POINT ( 'NONE',  ( -0.5793505780633256830, 1.049303647746374635, 0.05000000000000000278 ) ) ;
#1951 = B_SPLINE_CURVE_WITH_KNOTS ( 'NONE', 3,
 ( #2032, #1699, #1315, #1673, #39, #2534, #1468, #435, #1270, #2095, #670, #258, #1095 ),
 .UNSPECIFIED., .F., .F.,
 ( 4, 1, 2, 2, 2, 2, 4 ),
 ( 0.000000000000000000, 0.1250000000000000000, 0.1875000000000000000, 0.2500000000000000000, 0.5000000000000000000, 0.7500000000000000000, 1.000000000000000000 ),
 .UNSPECIFIED. ) ;
#1952 = CARTESIAN_POINT ( 'NONE',  ( -0.5000000000000000000, -0.3600000000000000422, 0.1299999999999999767 ) ) ;
#1953 = ORIENTED_EDGE ( 'NONE', *, *, #2036, .F. ) ;
#1954 = CARTESIAN_POINT ( 'NONE',  ( -0.5000000000000000000, 0.3600000000000000422, 0.000000000000000000 ) ) ;
#1955 = FACE_OUTER_BOUND ( 'NONE', #964, .T. ) ;
#1956 = FACE_OUTER_BOUND ( 'NONE', #2124, .T. ) ;
#1957 = ORIENTED_EDGE ( 'NONE', *, *, #2196, .T. ) ;
#1958 = PRESENTATION_STYLE_ASSIGNMENT (( #2591 ) ) ;
#1959 = FILL_AREA_STYLE_COLOUR ( '', #1817 ) ;
#1960 = EDGE_CURVE ( 'NONE', #1421, #287, #43, .T. ) ;
#1961 = CARTESIAN_POINT ( 'NONE',  ( 0.08620548813016719325, -0.01497955010224949826, 0.5999999999999999778 ) ) ;
#1962 = EDGE_LOOP ( 'NONE', ( #267, #1707 ) ) ;
#1963 = SURFACE_STYLE_FILL_AREA ( #2619 ) ;
#1964 = EDGE_CURVE ( 'NONE', #1141, #1378, #2215, .T. ) ;
#1965 = B_SPLINE_CURVE_WITH_KNOTS ( 'NONE', 3,
 ( #2476, #230, #24, #2243, #2696, #392, #1630, #1256, #2446, #1064, #418, #835 ),
 .UNSPECIFIED., .F., .F.,
 ( 4, 2, 2, 2, 2, 4 ),
 ( 0.000000000000000000, 0.06250000000000000000, 0.1250000000000000000, 0.1875000000000000000, 0.2500000000000000000, 0.5000000000000000000 ),
 .UNSPECIFIED. ) ;
#1966 = CYLINDRICAL_SURFACE ( 'NONE', #171, 0.04999999999946052459 ) ;
#1967 = CARTESIAN_POINT ( 'NONE',  ( -0.08230166933404568785, 0.07796523517382410173, 0.5999999999999999778 ) ) ;
#1968 = ORIENTED_EDGE ( 'NONE', *, *, #1245, .T. ) ;
#1969 = PLANE ( 'NONE',  #2557 ) ;
#1970 = CARTESIAN_POINT ( 'NONE',  ( 0.2025367316337609858, -0.004571850496122869915, 0.5999999999999999778 ) ) ;
#1971 = SURFACE_STYLE_FILL_AREA ( #520 ) ;
#1972 = CARTESIAN_POINT ( 'NONE',  ( 0.5000000000000000000, -0.1399999999999999856, 0.1299999999999999767 ) ) ;
#1973 = ORIENTED_EDGE ( 'NONE', *, *, #1258, .F. ) ;
#1974 = PLANE ( 'NONE',  #1217 ) ;
#1975 = FACE_BOUND ( 'NONE', #217, .T. ) ;
#1976 = CARTESIAN_POINT ( 'NONE',  ( -0.3721476054797754895, 0.03968593869152550052, 0.5999999999999999778 ) ) ;
#1977 = UNCERTAINTY_MEASURE_WITH_UNIT (LENGTH_MEASURE( 1.000000000000000082E-05 ), #1615, 'distance_accuracy_value', 'NONE');
#1978 = ORIENTED_EDGE ( 'NONE', *, *, #1760, .T. ) ;
#1979 = EDGE_CURVE ( 'NONE', #765, #384, #954, .T. ) ;
#1980 = PLANE ( 'NONE',  #2257 ) ;
#1981 = CARTESIAN_POINT ( 'NONE',  ( 0.5168688245045210961, 0.9607930752119019369, 0.5307068388778540813 ) ) ;
#1982 = ORIENTED_EDGE ( 'NONE', *, *, #55, .T. ) ;
#1983 = ADVANCED_FACE ( 'NONE', ( #1226 ), #1020, .T. ) ;
#1984 = CARTESIAN_POINT ( 'NONE',  ( 0.3893752222814960140, 0.02694274028629870324, 0.5999999999999999778 ) ) ;
#1985 =( LENGTH_UNIT ( ) NAMED_UNIT ( * ) SI_UNIT ( .MILLI., .METRE. ) );
#1986 = CARTESIAN_POINT ( 'NONE',  ( 0.6000000002021906864, 1.026569273309344554, 0.05000000002766119556 ) ) ;
#1987 = STYLED_ITEM ( 'NONE', ( #2046 ), #203 ) ;
#1988 = B_SPLINE_CURVE_WITH_KNOTS ( 'NONE', 3,
 ( #1779, #2197, #2572, #2583 ),
 .UNSPECIFIED., .F., .F.,
 ( 4, 4 ),
 ( 0.000000000000000000, 1.000000000000000000 ),
 .UNSPECIFIED. ) ;
#1989 = ORIENTED_EDGE ( 'NONE', *, *, #770, .F. ) ;
#1990 = AXIS2_PLACEMENT_3D ( 'NONE', #2321, #2542, #1301 ) ;
#1991 = CARTESIAN_POINT ( 'NONE',  ( -0.04600310082688799374, 0.07796523517382410173, 0.5999999999999999778 ) ) ;
#1992 = PRESENTATION_STYLE_ASSIGNMENT (( #2399 ) ) ;
#1993 = CARTESIAN_POINT ( 'NONE',  ( 0.5000000000000000000, -0.1399999999999999856, 0.1299999999999999767 ) ) ;
#1994 =( GEOMETRIC_REPRESENTATION_CONTEXT ( 3 ) GLOBAL_UNCERTAINTY_ASSIGNED_CONTEXT ( ( #1567 ) ) GLOBAL_UNIT_ASSIGNED_CONTEXT ( ( #347, #2637, #2231 ) ) REPRESENTATION_CONTEXT ( 'NONE', 'WORKASPACE' ) );
#1995 = VERTEX_POINT ( 'NONE', #2487 ) ;
#1996 = CARTESIAN_POINT ( 'NONE',  ( 0.8000000000000000444, 0.1399999999999999856, 0.1299999999999999767 ) ) ;
#1997 = AXIS2_PLACEMENT_3D ( 'NONE', #1212, #804, #2648 ) ;
#1998 = PRODUCT_DEFINITION_SHAPE ( 'NONE', 'NONE',  #167 ) ;
#1999 = PRESENTATION_LAYER_ASSIGNMENT (  '', '', ( #1606 ) ) ;
#2000 = VERTEX_POINT ( 'NONE', #622 ) ;
#2001 = CARTESIAN_POINT ( 'NONE',  ( 0.5000000000000000000, -0.6400000000000000133, 0.1299999999999999767 ) ) ;
#2002 = CARTESIAN_POINT ( 'NONE',  ( 0.2921403950294075291, 0.02056663509284600150, 0.5999999999999999778 ) ) ;
#2003 = EDGE_CURVE ( 'NONE', #1739, #1292, #2281, .T. ) ;
#2004 = CARTESIAN_POINT ( 'NONE',  ( -0.5308969554218979647, 0.3104518131411959647, 0.5567556602394179155 ) ) ;
#2005 = FACE_OUTER_BOUND ( 'NONE', #1767, .T. ) ;
#2006 = EDGE_CURVE ( 'NONE', #859, #2692, #2574, .T. ) ;
#2007 = B_SPLINE_CURVE_WITH_KNOTS ( 'NONE', 1,
 ( #985, #2668 ),
 .UNSPECIFIED., .F., .F.,
 ( 2, 2 ),
 ( 0.5200000000000000178, 0.7399999999999999911 ),
 .UNSPECIFIED. ) ;
#2008 = EDGE_LOOP ( 'NONE', ( #1811, #169, #302, #791 ) ) ;
#2009 = CARTESIAN_POINT ( 'NONE',  ( -0.5198411933240489891, 0.9087517755340410730, 0.5725371108791010855 ) ) ;
#2010 = CARTESIAN_POINT ( 'NONE',  ( -0.5198411933250730588, -0.9087517755356520066, 0.5725371108789680807 ) ) ;
#2011 = CARTESIAN_POINT ( 'NONE',  ( 0.5308969553879450132, 0.9313554394233640732, 0.5567556602343380900 ) ) ;
#2012 = EDGE_LOOP ( 'NONE', ( #1978, #264, #638, #1702 ) ) ;
#2013 = B_SPLINE_CURVE_WITH_KNOTS ( 'NONE', 1,
 ( #1401, #2050 ),
 .UNSPECIFIED., .F., .F.,
 ( 2, 2 ),
 ( 0.000000000000000000, 0.1300000000000000044 ),
 .UNSPECIFIED. ) ;
#2014 = CARTESIAN_POINT ( 'NONE',  ( 0.8000000000000000444, -0.3600000000000000422, 0.000000000000000000 ) ) ;
#2015 = CARTESIAN_POINT ( 'NONE',  ( 0.8000000000000000444, 0.8599999999999999867, 0.000000000000000000 ) ) ;
#2016 = ORIENTED_EDGE ( 'NONE', *, *, #1917, .T. ) ;
#2017 = CARTESIAN_POINT ( 'NONE',  ( 0.8000000000000000444, -0.1399999999999999856, 0.000000000000000000 ) ) ;
#2018 = B_SPLINE_CURVE_WITH_KNOTS ( 'NONE', 3,
 ( #1844, #205, #839, #1040 ),
 .UNSPECIFIED., .F., .F.,
 ( 4, 4 ),
 ( 0.000000000000000000, 1.000000000000000000 ),
 .UNSPECIFIED. ) ;
#2019 = SURFACE_SIDE_STYLE ('',( #1148 ) ) ;
#2020 = VERTEX_POINT ( 'NONE', #487 ) ;
#2021 = EDGE_CURVE ( 'NONE', #1012, #366, #2250, .T. ) ;
#2022 =( NAMED_UNIT ( * ) SI_UNIT ( $, .STERADIAN. ) SOLID_ANGLE_UNIT ( ) );
#2023 = CARTESIAN_POINT ( 'NONE',  ( 0.08620548813016719325, -0.01497955010224949826, 0.5999999999999999778 ) ) ;
#2024 = CARTESIAN_POINT ( 'NONE',  ( -0.3320870186453814821, 0.02887980484284645086, 0.5999999999999999778 ) ) ;
#2025 = ORIENTED_EDGE ( 'NONE', *, *, #1545, .F. ) ;
#2026 = CARTESIAN_POINT ( 'NONE',  ( -0.2524448186182989828, 0.01845603271983620175, 0.5999999999999999778 ) ) ;
#2027 = CARTESIAN_POINT ( 'NONE',  ( -0.5504584915972130510, 1.049999999985215871, 0.04999999999793169891 ) ) ;
#2028 = VERTEX_POINT ( 'NONE', #20 ) ;
#2029 = CARTESIAN_POINT ( 'NONE',  ( 0.5539313036145160352, -0.9543897901480279389, 0.3878371068268854915 ) ) ;
#2030 = CARTESIAN_POINT ( 'NONE',  ( 0.2021688576740759968, -0.03616045077624299720, 0.5999999999999999778 ) ) ;
#2031 = CARTESIAN_POINT ( 'NONE',  ( -0.2984570885569490239, 0.05342535787321060076, 0.5999999999999999778 ) ) ;
#2032 = CARTESIAN_POINT ( 'NONE',  ( 0.3893752222814960140, 0.02694274028629870324, 0.5999999999999999778 ) ) ;
#2033 = VERTEX_POINT ( 'NONE', #453 ) ;
#2034 = CARTESIAN_POINT ( 'NONE',  ( -0.1445324683609265914, 0.002807848655984895251, 0.5999999999999999778 ) ) ;
#2035 = CARTESIAN_POINT ( 'NONE',  ( -0.3106359654833554806, -0.04599756251557940434, 0.5999999999999999778 ) ) ;
#2036 = EDGE_CURVE ( 'NONE', #1030, #1584, #397, .T. ) ;
#2037 = ORIENTED_EDGE ( 'NONE', *, *, #606, .T. ) ;
#2038 = DIRECTION ( 'NONE',  ( 0.000000000000000000, -0.9908301680442989090, 0.1351132047333139796 ) ) ;
#2039 = PRESENTATION_LAYER_ASSIGNMENT (  '', '', ( #1220 ) ) ;
#2040 = EDGE_CURVE ( 'NONE', #1207, #939, #629, .T. ) ;
#2041 = ORIENTED_EDGE ( 'NONE', *, *, #2448, .F. ) ;
#2042 = MECHANICAL_DESIGN_GEOMETRIC_PRESENTATION_REPRESENTATION (  '', ( #2475 ), #1729 ) ;
#2043 = CARTESIAN_POINT ( 'NONE',  ( -0.3855440275120169957, 0.7355440275123849014, 0.5999999999999999778 ) ) ;
#2044 = FILL_AREA_STYLE ('',( #1218 ) ) ;
#2045 = COLOUR_RGB ( '',0.4117647058823529216, 0.4117647058823529216, 0.4117647058823529216 ) ;
#2046 = PRESENTATION_STYLE_ASSIGNMENT (( #1204 ) ) ;
#2047 =( GEOMETRIC_REPRESENTATION_CONTEXT ( 3 ) GLOBAL_UNCERTAINTY_ASSIGNED_CONTEXT ( ( #2468 ) ) GLOBAL_UNIT_ASSIGNED_CONTEXT ( ( #1549, #2387, #2568 ) ) REPRESENTATION_CONTEXT ( 'NONE', 'WORKASPACE' ) );
#2048 = ORIENTED_EDGE ( 'NONE', *, *, #172, .F. ) ;
#2049 = FILL_AREA_STYLE ('',( #2676 ) ) ;
#2050 = CARTESIAN_POINT ( 'NONE',  ( -0.8000000000000000444, -0.1399999999999999856, 0.1299999999999999767 ) ) ;
#2051 = ORIENTED_EDGE ( 'NONE', *, *, #1059, .T. ) ;
#2052 = CARTESIAN_POINT ( 'NONE',  ( -0.5769656518072580065, -0.9774241408728691072, 0.2189185534134390210 ) ) ;
#2053 = ADVANCED_FACE ( 'NONE', ( #2090 ), #856, .T. ) ;
#2054 = CARTESIAN_POINT ( 'NONE',  ( 0.8000000000000000444, 0.6400000000000000133, 0.1299999999999999767 ) ) ;
#2055 = VERTEX_POINT ( 'NONE', #239 ) ;
#2056 = CARTESIAN_POINT ( 'NONE',  ( 0.5000000000000000000, 0.8599999999999999867, 0.1299999999999999767 ) ) ;
#2057 = EDGE_CURVE ( 'NONE', #914, #1240, #1370, .T. ) ;
#2058 = CARTESIAN_POINT ( 'NONE',  ( -0.2998800892408199914, 0.07562374062901390526, 0.5999999999999999778 ) ) ;
#2059 = PRESENTATION_STYLE_ASSIGNMENT (( #408 ) ) ;
#2060 = ORIENTED_EDGE ( 'NONE', *, *, #2057, .F. ) ;
#2061 = CARTESIAN_POINT ( 'NONE',  ( -0.2524448186182989828, 0.01845603271983620175, 0.5999999999999999778 ) ) ;
#2062 =( LENGTH_UNIT ( ) NAMED_UNIT ( * ) SI_UNIT ( .MILLI., .METRE. ) );
#2063 = B_SPLINE_CURVE_WITH_KNOTS ( 'NONE', 1,
 ( #1723, #2357 ),
 .UNSPECIFIED., .F., .F.,
 ( 2, 2 ),
 ( 0.000000000000000000, 0.1300000000000000044 ),
 .UNSPECIFIED. ) ;
#2064 = ORIENTED_EDGE ( 'NONE', *, *, #1499, .F. ) ;
#2065 = CARTESIAN_POINT ( 'NONE',  ( 0.5000000000000000000, 0.6400000000000000133, 0.1299999999999999767 ) ) ;
#2066 = ORIENTED_EDGE ( 'NONE', *, *, #2433, .T. ) ;
#2067 = CARTESIAN_POINT ( 'NONE',  ( 0.3575756312794509673, 0.03287321063394679777, 0.5999999999999999778 ) ) ;
#2068 = SURFACE_SIDE_STYLE ('',( #1631 ) ) ;
#2069 = EDGE_CURVE ( 'NONE', #1185, #2666, #324, .T. ) ;
#2070 = CARTESIAN_POINT ( 'NONE',  ( -0.8000000000000000444, -0.8599999999999999867, 0.1299999999999999767 ) ) ;
#2071 = B_SPLINE_CURVE_WITH_KNOTS ( 'NONE', 3,
 ( #1896, #848, #1669, #874, #2501, #2115 ),
 .UNSPECIFIED., .F., .F.,
 ( 4, 2, 4 ),
 ( 0.5000000000000000000, 0.7500000000000000000, 1.000000000000000000 ),
 .UNSPECIFIED. ) ;
#2072 = ORIENTED_EDGE ( 'NONE', *, *, #940, .F. ) ;
#2073 = ORIENTED_EDGE ( 'NONE', *, *, #550, .T. ) ;
#2074 = CARTESIAN_POINT ( 'NONE',  ( 0.2883722996645110004, 0.03568832059066560231, 0.5999999999999999778 ) ) ;
#2075 = CARTESIAN_POINT ( 'NONE',  ( -0.5000000000000000000, 0.1399999999999999856, 0.1299999999999999767 ) ) ;
#2076 = PLANE ( 'NONE',  #1772 ) ;
#2077 = B_SPLINE_CURVE_WITH_KNOTS ( 'NONE', 3,
 ( #31, #855, #1070, #870 ),
 .UNSPECIFIED., .F., .F.,
 ( 4, 4 ),
 ( 0.000000000000000000, 1.000000000000000000 ),
 .UNSPECIFIED. ) ;
#2078 = ORIENTED_EDGE ( 'NONE', *, *, #1960, .F. ) ;
#2079 = CARTESIAN_POINT ( 'NONE',  ( -0.3858437447060379388, 0.7900375133064049260, 0.5999999999999999778 ) ) ;
#2080 = PRESENTATION_LAYER_ASSIGNMENT (  '', '', ( #913 ) ) ;
#2081 = DIRECTION ( 'NONE',  ( -0.000000000000000000, 1.000000000000000000, 0.000000000000000000 ) ) ;
#2082 = CARTESIAN_POINT ( 'NONE',  ( -0.5276648930547616079, -0.9313554419554905817, 0.5804574509186283260 ) ) ;
#2083 = STYLED_ITEM ( 'NONE', ( #2354 ), #923 ) ;
#2084 = ADVANCED_FACE ( 'NONE', ( #2513 ), #1290, .T. ) ;
#2085 = EDGE_LOOP ( 'NONE', ( #2404, #147, #1704, #413 ) ) ;
#2086 =( NAMED_UNIT ( * ) SI_UNIT ( $, .STERADIAN. ) SOLID_ANGLE_UNIT ( ) );
#2087 = ADVANCED_FACE ( 'NONE', ( #1694 ), #2528, .T. ) ;
#2088 = ORIENTED_EDGE ( 'NONE', *, *, #2655, .T. ) ;
#2089 = CARTESIAN_POINT ( 'NONE',  ( -0.3174754934649249849, 0.05199386503067490034, 0.5999999999999999778 ) ) ;
#2090 = FACE_OUTER_BOUND ( 'NONE', #1546, .T. ) ;
#2091 = CARTESIAN_POINT ( 'NONE',  ( -0.5000000000000000000, 0.3600000000000000422, 0.1299999999999999767 ) ) ;
#2092 = ORIENTED_EDGE ( 'NONE', *, *, #2522, .F. ) ;
#2093 = CARTESIAN_POINT ( 'NONE',  ( -0.06583950164488400203, 0.03389570552147244675, 0.5999999999999999778 ) ) ;
#2094 = CARTESIAN_POINT ( 'NONE',  ( 0.5308969553881900394, -0.9313554394232079758, 0.5567556602357660589 ) ) ;
#2095 = CARTESIAN_POINT ( 'NONE',  ( 0.3663426053868965027, -0.05999217632580250426, 0.5999999999999999778 ) ) ;
#2096 = FILL_AREA_STYLE_COLOUR ( '', #164 ) ;
#2097 = PLANE ( 'NONE',  #1764 ) ;
#2098 = EDGE_LOOP ( 'NONE', ( #1626, #2320, #127, #1161 ) ) ;
#2099 = PRODUCT_CONTEXT ( 'NONE', #1638, 'mechanical' ) ;
#2100 = EDGE_CURVE ( 'NONE', #547, #700, #1149, .T. ) ;
#2101 = ORIENTED_EDGE ( 'NONE', *, *, #1668, .T. ) ;
#2102 = PLANE ( 'NONE',  #552 ) ;
#2103 = CARTESIAN_POINT ( 'NONE',  ( 0.5308969553879450132, 0.9313554394233640732, 0.5567556602343380900 ) ) ;
#2104 = SURFACE_STYLE_USAGE ( .BOTH. , #1036 ) ;
#2105 = ORIENTED_EDGE ( 'NONE', *, *, #1562, .T. ) ;
#2106 = CARTESIAN_POINT ( 'NONE',  ( -0.8000000000000000444, -0.6400000000000000133, 0.1299999999999999767 ) ) ;
#2107 = CARTESIAN_POINT ( 'NONE',  ( 0.09908892371298899659, -0.01388888888888930098, 0.5999999999999999778 ) ) ;
#2108 = SURFACE_STYLE_USAGE ( .BOTH. , #2132 ) ;
#2109 = SURFACE_SIDE_STYLE ('',( #2317 ) ) ;
#2110 = CARTESIAN_POINT ( 'NONE',  ( -0.3174754934649249849, 0.05199386503067490034, 0.5999999999999999778 ) ) ;
#2111 = ORIENTED_EDGE ( 'NONE', *, *, #1274, .T. ) ;
#2112 = CARTESIAN_POINT ( 'NONE',  ( 0.2730153040810869847, 0.02704498977505115018, 0.5999999999999999778 ) ) ;
#2113 = CARTESIAN_POINT ( 'NONE',  ( -0.1822998705626039939, 0.07938863184377731308, 0.5999999999999999778 ) ) ;
#2114 = ADVANCED_FACE ( 'NONE', ( #678 ), #2126, .T. ) ;
#2115 = CARTESIAN_POINT ( 'NONE',  ( -0.2728947163688100197, 0.01876278118609395196, 0.5999999999999999778 ) ) ;
#2116 = ORIENTED_EDGE ( 'NONE', *, *, #438, .T. ) ;
#2117 = CARTESIAN_POINT ( 'NONE',  ( 0.5000000000000000000, 0.1399999999999999856, 0.000000000000000000 ) ) ;
#2118 = DIRECTION ( 'NONE',  ( -0.000000000000000000, 0.9908301680442989090, 0.1351132047333139796 ) ) ;
#2119 = COLOUR_RGB ( '',0.4117647058823529216, 0.4117647058823529216, 0.4117647058823529216 ) ;
#2120 = CARTESIAN_POINT ( 'NONE',  ( -0.5504584915972130510, 1.049999999985215871, 0.04999999999793169891 ) ) ;
#2121 = AXIS2_PLACEMENT_3D ( 'NONE', #878, #2118, #1055 ) ;
#2122 = CARTESIAN_POINT ( 'NONE',  ( 0.5000000000000000000, 0.1399999999999999856, 0.1299999999999999767 ) ) ;
#2123 = STYLED_ITEM ( 'NONE', ( #517 ), #2505 ) ;
#2124 = EDGE_LOOP ( 'NONE', ( #212, #1313, #1931, #946 ) ) ;
#2125 = CARTESIAN_POINT ( 'NONE',  ( 0.2164287239016809972, 0.08163174391649140327, 0.5999999999999999778 ) ) ;
#2126 = PLANE ( 'NONE',  #876 ) ;
#2127 = ORIENTED_EDGE ( 'NONE', *, *, #960, .F. ) ;
#2128 = EDGE_CURVE ( 'NONE', #590, #425, #825, .T. ) ;
#2129 = DIRECTION ( 'NONE',  ( 0.000000000000000000, 1.000000000000000000, 0.000000000000000000 ) ) ;
#2130 = B_SPLINE_CURVE_WITH_KNOTS ( 'NONE', 3,
 ( #1200, #2613, #522, #1357 ),
 .UNSPECIFIED., .F., .F.,
 ( 4, 4 ),
 ( 0.000000000000000000, 1.000000000000000000 ),
 .UNSPECIFIED. ) ;
#2131 = CARTESIAN_POINT ( 'NONE',  ( 0.8000000000000000444, 0.1399999999999999856, 0.000000000000000000 ) ) ;
#2132 = SURFACE_SIDE_STYLE ('',( #1887 ) ) ;
#2133 = ADVANCED_FACE ( 'NONE', ( #2552 ), #2276, .T. ) ;
#2134 = CARTESIAN_POINT ( 'NONE',  ( -0.4813554205635115490, -0.9552765905666364965, 0.6000000000008031131 ) ) ;
#2135 = FACE_OUTER_BOUND ( 'NONE', #886, .T. ) ;
#2136 = B_SPLINE_CURVE_WITH_KNOTS ( 'NONE', 1,
 ( #209, #1847 ),
 .UNSPECIFIED., .F., .F.,
 ( 2, 2 ),
 ( 0.7399999999999999911, 1.040000000000000036 ),
 .UNSPECIFIED. ) ;
#2137 = ORIENTED_EDGE ( 'NONE', *, *, #2485, .T. ) ;
#2138 = CARTESIAN_POINT ( 'NONE',  ( -0.5000000000000000000, -0.3600000000000000422, 0.1299999999999999767 ) ) ;
#2139 = ORIENTED_EDGE ( 'NONE', *, *, #2586, .F. ) ;
#2140 = CARTESIAN_POINT ( 'NONE',  ( 0.3418953655842589812, 0.07009920346694460680, 0.5999999999999999778 ) ) ;
#2141 = FILL_AREA_STYLE ('',( #730 ) ) ;
#2142 = B_SPLINE_CURVE_WITH_KNOTS ( 'NONE', 3,
 ( #2402, #531, #1183, #926, #937, #1352 ),
 .UNSPECIFIED., .F., .F.,
 ( 4, 2, 4 ),
 ( 0.000000000000000000, 0.2500000000000000000, 0.5000000000000000000 ),
 .UNSPECIFIED. ) ;
#2143 = CARTESIAN_POINT ( 'NONE',  ( -0.4813553676470789799, -0.9808969554332229723, 0.5567556602399480470 ) ) ;
#2144 = ADVANCED_FACE ( 'NONE', ( #540 ), #136, .T. ) ;
#2145 = CARTESIAN_POINT ( 'NONE',  ( -0.1152260047123690040, 0.08386162235855480762, 0.5999999999999999778 ) ) ;
#2146 = B_SPLINE_CURVE_WITH_KNOTS ( 'NONE', 1,
 ( #1376, #1142 ),
 .UNSPECIFIED., .F., .F.,
 ( 2, 2 ),
 ( 0.000000000000000000, 0.1300000000000000044 ),
 .UNSPECIFIED. ) ;
#2147 = VERTEX_POINT ( 'NONE', #312 ) ;
#2148 =( LENGTH_UNIT ( ) NAMED_UNIT ( * ) SI_UNIT ( .MILLI., .METRE. ) );
#2149 = CARTESIAN_POINT ( 'NONE',  ( 0.8000000000000000444, -0.8599999999999999867, 0.1299999999999999767 ) ) ;
#2150 = ORIENTED_EDGE ( 'NONE', *, *, #2162, .T. ) ;
#2151 = CARTESIAN_POINT ( 'NONE',  ( 0.3746087165987594392, 0.08112813194840469422, 0.5999999999999999778 ) ) ;
#2152 = DIRECTION ( 'NONE',  ( 0.000000000000000000, 0.000000000000000000, -1.000000000000000000 ) ) ;
#2153 = ORIENTED_EDGE ( 'NONE', *, *, #1701, .T. ) ;
#2154 = CARTESIAN_POINT ( 'NONE',  ( -0.5000000000000000000, 0.6400000000000000133, 0.000000000000000000 ) ) ;
#2155 = COLOUR_RGB ( '',0.4117647058823529216, 0.4117647058823529216, 0.4117647058823529216 ) ;
#2156 = CARTESIAN_POINT ( 'NONE',  ( 0.4813554470219449932, 0.3104518156733324652, 0.5999999999999670042 ) ) ;
#2157 = ADVANCED_FACE ( 'NONE', ( #2426, #1975, #516, #1324, #714, #1565, #104, #498, #1338 ), #1534, .T. ) ;
#2158 = AXIS2_PLACEMENT_3D ( 'NONE', #928, #903, #2556 ) ;
#2159 =( BOUNDED_CURVE ( )  B_SPLINE_CURVE ( 2, ( #1110, #79, #672 ),
 .UNSPECIFIED., .F., .F. ) 
 B_SPLINE_CURVE_WITH_KNOTS ( ( 3, 3 ),
 ( 0.000000000000000000, 1.000000000000000000 ),
 .UNSPECIFIED. ) 
 CURVE ( )  GEOMETRIC_REPRESENTATION_ITEM ( )  RATIONAL_B_SPLINE_CURVE ( ( 0.9889408138795570125, 0.7450319386020319845, 0.9889408138903390544 ) ) 
 REPRESENTATION_ITEM ( '' )  );
#2160 = STYLED_ITEM ( 'NONE', ( #1214 ), #1010 ) ;
#2161 = EDGE_LOOP ( 'NONE', ( #290, #2312, #497, #2607 ) ) ;
#2162 = EDGE_CURVE ( 'NONE', #2541, #1897, #269, .T. ) ;
#2163 = CARTESIAN_POINT ( 'NONE',  ( -0.5425386828106569803, -0.9761215444518909212, 0.6013462295786444756 ) ) ;
#2164 = AXIS2_PLACEMENT_3D ( 'NONE', #1342, #1167, #328 ) ;
#2165 = CARTESIAN_POINT ( 'NONE',  ( -0.5159069693067021012, 0.9659069693067009466, 0.2966221698891989833 ) ) ;
#2166 = UNCERTAINTY_MEASURE_WITH_UNIT (LENGTH_MEASURE( 1.000000000000000082E-05 ), #2421, 'distance_accuracy_value', 'NONE');
#2167 = ORIENTED_EDGE ( 'NONE', *, *, #1096, .F. ) ;
#2168 = STYLED_ITEM ( 'NONE', ( #1944 ), #2133 ) ;
#2169 = B_SPLINE_CURVE_WITH_KNOTS ( 'NONE', 1,
 ( #4, #2070 ),
 .UNSPECIFIED., .F., .F.,
 ( 2, 2 ),
 ( 0.000000000000000000, 0.1300000000000000044 ),
 .UNSPECIFIED. ) ;
#2170 =( LENGTH_UNIT ( ) NAMED_UNIT ( * ) SI_UNIT ( .MILLI., .METRE. ) );
#2171 = FACE_OUTER_BOUND ( 'NONE', #226, .T. ) ;
#2172 = DIRECTION ( 'NONE',  ( 0.000000000000000000, 0.000000000000000000, -1.000000000000000000 ) ) ;
#2173 = ORIENTED_EDGE ( 'NONE', *, *, #792, .T. ) ;
#2174 = PLANE ( 'NONE',  #1902 ) ;
#2175 = FILL_AREA_STYLE_COLOUR ( '', #2045 ) ;
#2176 = FILL_AREA_STYLE ('',( #89 ) ) ;
#2177 = ORIENTED_EDGE ( 'NONE', *, *, #2353, .T. ) ;
#2178 = FILL_AREA_STYLE_COLOUR ( '', #2119 ) ;
#2179 =( NAMED_UNIT ( * ) SI_UNIT ( $, .STERADIAN. ) SOLID_ANGLE_UNIT ( ) );
#2180 = PLANE ( 'NONE',  #1265 ) ;
#2181 = EDGE_CURVE ( 'NONE', #691, #322, #1988, .T. ) ;
#2182 = ORIENTED_EDGE ( 'NONE', *, *, #21, .F. ) ;
#2183 = PLANE ( 'NONE',  #1379 ) ;
#2184 = EDGE_LOOP ( 'NONE', ( #753, #713, #1351, #680 ) ) ;
#2185 = CARTESIAN_POINT ( 'NONE',  ( 0.1133356858125120076, 0.04916496250852069733, 0.5999999999999999778 ) ) ;
#2186 = CARTESIAN_POINT ( 'NONE',  ( 0.5000000000000000000, -0.1399999999999999856, 0.000000000000000000 ) ) ;
#2187 = B_SPLINE_CURVE_WITH_KNOTS ( 'NONE', 3,
 ( #1575, #1800, #2639, #364 ),
 .UNSPECIFIED., .F., .F.,
 ( 4, 4 ),
 ( 0.000000000000000000, 1.000000000000000000 ),
 .UNSPECIFIED. ) ;
#2188 =( LENGTH_UNIT ( ) NAMED_UNIT ( * ) SI_UNIT ( .MILLI., .METRE. ) );
#2189 = DIRECTION ( 'NONE',  ( -0.9908301680442990200, 0.000000000000000000, 0.1351132047333130082 ) ) ;
#2190 = ORIENTED_EDGE ( 'NONE', *, *, #2412, .T. ) ;
#2191 = CARTESIAN_POINT ( 'NONE',  ( 0.5000000000000000000, 0.6400000000000000133, 0.000000000000000000 ) ) ;
#2192 = CARTESIAN_POINT ( 'NONE',  ( 0.5000000000000000000, 0.3600000000000000422, 0.1299999999999999767 ) ) ;
#2193 = UNCERTAINTY_MEASURE_WITH_UNIT (LENGTH_MEASURE( 1.000000000000000082E-05 ), #2170, 'distance_accuracy_value', 'NONE');
#2194 = ORIENTED_EDGE ( 'NONE', *, *, #2196, .F. ) ;
#2195 = CARTESIAN_POINT ( 'NONE',  ( 0.8000000000000000444, 0.1399999999999999856, 0.1299999999999999767 ) ) ;
#2196 = EDGE_CURVE ( 'NONE', #2692, #1043, #486, .T. ) ;
#2197 = CARTESIAN_POINT ( 'NONE',  ( -0.04600310082688790353, 0.03389570552147244675, 0.5999999999999999778 ) ) ;
#2198 = CARTESIAN_POINT ( 'NONE',  ( -0.8000000000000000444, -0.6400000000000000133, 0.1299999999999999767 ) ) ;
#2199 = CARTESIAN_POINT ( 'NONE',  ( 0.3272075331199425507, 0.05632242672119919941, 0.5999999999999999778 ) ) ;
#2200 = FACE_OUTER_BOUND ( 'NONE', #1008, .T. ) ;
#2201 = ADVANCED_FACE ( 'NONE', ( #2171 ), #1966, .T. ) ;
#2202 = CARTESIAN_POINT ( 'NONE',  ( -0.5000000000000000000, 0.1399999999999999856, 0.000000000000000000 ) ) ;
#2203 =( GEOMETRIC_REPRESENTATION_CONTEXT ( 3 ) GLOBAL_UNCERTAINTY_ASSIGNED_CONTEXT ( ( #1947 ) ) GLOBAL_UNIT_ASSIGNED_CONTEXT ( ( #1632, #2508, #2464 ) ) REPRESENTATION_CONTEXT ( 'NONE', 'WORKASPACE' ) );
#2204 = ORIENTED_EDGE ( 'NONE', *, *, #1245, .F. ) ;
#2205 = CARTESIAN_POINT ( 'NONE',  ( -0.5000000000000000000, -0.1399999999999999856, 0.000000000000000000 ) ) ;
#2206 = CARTESIAN_POINT ( 'NONE',  ( 0.5276648930554346251, 0.9313554419556192565, 0.5804574509176422259 ) ) ;
#2207 = COLOUR_RGB ( '',0.9019607843137255054, 0.9019607843137255054, 0.9019607843137255054 ) ;
#2208 = ORIENTED_EDGE ( 'NONE', *, *, #2006, .T. ) ;
#2209 = PLANE ( 'NONE',  #2164 ) ;
#2210 = COLOUR_RGB ( '',0.9019607843137255054, 0.9019607843137255054, 0.9019607843137255054 ) ;
#2211 = PRESENTATION_LAYER_ASSIGNMENT (  '', '', ( #2123 ) ) ;
#2212 = ORIENTED_EDGE ( 'NONE', *, *, #1023, .T. ) ;
#2213 = FACE_OUTER_BOUND ( 'NONE', #1408, .T. ) ;
#2214 = CARTESIAN_POINT ( 'NONE',  ( 0.3015473479946430002, 0.007751365835859350129, 0.5999999999999999778 ) ) ;
#2215 = B_SPLINE_CURVE_WITH_KNOTS ( 'NONE', 1,
 ( #389, #608 ),
 .UNSPECIFIED., .F., .F.,
 ( 2, 2 ),
 ( 0.5200000000000000178, 0.7399999999999999911 ),
 .UNSPECIFIED. ) ;
#2216 = B_SPLINE_CURVE_WITH_KNOTS ( 'NONE', 1,
 ( #948, #2251 ),
 .UNSPECIFIED., .F., .F.,
 ( 2, 2 ),
 ( 0.5200000000000000178, 0.7399999999999999911 ),
 .UNSPECIFIED. ) ;
#2217 = CARTESIAN_POINT ( 'NONE',  ( 0.1133169651057835958, 0.02421588360141129978, 0.5999999999999999778 ) ) ;
#2218 = EDGE_CURVE ( 'NONE', #425, #1060, #988, .T. ) ;
#2219 = SURFACE_SIDE_STYLE ('',( #2450 ) ) ;
#2220 = EDGE_LOOP ( 'NONE', ( #490, #2212, #85, #884 ) ) ;
#2221 = CARTESIAN_POINT ( 'NONE',  ( -0.05922736803888530022, -0.05424335378323100199, 0.5999999999999999778 ) ) ;
#2222 = CARTESIAN_POINT ( 'NONE',  ( -0.3818593263306500063, 0.07439689411112079820, 0.5999999999999999778 ) ) ;
#2223 = ORIENTED_EDGE ( 'NONE', *, *, #2353, .F. ) ;
#2224 = CARTESIAN_POINT ( 'NONE',  ( 0.5000000000000000000, -0.8599999999999999867, 0.1299999999999999767 ) ) ;
#2225 =( NAMED_UNIT ( * ) SI_UNIT ( $, .STERADIAN. ) SOLID_ANGLE_UNIT ( ) );
#2226 = VERTEX_POINT ( 'NONE', #838 ) ;
#2227 = CARTESIAN_POINT ( 'NONE',  ( 0.8000000000000000444, 0.6400000000000000133, 0.000000000000000000 ) ) ;
#2228 = CARTESIAN_POINT ( 'NONE',  ( -0.8000000000000000444, 0.8599999999999999867, 0.000000000000000000 ) ) ;
#2229 = B_SPLINE_CURVE_WITH_KNOTS ( 'NONE', 3,
 ( #1618, #1587, #773, #999 ),
 .UNSPECIFIED., .F., .F.,
 ( 4, 4 ),
 ( 0.000000000000000000, 1.000000000000000000 ),
 .UNSPECIFIED. ) ;
#2230 = CARTESIAN_POINT ( 'NONE',  ( -0.4082031144556540481, 0.05711688713298239406, 0.5999999999999999778 ) ) ;
#2231 =( NAMED_UNIT ( * ) SI_UNIT ( $, .STERADIAN. ) SOLID_ANGLE_UNIT ( ) );
#2232 = DIRECTION ( 'NONE',  ( 7.325904784357464569E-13, -1.000000000000000000, 0.000000000000000000 ) ) ;
#2233 = DIRECTION ( 'NONE',  ( 1.000000000000000000, 0.000000000000000000, 0.000000000000000000 ) ) ;
#2234 = ADVANCED_FACE ( 'NONE', ( #2493, #222 ), #1233, .T. ) ;
#2235 = ORIENTED_EDGE ( 'NONE', *, *, #1845, .F. ) ;
#2236 =( NAMED_UNIT ( * ) PLANE_ANGLE_UNIT ( ) SI_UNIT ( $, .RADIAN. ) );
#2237 = CARTESIAN_POINT ( 'NONE',  ( -0.5000000000000000000, 0.1399999999999999856, 0.000000000000000000 ) ) ;
#2238 = EDGE_LOOP ( 'NONE', ( #997, #2456, #1445, #2318 ) ) ;
#2239 = CARTESIAN_POINT ( 'NONE',  ( -0.5000000000000000000, 0.6400000000000000133, 0.1299999999999999767 ) ) ;
#2240 = FACE_OUTER_BOUND ( 'NONE', #1676, .T. ) ;
#2241 = VERTEX_POINT ( 'NONE', #616 ) ;
#2242 = CARTESIAN_POINT ( 'NONE',  ( 0.3210725637947889899, 0.05741308793456030568, 0.5999999999999999778 ) ) ;
#2243 = CARTESIAN_POINT ( 'NONE',  ( -0.2575985656360220144, 0.07400650624277189948, 0.5999999999999999778 ) ) ;
#2244 = CARTESIAN_POINT ( 'NONE',  ( -0.8000000000000000444, 0.6400000000000000133, 0.000000000000000000 ) ) ;
#2245 = CARTESIAN_POINT ( 'NONE',  ( 0.4813554470200859803, -7.308326619939139215E-14, 0.5500000000000330180 ) ) ;
#2246 = EDGE_CURVE ( 'NONE', #2545, #1912, #1951, .T. ) ;
#2247 = ORIENTED_EDGE ( 'NONE', *, *, #1277, .F. ) ;
#2248 = CARTESIAN_POINT ( 'NONE',  ( 0.08947747177024899246, 0.01661554192229044991, 0.5999999999999999778 ) ) ;
#2249 = STYLED_ITEM ( 'NONE', ( #1056 ), #280 ) ;
#2250 = B_SPLINE_CURVE_WITH_KNOTS ( 'NONE', 1,
 ( #1909, #1087 ),
 .UNSPECIFIED., .F., .F.,
 ( 2, 2 ),
 ( 0.5200000000000000178, 0.7399999999999999911 ),
 .UNSPECIFIED. ) ;
#2251 = CARTESIAN_POINT ( 'NONE',  ( -0.5000000000000000000, 0.8599999999999999867, 0.000000000000000000 ) ) ;
#2252 = PRESENTATION_LAYER_ASSIGNMENT (  '', '', ( #2640 ) ) ;
#2253 = EDGE_CURVE ( 'NONE', #2541, #1557, #235, .T. ) ;
#2254 = ORIENTED_EDGE ( 'NONE', *, *, #1258, .T. ) ;
#2255 = CARTESIAN_POINT ( 'NONE',  ( 0.5000000000000000000, 0.1399999999999999856, 0.1299999999999999767 ) ) ;
#2256 = ORIENTED_EDGE ( 'NONE', *, *, #350, .F. ) ;
#2257 = AXIS2_PLACEMENT_3D ( 'NONE', #139, #2038, #2295 ) ;
#2258 = AXIS2_PLACEMENT_3D ( 'NONE', #1891, #29, #1905 ) ;
#2259 = DIRECTION ( 'NONE',  ( 1.000000000000000000, 0.000000000000000000, 0.000000000000000000 ) ) ;
#2260 = CARTESIAN_POINT ( 'NONE',  ( -0.3163771606290640692, -0.001944889041888314858, 0.5999999999999999778 ) ) ;
#2261 =( GEOMETRIC_REPRESENTATION_CONTEXT ( 3 ) GLOBAL_UNCERTAINTY_ASSIGNED_CONTEXT ( ( #1403 ) ) GLOBAL_UNIT_ASSIGNED_CONTEXT ( ( #83, #933, #2179 ) ) REPRESENTATION_CONTEXT ( 'NONE', 'WORKASPACE' ) );
#2262 = FILL_AREA_STYLE ('',( #2277 ) ) ;
#2263 = CARTESIAN_POINT ( 'NONE',  ( -0.3855440275120169957, 0.7355440275123849014, 0.5999999999999999778 ) ) ;
#2264 = COLOUR_RGB ( '',0.9019607843137255054, 0.9019607843137255054, 0.9019607843137255054 ) ;
#2265 = ORIENTED_EDGE ( 'NONE', *, *, #2571, .T. ) ;
#2266 = CARTESIAN_POINT ( 'NONE',  ( -0.4807892752077839726, 0.9306352523265850607, 0.5999916069863939772 ) ) ;
#2267 = CARTESIAN_POINT ( 'NONE',  ( -0.5000000000000000000, -0.8599999999999999867, 0.1299999999999999767 ) ) ;
#2268 = B_SPLINE_CURVE_WITH_KNOTS ( 'NONE', 1,
 ( #1314, #1282 ),
 .UNSPECIFIED., .F., .F.,
 ( 2, 2 ),
 ( 0.000000000000000000, 0.2200000000000000011 ),
 .UNSPECIFIED. ) ;
#2269 = EDGE_LOOP ( 'NONE', ( #2483, #768, #2615, #2293 ) ) ;
#2270 = DIRECTION ( 'NONE',  ( 0.000000000000000000, 1.000000000000000000, 0.000000000000000000 ) ) ;
#2271 = ADVANCED_FACE ( 'NONE', ( #52 ), #1306, .T. ) ;
#2272 = DIRECTION ( 'NONE',  ( 1.000000000000000000, 0.000000000000000000, 0.000000000000000000 ) ) ;
#2273 = ORIENTED_EDGE ( 'NONE', *, *, #940, .T. ) ;
#2274 = CARTESIAN_POINT ( 'NONE',  ( -0.5000000000000000000, 0.6400000000000000133, 0.000000000000000000 ) ) ;
#2275 = CARTESIAN_POINT ( 'NONE',  ( -0.1855440275120169846, 0.7355440275123849014, 0.5999999999999999778 ) ) ;
#2276 =( BOUNDED_SURFACE ( )  B_SPLINE_SURFACE ( 2, 2, ( 
 ( #922, #325, #1151 ),
 ( #1592, #2163, #1180 ),
 ( #1349, #2592, #2010 ) ),
 .UNSPECIFIED., .F., .F., .F. ) 
 B_SPLINE_SURFACE_WITH_KNOTS ( ( 3, 3 ),
 ( 3, 3 ),
 ( 0.03970669960441720187, 0.1129053988544739956 ),
 ( 0.1284783060893429918, 0.2031713046148689861 ),
 .UNSPECIFIED. ) 
 GEOMETRIC_REPRESENTATION_ITEM ( )  RATIONAL_B_SPLINE_SURFACE ( (
 ( 1.000000000000000000, 0.7337780585528749233, 1.000000000000000000),
 ( 0.7438478672275310455, 0.5458192438729149165, 0.7438478672275310455),
 ( 1.000000000000000000, 0.7337780585528749233, 1.000000000000000000) ) ) 
 REPRESENTATION_ITEM ( '' )  SURFACE ( )  );
#2277 = FILL_AREA_STYLE_COLOUR ( '', #78 ) ;
#2278 = CARTESIAN_POINT ( 'NONE',  ( -0.8000000000000000444, -0.8599999999999999867, 0.000000000000000000 ) ) ;
#2279 = ORIENTED_EDGE ( 'NONE', *, *, #2181, .F. ) ;
#2280 = CARTESIAN_POINT ( 'NONE',  ( 0.3575756312794509673, 0.03287321063394679777, 0.5999999999999999778 ) ) ;
#2281 = B_SPLINE_CURVE_WITH_KNOTS ( 'NONE', 3,
 ( #1448, #2283, #1881, #462, #911, #251, #1728, #2113, #2566, #1523, #228, #1502, #32, #702 ),
 .UNSPECIFIED., .F., .F.,
 ( 4, 2, 2, 2, 1, 1, 2, 4 ),
 ( 0.000000000000000000, 0.1250000000000000000, 0.1875000000000000000, 0.2500000000000000000, 0.3750000000000000000, 0.4375000000000000000, 0.4687500000000000000, 0.5000000000000000000 ),
 .UNSPECIFIED. ) ;
#2282 = VERTEX_POINT ( 'NONE', #1255 ) ;
#2283 = CARTESIAN_POINT ( 'NONE',  ( -0.2524448186182989828, 0.04262092723703610198, 0.5999999999999999778 ) ) ;
#2284 = CARTESIAN_POINT ( 'NONE',  ( -0.5504584915972130510, -1.049999999985183896, 0.04999999999792719557 ) ) ;
#2285 = ORIENTED_EDGE ( 'NONE', *, *, #447, .F. ) ;
#2286 = ADVANCED_FACE ( 'NONE', ( #1682 ), #2503, .T. ) ;
#2287 = CARTESIAN_POINT ( 'NONE',  ( -0.8000000000000000444, 0.3600000000000000422, 0.000000000000000000 ) ) ;
#2288 = CARTESIAN_POINT ( 'NONE',  ( -0.3923509048897930174, -0.02068210149622600261, 0.5999999999999999778 ) ) ;
#2289 =( NAMED_UNIT ( * ) PLANE_ANGLE_UNIT ( ) SI_UNIT ( $, .RADIAN. ) );
#2290 = EDGE_CURVE ( 'NONE', #2663, #1030, #2315, .T. ) ;
#2291 = PLANE ( 'NONE',  #461 ) ;
#2292 = FACE_OUTER_BOUND ( 'NONE', #2629, .T. ) ;
#2293 = ORIENTED_EDGE ( 'NONE', *, *, #606, .F. ) ;
#2294 = DIRECTION ( 'NONE',  ( 0.000000000000000000, -1.000000000000000000, 0.000000000000000000 ) ) ;
#2295 = DIRECTION ( 'NONE',  ( -1.000000000000000000, 0.000000000000000000, 0.000000000000000000 ) ) ;
#2296 = AXIS2_PLACEMENT_3D ( 'NONE', #117, #568, #1177 ) ;
#2297 = FILL_AREA_STYLE ('',( #1022 ) ) ;
#2298 = ORIENTED_EDGE ( 'NONE', *, *, #2100, .F. ) ;
#2299 = CARTESIAN_POINT ( 'NONE',  ( 0.3656706478348024647, 0.03276137410836030273, 0.5999999999999999778 ) ) ;
#2300 = AXIS2_PLACEMENT_3D ( 'NONE', #1893, #2512, #1501 ) ;
#2301 = FILL_AREA_STYLE_COLOUR ( '', #2264 ) ;
#2302 = CARTESIAN_POINT ( 'NONE',  ( -0.5308969554310279948, -0.9313554394231740030, 0.5567556602416069422 ) ) ;
#2303 = CARTESIAN_POINT ( 'NONE',  ( -0.4813554470220410275, 0.9313554470202499713, 0.5999999999999999778 ) ) ;
#2304 = STYLED_ITEM ( 'NONE', ( #519 ), #1829 ) ;
#2305 = EDGE_CURVE ( 'NONE', #1423, #1236, #589, .T. ) ;
#2306 = PRESENTATION_LAYER_ASSIGNMENT (  '', '', ( #122 ) ) ;
#2307 = ORIENTED_EDGE ( 'NONE', *, *, #843, .T. ) ;
#2308 = ORIENTED_EDGE ( 'NONE', *, *, #2488, .F. ) ;
#2309 =( LENGTH_UNIT ( ) NAMED_UNIT ( * ) SI_UNIT ( .MILLI., .METRE. ) );
#2310 = CARTESIAN_POINT ( 'NONE',  ( 0.07097031430603599478, 0.003084526244035315154, 0.5999999999999999778 ) ) ;
#2311 = FACE_OUTER_BOUND ( 'NONE', #451, .T. ) ;
#2312 = ORIENTED_EDGE ( 'NONE', *, *, #717, .T. ) ;
#2313 = CARTESIAN_POINT ( 'NONE',  ( 0.8000000000000000444, 0.6400000000000000133, 0.000000000000000000 ) ) ;
#2314 = CARTESIAN_POINT ( 'NONE',  ( -0.8000000000000000444, 0.8599999999999999867, 0.000000000000000000 ) ) ;
#2315 = B_SPLINE_CURVE_WITH_KNOTS ( 'NONE', 3,
 ( #1076, #2531, #668, #736 ),
 .UNSPECIFIED., .F., .F.,
 ( 4, 4 ),
 ( 0.000000000000000000, 1.000000000000000000 ),
 .UNSPECIFIED. ) ;
#2316 = CARTESIAN_POINT ( 'NONE',  ( -0.3945716079843519797, -0.004447852760736245234, 0.5999999999999999778 ) ) ;
#2317 = SURFACE_STYLE_FILL_AREA ( #1488 ) ;
#2318 = ORIENTED_EDGE ( 'NONE', *, *, #1305, .F. ) ;
#2319 = EDGE_CURVE ( 'NONE', #2000, #869, #1084, .T. ) ;
#2320 = ORIENTED_EDGE ( 'NONE', *, *, #2253, .T. ) ;
#2321 = CARTESIAN_POINT ( 'NONE',  ( -0.5000000000000000000, 0.8599999999999999867, 0.000000000000000000 ) ) ;
#2322 = CARTESIAN_POINT ( 'NONE',  ( 0.5304288365483460499, 0.9569981274150293205, 0.5601885593036532995 ) ) ;
#2323 =( NAMED_UNIT ( * ) PLANE_ANGLE_UNIT ( ) SI_UNIT ( $, .RADIAN. ) );
#2324 = CARTESIAN_POINT ( 'NONE',  ( 0.5000000000000000000, 0.1399999999999999856, 0.000000000000000000 ) ) ;
#2325 = VERTEX_POINT ( 'NONE', #1588 ) ;
#2326 = CARTESIAN_POINT ( 'NONE',  ( -0.8000000000000000444, -0.8599999999999999867, 0.1299999999999999767 ) ) ;
#2327 = CARTESIAN_POINT ( 'NONE',  ( 0.3400016062041765208, 0.08931003253178659840, 0.5999999999999999778 ) ) ;
#2328 = VERTEX_POINT ( 'NONE', #1761 ) ;
#2329 = CARTESIAN_POINT ( 'NONE',  ( 0.3410473884161320246, -0.02905082483640160015, 0.5999999999999999778 ) ) ;
#2330 = ADVANCED_FACE ( 'NONE', ( #145 ), #2657, .T. ) ;
#2331 = ORIENTED_EDGE ( 'NONE', *, *, #1633, .T. ) ;
#2332 = CARTESIAN_POINT ( 'NONE',  ( 0.5000000000000000000, -0.3600000000000000422, 0.000000000000000000 ) ) ;
#2333 = CARTESIAN_POINT ( 'NONE',  ( 0.4813553676471489795, 0.9808969553898869709, 0.5567556602340369976 ) ) ;
#2334 = EDGE_CURVE ( 'NONE', #2028, #2663, #456, .T. ) ;
#2335 = CARTESIAN_POINT ( 'NONE',  ( -0.5999999999876549639, -1.000458491597730148, 0.04999999999831179764 ) ) ;
#2336 = ORIENTED_EDGE ( 'NONE', *, *, #1654, .F. ) ;
#2337 = B_SPLINE_CURVE_WITH_KNOTS ( 'NONE', 3,
 ( #2434, #578, #2185, #2612 ),
 .UNSPECIFIED., .F., .F.,
 ( 4, 4 ),
 ( 0.000000000000000000, 1.000000000000000000 ),
 .UNSPECIFIED. ) ;
#2338 = PLANE ( 'NONE',  #386 ) ;
#2339 = CARTESIAN_POINT ( 'NONE',  ( -0.5999999999999999778, -1.050000000000000044, 0.05000000000000000278 ) ) ;
#2340 = MECHANICAL_DESIGN_GEOMETRIC_PRESENTATION_REPRESENTATION (  '', ( #249 ), #866 ) ;
#2341 = CARTESIAN_POINT ( 'NONE',  ( 0.5000000000000000000, -0.6400000000000000133, 0.000000000000000000 ) ) ;
#2342 = STYLED_ITEM ( 'NONE', ( #1958 ), #685 ) ;
#2343 = DIRECTION ( 'NONE',  ( 0.000000000000000000, -1.000000000000000000, 0.000000000000000000 ) ) ;
#2344 = CARTESIAN_POINT ( 'NONE',  ( 0.08947747177024899246, 0.01661554192229044991, 0.5999999999999999778 ) ) ;
#2345 = AXIS2_PLACEMENT_3D ( 'NONE', #2015, #184, #2458 ) ;
#2346 = ORIENTED_EDGE ( 'NONE', *, *, #2650, .F. ) ;
#2347 =( NAMED_UNIT ( * ) SI_UNIT ( $, .STERADIAN. ) SOLID_ANGLE_UNIT ( ) );
#2348 = B_SPLINE_CURVE_WITH_KNOTS ( 'NONE', 1,
 ( #2065, #1034 ),
 .UNSPECIFIED., .F., .F.,
 ( 2, 2 ),
 ( 0.2200000000000000011, 0.5200000000000000178 ),
 .UNSPECIFIED. ) ;
#2349 = FILL_AREA_STYLE_COLOUR ( '', #2478 ) ;
#2350 = B_SPLINE_CURVE_WITH_KNOTS ( 'NONE', 3,
 ( #1961, #1137, #2107, #1339 ),
 .UNSPECIFIED., .F., .F.,
 ( 4, 4 ),
 ( 0.000000000000000000, 1.000000000000000000 ),
 .UNSPECIFIED. ) ;
#2351 = ORIENTED_EDGE ( 'NONE', *, *, #2290, .F. ) ;
#2352 = CARTESIAN_POINT ( 'NONE',  ( -0.5000000000000000000, -0.3600000000000000422, 0.1299999999999999767 ) ) ;
#2353 = EDGE_CURVE ( 'NONE', #384, #2611, #68, .T. ) ;
#2354 = PRESENTATION_STYLE_ASSIGNMENT (( #938 ) ) ;
#2355 = CARTESIAN_POINT ( 'NONE',  ( 0.5000000000000000000, -0.3600000000000000422, 0.000000000000000000 ) ) ;
#2356 = CARTESIAN_POINT ( 'NONE',  ( 0.5000000000000000000, 0.6400000000000000133, 0.1299999999999999767 ) ) ;
#2357 = CARTESIAN_POINT ( 'NONE',  ( -0.5000000000000000000, -0.6400000000000000133, 0.1299999999999999767 ) ) ;
#2358 = EDGE_LOOP ( 'NONE', ( #2428, #181, #1150, #1576 ) ) ;
#2359 = FACE_OUTER_BOUND ( 'NONE', #1090, .T. ) ;
#2360 = B_SPLINE_CURVE_WITH_KNOTS ( 'NONE', 1,
 ( #1382, #1187 ),
 .UNSPECIFIED., .F., .F.,
 ( 2, 2 ),
 ( 0.5200000000000000178, 0.7399999999999999911 ),
 .UNSPECIFIED. ) ;
#2361 = CARTESIAN_POINT ( 'NONE',  ( 0.1785367764737249840, 0.07602249488752550743, 0.5999999999999999778 ) ) ;
#2362 = FACE_OUTER_BOUND ( 'NONE', #2647, .T. ) ;
#2363 = ORIENTED_EDGE ( 'NONE', *, *, #2522, .T. ) ;
#2364 = CARTESIAN_POINT ( 'NONE',  ( 0.4808330023430349986, 0.9809864259098799444, 0.5560409424759329422 ) ) ;
#2365 = EDGE_CURVE ( 'NONE', #2055, #2028, #2546, .T. ) ;
#2366 = CARTESIAN_POINT ( 'NONE',  ( -0.5000000000000000000, -0.8599999999999999867, 0.1299999999999999767 ) ) ;
#2367 = ADVANCED_FACE ( 'NONE', ( #1889 ), #356, .T. ) ;
#2368 = DIRECTION ( 'NONE',  ( 0.000000000000000000, -1.000000000000000000, 0.000000000000000000 ) ) ;
#2369 = B_SPLINE_CURVE_WITH_KNOTS ( 'NONE', 1,
 ( #2227, #1785 ),
 .UNSPECIFIED., .F., .F.,
 ( 2, 2 ),
 ( 0.5200000000000000178, 0.7399999999999999911 ),
 .UNSPECIFIED. ) ;
#2370 = VERTEX_POINT ( 'NONE', #446 ) ;
#2371 = CARTESIAN_POINT ( 'NONE',  ( -0.8000000000000000444, -0.6400000000000000133, 0.1299999999999999767 ) ) ;
#2372 = CARTESIAN_POINT ( 'NONE',  ( 0.5000000000000000000, 0.8599999999999999867, 0.000000000000000000 ) ) ;
#2373 = B_SPLINE_CURVE_WITH_KNOTS ( 'NONE', 1,
 ( #1390, #952 ),
 .UNSPECIFIED., .F., .F.,
 ( 2, 2 ),
 ( 0.7399999999999999911, 1.040000000000000036 ),
 .UNSPECIFIED. ) ;
#2374 = ORIENTED_EDGE ( 'NONE', *, *, #1882, .F. ) ;
#2375 =( NAMED_UNIT ( * ) PLANE_ANGLE_UNIT ( ) SI_UNIT ( $, .RADIAN. ) );
#2376 = CARTESIAN_POINT ( 'NONE',  ( 0.5138489162393343745, 0.9812879299778477504, 0.5564192023995768732 ) ) ;
#2377 = ORIENTED_EDGE ( 'NONE', *, *, #2537, .T. ) ;
#2378 = CARTESIAN_POINT ( 'NONE',  ( 0.5504584915972119408, 1.050000000042836001, 0.05000000000578889991 ) ) ;
#2379 = PRESENTATION_LAYER_ASSIGNMENT (  '', '', ( #249 ) ) ;
#2380 = CARTESIAN_POINT ( 'NONE',  ( 0.01442634702587266074, 0.009253578732106368734, 0.5999999999999999778 ) ) ;
#2381 = AXIS2_PLACEMENT_3D ( 'NONE', #318, #1169, #76 ) ;
#2382 = EDGE_CURVE ( 'NONE', #1099, #1616, #1438, .T. ) ;
#2383 =( GEOMETRIC_REPRESENTATION_CONTEXT ( 3 ) GLOBAL_UNCERTAINTY_ASSIGNED_CONTEXT ( ( #2414 ) ) GLOBAL_UNIT_ASSIGNED_CONTEXT ( ( #2631, #2473, #1598 ) ) REPRESENTATION_CONTEXT ( 'NONE', 'WORKASPACE' ) );
#2384 = EDGE_LOOP ( 'NONE', ( #1732, #416, #1365, #46 ) ) ;
#2385 = FILL_AREA_STYLE ('',( #1959 ) ) ;
#2386 = STYLED_ITEM ( 'NONE', ( #779 ), #2330 ) ;
#2387 =( NAMED_UNIT ( * ) PLANE_ANGLE_UNIT ( ) SI_UNIT ( $, .RADIAN. ) );
#2388 = UNCERTAINTY_MEASURE_WITH_UNIT (LENGTH_MEASURE( 1.000000000000000082E-05 ), #2188, 'distance_accuracy_value', 'NONE');
#2389 = ORIENTED_EDGE ( 'NONE', *, *, #2485, .F. ) ;
#2390 = PRESENTATION_LAYER_ASSIGNMENT (  '', '', ( #263 ) ) ;
#2391 = CARTESIAN_POINT ( 'NONE',  ( -0.5304288368095672057, 0.9569981275306261859, 0.5601885593373526762 ) ) ;
#2392 = CARTESIAN_POINT ( 'NONE',  ( 0.6000000000448070248, -1.000458491597730148, 0.05000000000610529960 ) ) ;
#2393 = CARTESIAN_POINT ( 'NONE',  ( -0.8000000000000000444, 0.1399999999999999856, 0.000000000000000000 ) ) ;
#2394 = B_SPLINE_CURVE_WITH_KNOTS ( 'NONE', 1,
 ( #2106, #2326 ),
 .UNSPECIFIED., .F., .F.,
 ( 2, 2 ),
 ( 0.000000000000000000, 0.2200000000000000011 ),
 .UNSPECIFIED. ) ;
#2395 = FILL_AREA_STYLE ('',( #2175 ) ) ;
#2396 = B_SPLINE_CURVE_WITH_KNOTS ( 'NONE', 1,
 ( #716, #1539 ),
 .UNSPECIFIED., .F., .F.,
 ( 2, 2 ),
 ( 0.7399999999999999911, 1.040000000000000036 ),
 .UNSPECIFIED. ) ;
#2397 = ADVANCED_FACE ( 'NONE', ( #1955 ), #2076, .T. ) ;
#2398 = ORIENTED_EDGE ( 'NONE', *, *, #1826, .T. ) ;
#2399 = SURFACE_STYLE_USAGE ( .BOTH. , #299 ) ;
#2400 = CARTESIAN_POINT ( 'NONE',  ( 0.8000000000000000444, -0.3600000000000000422, 0.1299999999999999767 ) ) ;
#2401 = VERTEX_POINT ( 'NONE', #1014 ) ;
#2402 = CARTESIAN_POINT ( 'NONE',  ( -0.1855440275120169846, 0.7355440275123849014, 0.5999999999999999778 ) ) ;
#2403 = FACE_OUTER_BOUND ( 'NONE', #2008, .T. ) ;
#2404 = ORIENTED_EDGE ( 'NONE', *, *, #1317, .T. ) ;
#2405 = CARTESIAN_POINT ( 'NONE',  ( 0.3394774717702490063, 0.05414110429447840239, 0.5999999999999999778 ) ) ;
#2406 = PLANE ( 'NONE',  #1553 ) ;
#2407 = B_SPLINE_CURVE_WITH_KNOTS ( 'NONE', 1,
 ( #543, #1154 ),
 .UNSPECIFIED., .F., .F.,
 ( 2, 2 ),
 ( 0.7399999999999999911, 1.040000000000000036 ),
 .UNSPECIFIED. ) ;
#2408 = PRESENTATION_STYLE_ASSIGNMENT (( #524 ) ) ;
#2409 = FACE_OUTER_BOUND ( 'NONE', #1249, .T. ) ;
#2410 = ORIENTED_EDGE ( 'NONE', *, *, #271, .F. ) ;
#2411 = CARTESIAN_POINT ( 'NONE',  ( -0.5425386828149252327, 0.9761215444531032848, 0.6013462295782542322 ) ) ;
#2412 = EDGE_CURVE ( 'NONE', #45, #1281, #827, .T. ) ;
#2413 = CARTESIAN_POINT ( 'NONE',  ( -0.3141931120428654856, 0.02241484182996355060, 0.5999999999999999778 ) ) ;
#2414 = UNCERTAINTY_MEASURE_WITH_UNIT (LENGTH_MEASURE( 1.000000000000000082E-05 ), #2631, 'distance_accuracy_value', 'NONE');
#2415 = ORIENTED_EDGE ( 'NONE', *, *, #2628, .F. ) ;
#2416 = DIRECTION ( 'NONE',  ( 1.000000000000000000, 0.000000000000000000, 0.000000000000000000 ) ) ;
#2417 = EDGE_CURVE ( 'NONE', #2226, #1063, #634, .T. ) ;
#2418 = CARTESIAN_POINT ( 'NONE',  ( 0.5069980564975916648, -0.9804288738852637852, 0.5601885579866082709 ) ) ;
#2419 = FACE_OUTER_BOUND ( 'NONE', #1489, .T. ) ;
#2420 = DIRECTION ( 'NONE',  ( -0.000000000000000000, 1.000000000000000000, 0.000000000000000000 ) ) ;
#2421 =( LENGTH_UNIT ( ) NAMED_UNIT ( * ) SI_UNIT ( .MILLI., .METRE. ) );
#2422 = DIRECTION ( 'NONE',  ( 0.000000000000000000, 1.000000000000000000, 0.000000000000000000 ) ) ;
#2423 = ORIENTED_EDGE ( 'NONE', *, *, #115, .F. ) ;
#2424 = AXIS2_PLACEMENT_3D ( 'NONE', #1162, #121, #476 ) ;
#2425 =( LENGTH_UNIT ( ) NAMED_UNIT ( * ) SI_UNIT ( .MILLI., .METRE. ) );
#2426 = FACE_BOUND ( 'NONE', #2509, .T. ) ;
#2427 = CARTESIAN_POINT ( 'NONE',  ( -0.3701941757754315110, -0.05734428839735939559, 0.5999999999999999778 ) ) ;
#2428 = ORIENTED_EDGE ( 'NONE', *, *, #2382, .T. ) ;
#2429 = FACE_OUTER_BOUND ( 'NONE', #1868, .T. ) ;
#2430 = COLOUR_RGB ( '',0.4117647058823529216, 0.4117647058823529216, 0.4117647058823529216 ) ;
#2431 =( GEOMETRIC_REPRESENTATION_CONTEXT ( 3 ) GLOBAL_UNCERTAINTY_ASSIGNED_CONTEXT ( ( #1114 ) ) GLOBAL_UNIT_ASSIGNED_CONTEXT ( ( #2506, #1946, #1672 ) ) REPRESENTATION_CONTEXT ( 'NONE', 'WORKASPACE' ) );
#2432 = ORIENTED_EDGE ( 'NONE', *, *, #796, .F. ) ;
#2433 = EDGE_CURVE ( 'NONE', #1198, #2147, #1568, .T. ) ;
#2434 = CARTESIAN_POINT ( 'NONE',  ( 0.1187208255534799861, 0.07602249488752550743, 0.5999999999999999778 ) ) ;
#2435 = CARTESIAN_POINT ( 'NONE',  ( 0.2999403834994019968, -0.02409548876848749757, 0.5999999999999999778 ) ) ;
#2436 = CARTESIAN_POINT ( 'NONE',  ( -0.5043897422971239664, -1.003931303614692183, 0.3878371068255894727 ) ) ;
#2437 = FACE_OUTER_BOUND ( 'NONE', #2220, .T. ) ;
#2438 = ORIENTED_EDGE ( 'NONE', *, *, #812, .T. ) ;
#2439 = CARTESIAN_POINT ( 'NONE',  ( 0.5000000000000000000, -0.8599999999999999867, 0.000000000000000000 ) ) ;
#2440 = CARTESIAN_POINT ( 'NONE',  ( -0.3620198828504614941, 0.03629450710424339532, 0.5999999999999999778 ) ) ;
#2441 = PRODUCT_DEFINITION_CONTEXT ( 'detailed design', #1720, 'design' ) ;
#2442 = ORIENTED_EDGE ( 'NONE', *, *, #271, .T. ) ;
#2443 = CARTESIAN_POINT ( 'NONE',  ( -0.4813553941054999341, 0.9776648930562797934, 0.5804574509177201636 ) ) ;
#2444 = ORIENTED_EDGE ( 'NONE', *, *, #1941, .T. ) ;
#2445 = DIRECTION ( 'NONE',  ( 0.000000000000000000, 0.000000000000000000, 1.000000000000000000 ) ) ;
#2446 = CARTESIAN_POINT ( 'NONE',  ( -0.1805799146631560104, 0.09615074300840889543, 0.5999999999999999778 ) ) ;
#2447 = CARTESIAN_POINT ( 'NONE',  ( -0.4813554470217559778, -0.9313554470201229618, 0.6000000000001070033 ) ) ;
#2448 = EDGE_CURVE ( 'NONE', #1874, #371, #406, .T. ) ;
#2449 =( NAMED_UNIT ( * ) SI_UNIT ( $, .STERADIAN. ) SOLID_ANGLE_UNIT ( ) );
#2450 = SURFACE_STYLE_FILL_AREA ( #780 ) ;
#2451 = B_SPLINE_CURVE_WITH_KNOTS ( 'NONE', 3,
 ( #720, #2156, #1544, #1134 ),
 .UNSPECIFIED., .F., .F.,
 ( 4, 4 ),
 ( 0.000000000000000000, 1.000000000000000000 ),
 .UNSPECIFIED. ) ;
#2452 = EDGE_CURVE ( 'NONE', #2282, #1300, #900, .T. ) ;
#2453 = ORIENTED_EDGE ( 'NONE', *, *, #1668, .F. ) ;
#2454 = FACE_OUTER_BOUND ( 'NONE', #501, .T. ) ;
#2455 = CARTESIAN_POINT ( 'NONE',  ( -0.3326918355428165053, 0.07712186480260670163, 0.5999999999999999778 ) ) ;
#2456 = ORIENTED_EDGE ( 'NONE', *, *, #2040, .T. ) ;
#2457 = CARTESIAN_POINT ( 'NONE',  ( 0.3192320729972429882, -0.01467280163599181918, 0.5999999999999999778 ) ) ;
#2458 = DIRECTION ( 'NONE',  ( 1.000000000000000000, 0.000000000000000000, 0.000000000000000000 ) ) ;
#2459 = EDGE_LOOP ( 'NONE', ( #747, #2510, #2177, #2377 ) ) ;
#2460 = CARTESIAN_POINT ( 'NONE',  ( -0.1953071348057985046, 0.7869421066719429758, 0.5999999999999999778 ) ) ;
#2461 = DIRECTION ( 'NONE',  ( 1.000000000000000000, 0.000000000000000000, 0.000000000000000000 ) ) ;
#2462 = FILL_AREA_STYLE_COLOUR ( '', #467 ) ;
#2463 = CARTESIAN_POINT ( 'NONE',  ( -0.5250000000000000222, -0.9749999999999999778, 0.5999999999999999778 ) ) ;
#2464 =( NAMED_UNIT ( * ) SI_UNIT ( $, .STERADIAN. ) SOLID_ANGLE_UNIT ( ) );
#2465 = ORIENTED_EDGE ( 'NONE', *, *, #317, .F. ) ;
#2466 = ADVANCED_FACE ( 'NONE', ( #2656 ), #821, .T. ) ;
#2467 = CARTESIAN_POINT ( 'NONE',  ( -0.8000000000000000444, -0.8599999999999999867, 0.1299999999999999767 ) ) ;
#2468 = UNCERTAINTY_MEASURE_WITH_UNIT (LENGTH_MEASURE( 1.000000000000000082E-05 ), #1549, 'distance_accuracy_value', 'NONE');
#2469 = AXIS2_PLACEMENT_3D ( 'NONE', #2355, #904, #1118 ) ;
#2470 = VERTEX_POINT ( 'NONE', #2275 ) ;
#2471 = FACE_OUTER_BOUND ( 'NONE', #296, .T. ) ;
#2472 = COLOUR_RGB ( '',0.9019607843137255054, 0.9019607843137255054, 0.9019607843137255054 ) ;
#2473 =( NAMED_UNIT ( * ) PLANE_ANGLE_UNIT ( ) SI_UNIT ( $, .RADIAN. ) );
#2474 = ORIENTED_EDGE ( 'NONE', *, *, #739, .F. ) ;
#2475 = STYLED_ITEM ( 'NONE', ( #1130 ), #1642 ) ;
#2476 = CARTESIAN_POINT ( 'NONE',  ( -0.2728947163688100197, 0.01876278118609395196, 0.5999999999999999778 ) ) ;
#2477 = CARTESIAN_POINT ( 'NONE',  ( -0.4076523762390544814, 0.04885728554540800378, 0.5999999999999999778 ) ) ;
#2478 = COLOUR_RGB ( '',0.4117647058823529216, 0.4117647058823529216, 0.4117647058823529216 ) ;
#2479 = B_SPLINE_CURVE_WITH_KNOTS ( 'NONE', 1,
 ( #2239, #591 ),
 .UNSPECIFIED., .F., .F.,
 ( 2, 2 ),
 ( 0.5200000000000000178, 0.7399999999999999911 ),
 .UNSPECIFIED. ) ;
#2480 = DIRECTION ( 'NONE',  ( 1.000000000000000000, 0.000000000000000000, 0.000000000000000000 ) ) ;
#2481 = AXIS2_PLACEMENT_3D ( 'NONE', #1434, #1876, #1275 ) ;
#2482 = B_SPLINE_CURVE_WITH_KNOTS ( 'NONE', 1,
 ( #339, #767 ),
 .UNSPECIFIED., .F., .F.,
 ( 2, 2 ),
 ( 0.5200000000000000178, 0.7399999999999999911 ),
 .UNSPECIFIED. ) ;
#2483 = ORIENTED_EDGE ( 'NONE', *, *, #2417, .F. ) ;
#2484 = FILL_AREA_STYLE ('',( #632 ) ) ;
#2485 = EDGE_CURVE ( 'NONE', #1030, #403, #1239, .T. ) ;
#2486 = EDGE_LOOP ( 'NONE', ( #1834, #2363, #1989, #2346 ) ) ;
#2487 = CARTESIAN_POINT ( 'NONE',  ( -0.8000000000000000444, 0.3600000000000000422, 0.000000000000000000 ) ) ;
#2488 = EDGE_CURVE ( 'NONE', #542, #1047, #1859, .T. ) ;
#2489 = CARTESIAN_POINT ( 'NONE',  ( 0.1187208255534799861, 0.07602249488752550743, 0.5999999999999999778 ) ) ;
#2490 = VERTEX_POINT ( 'NONE', #379 ) ;
#2491 = CARTESIAN_POINT ( 'NONE',  ( 0.3736734015714415214, 0.03484630566358690174, 0.5999999999999999778 ) ) ;
#2492 = CARTESIAN_POINT ( 'NONE',  ( -0.4050997385273660267, 0.07329434752959340660, 0.5999999999999999778 ) ) ;
#2493 = FACE_BOUND ( 'NONE', #2641, .T. ) ;
#2494 = PLANE ( 'NONE',  #995 ) ;
#2495 = ORIENTED_EDGE ( 'NONE', *, *, #809, .F. ) ;
#2496 = SURFACE_SIDE_STYLE ('',( #1663 ) ) ;
#2497 = B_SPLINE_CURVE_WITH_KNOTS ( 'NONE', 1,
 ( #790, #173 ),
 .UNSPECIFIED., .F., .F.,
 ( 2, 2 ),
 ( 0.000000000000000000, 0.1300000000000000044 ),
 .UNSPECIFIED. ) ;
#2498 = ORIENTED_EDGE ( 'NONE', *, *, #684, .T. ) ;
#2499 = CARTESIAN_POINT ( 'NONE',  ( 0.8000000000000000444, -0.6400000000000000133, 0.1299999999999999767 ) ) ;
#2500 = PLANE ( 'NONE',  #1770 ) ;
#2501 = CARTESIAN_POINT ( 'NONE',  ( -0.2728947163688100197, -0.02023726863201659801, 0.5999999999999999778 ) ) ;
#2502 = EDGE_LOOP ( 'NONE', ( #2273, #2073, #2351, #2256 ) ) ;
#2503 = PLANE ( 'NONE',  #510 ) ;
#2504 = FACE_OUTER_BOUND ( 'NONE', #319, .T. ) ;
#2505 = ADVANCED_FACE ( 'NONE', ( #407 ), #2669, .T. ) ;
#2506 =( LENGTH_UNIT ( ) NAMED_UNIT ( * ) SI_UNIT ( .MILLI., .METRE. ) );
#2507 = CARTESIAN_POINT ( 'NONE',  ( -0.5000000000000000000, 0.3600000000000000422, 0.1299999999999999767 ) ) ;
#2508 =( NAMED_UNIT ( * ) PLANE_ANGLE_UNIT ( ) SI_UNIT ( $, .RADIAN. ) );
#2509 = EDGE_LOOP ( 'NONE', ( #1393, #977 ) ) ;
#2510 = ORIENTED_EDGE ( 'NONE', *, *, #1979, .T. ) ;
#2511 = PRESENTATION_LAYER_ASSIGNMENT (  '', '', ( #2249 ) ) ;
#2512 = DIRECTION ( 'NONE',  ( -0.1338965533211840253, -0.1338965532916760182, 0.9819080537531591490 ) ) ;
#2513 = FACE_OUTER_BOUND ( 'NONE', #2161, .T. ) ;
#2514 = SURFACE_STYLE_FILL_AREA ( #2297 ) ;
#2515 = EDGE_LOOP ( 'NONE', ( #1537, #661, #197, #1102 ) ) ;
#2516 =( NAMED_UNIT ( * ) SI_UNIT ( $, .STERADIAN. ) SOLID_ANGLE_UNIT ( ) );
#2517 = STYLED_ITEM ( 'NONE', ( #2059 ), #752 ) ;
#2518 = PRESENTATION_LAYER_ASSIGNMENT (  '', '', ( #2475 ) ) ;
#2519 = EDGE_CURVE ( 'NONE', #1259, #547, #1605, .T. ) ;
#2520 = AXIS2_PLACEMENT_3D ( 'NONE', #2131, #860, #375 ) ;
#2521 = CARTESIAN_POINT ( 'NONE',  ( 0.5999999999999999778, 0.3334861638659100125, 0.04999999999999289735 ) ) ;
#2522 = EDGE_CURVE ( 'NONE', #782, #1753, #244, .T. ) ;
#2523 = AXIS2_PLACEMENT_3D ( 'NONE', #2463, #1412, #1028 ) ;
#2524 = VERTEX_POINT ( 'NONE', #2094 ) ;
#2525 = VERTEX_POINT ( 'NONE', #1742 ) ;
#2526 = PLANE ( 'NONE',  #1806 ) ;
#2527 = B_SPLINE_CURVE_WITH_KNOTS ( 'NONE', 3,
 ( #1840, #2683, #1869, #820 ),
 .UNSPECIFIED., .F., .F.,
 ( 4, 4 ),
 ( 0.000000000000000000, 1.000000000000000000 ),
 .UNSPECIFIED. ) ;
#2528 = PLANE ( 'NONE',  #1222 ) ;
#2529 = CARTESIAN_POINT ( 'NONE',  ( 0.5198411933247280015, -0.9087517755356160354, 0.5725371108795220820 ) ) ;
#2530 = ORIENTED_EDGE ( 'NONE', *, *, #350, .T. ) ;
#2531 = CARTESIAN_POINT ( 'NONE',  ( 0.5274241169471910462, 1.026965651850177963, 0.2189185534185955073 ) ) ;
#2532 =( NAMED_UNIT ( * ) PLANE_ANGLE_UNIT ( ) SI_UNIT ( $, .RADIAN. ) );
#2533 = B_SPLINE_CURVE_WITH_KNOTS ( 'NONE', 1,
 ( #2314, #892 ),
 .UNSPECIFIED., .F., .F.,
 ( 2, 2 ),
 ( 0.000000000000000000, 0.2200000000000000011 ),
 .UNSPECIFIED. ) ;
#2534 = CARTESIAN_POINT ( 'NONE',  ( 0.4141266031984654483, 0.007675971366403640250, 0.5999999999999999778 ) ) ;
#2535 =( NAMED_UNIT ( * ) PLANE_ANGLE_UNIT ( ) SI_UNIT ( $, .RADIAN. ) );
#2536 = CARTESIAN_POINT ( 'NONE',  ( -0.8000000000000000444, -0.1399999999999999856, 0.000000000000000000 ) ) ;
#2537 = EDGE_CURVE ( 'NONE', #2611, #1069, #1755, .T. ) ;
#2538 = VERTEX_POINT ( 'NONE', #2579 ) ;
#2539 = CARTESIAN_POINT ( 'NONE',  ( 0.5052765905668359370, -0.9313554444878996419, 0.5999999999993398392 ) ) ;
#2540 = ADVANCED_FACE ( 'NONE', ( #2362 ), #2180, .T. ) ;
#2541 = VERTEX_POINT ( 'NONE', #2372 ) ;
#2542 = DIRECTION ( 'NONE',  ( -0.000000000000000000, 1.000000000000000000, 0.000000000000000000 ) ) ;
#2543 = CARTESIAN_POINT ( 'NONE',  ( 0.5000000000000000000, 0.8599999999999999867, 0.000000000000000000 ) ) ;
#2544 = PLANE ( 'NONE',  #1906 ) ;
#2545 = VERTEX_POINT ( 'NONE', #723 ) ;
#2546 = B_SPLINE_CURVE_WITH_KNOTS ( 'NONE', 3,
 ( #363, #1285, #2521, #1690 ),
 .UNSPECIFIED., .F., .F.,
 ( 4, 4 ),
 ( 0.000000000000000000, 1.000000000000000000 ),
 .UNSPECIFIED. ) ;
#2547 = CARTESIAN_POINT ( 'NONE',  ( 0.5308969553879450132, 0.9313554394233640732, 0.5567556602343380900 ) ) ;
#2548 = CARTESIAN_POINT ( 'NONE',  ( 0.4813554470217569770, -0.9313554470202489721, 0.5999999999999139355 ) ) ;
#2549 = EDGE_CURVE ( 'NONE', #73, #2688, #2350, .T. ) ;
#2550 = ORIENTED_EDGE ( 'NONE', *, *, #84, .T. ) ;
#2551 = CARTESIAN_POINT ( 'NONE',  ( 0.8000000000000000444, 0.3600000000000000422, 0.1299999999999999767 ) ) ;
#2552 = FACE_OUTER_BOUND ( 'NONE', #1795, .T. ) ;
#2553 = ORIENTED_EDGE ( 'NONE', *, *, #109, .T. ) ;
#2554 = DIRECTION ( 'NONE',  ( 1.000000000000000000, 0.000000000000000000, 0.000000000000000000 ) ) ;
#2555 = AXIS2_PLACEMENT_3D ( 'NONE', #1857, #1029, #445 ) ;
#2556 = DIRECTION ( 'NONE',  ( 1.000000000000000000, 0.000000000000000000, 0.000000000000000000 ) ) ;
#2557 = AXIS2_PLACEMENT_3D ( 'NONE', #99, #548, #1173 ) ;
#2558 = SURFACE_SIDE_STYLE ('',( #918 ) ) ;
#2559 = B_SPLINE_CURVE_WITH_KNOTS ( 'NONE', 1,
 ( #666, #2689 ),
 .UNSPECIFIED., .F., .F.,
 ( 2, 2 ),
 ( 0.000000000000000000, 0.1300000000000000044 ),
 .UNSPECIFIED. ) ;
#2560 = MECHANICAL_DESIGN_GEOMETRIC_PRESENTATION_REPRESENTATION (  '', ( #2694 ), #1510 ) ;
#2561 = DIRECTION ( 'NONE',  ( 0.000000000000000000, 0.000000000000000000, 1.000000000000000000 ) ) ;
#2562 = MANIFOLD_SOLID_BREP ( 'NONE', #210 ) ;
#2563 = AXIS2_PLACEMENT_3D ( 'NONE', #1184, #610, #1392 ) ;
#2564 = EDGE_LOOP ( 'NONE', ( #2438, #200, #972, #330 ) ) ;
#2565 = DIRECTION ( 'NONE',  ( -1.000000000000000000, 0.000000000000000000, 0.000000000000000000 ) ) ;
#2566 = CARTESIAN_POINT ( 'NONE',  ( -0.1684073692600970007, 0.07297638959675249726, 0.5999999999999999778 ) ) ;
#2567 = EDGE_CURVE ( 'NONE', #2028, #1584, #297, .T. ) ;
#2568 =( NAMED_UNIT ( * ) SI_UNIT ( $, .STERADIAN. ) SOLID_ANGLE_UNIT ( ) );
#2569 = ORIENTED_EDGE ( 'NONE', *, *, #1206, .T. ) ;
#2570 = FACE_OUTER_BOUND ( 'NONE', #340, .T. ) ;
#2571 = EDGE_CURVE ( 'NONE', #9, #475, #665, .T. ) ;
#2572 = CARTESIAN_POINT ( 'NONE',  ( -0.04600310082688790353, -0.01017382413087924119, 0.5999999999999999778 ) ) ;
#2573 = FACE_OUTER_BOUND ( 'NONE', #2564, .T. ) ;
#2574 = B_SPLINE_CURVE_WITH_KNOTS ( 'NONE', 3,
 ( #1312, #1062, #1491, #2361 ),
 .UNSPECIFIED., .F., .F.,
 ( 4, 4 ),
 ( 0.000000000000000000, 1.000000000000000000 ),
 .UNSPECIFIED. ) ;
#2575 = CARTESIAN_POINT ( 'NONE',  ( 0.3748044491764794817, -0.04383496165447074711, 0.5999999999999999778 ) ) ;
#2576 = ORIENTED_EDGE ( 'NONE', *, *, #1895, .T. ) ;
#2577 = SURFACE_STYLE_FILL_AREA ( #1740 ) ;
#2578 = DIRECTION ( 'NONE',  ( 1.000000000000000000, 0.000000000000000000, 0.000000000000000000 ) ) ;
#2579 = CARTESIAN_POINT ( 'NONE',  ( -0.5000000000000000000, -0.6400000000000000133, 0.000000000000000000 ) ) ;
#2580 = UNCERTAINTY_MEASURE_WITH_UNIT (LENGTH_MEASURE( 1.000000000000000082E-05 ), #2309, 'distance_accuracy_value', 'NONE');
#2581 = VERTEX_POINT ( 'NONE', #1419 ) ;
#2582 = CARTESIAN_POINT ( 'NONE',  ( 0.1106431159420279975, 0.03573619631901830268, 0.5999999999999999778 ) ) ;
#2583 = CARTESIAN_POINT ( 'NONE',  ( -0.04600310082688799374, -0.05424335378323109913, 0.5999999999999999778 ) ) ;
#2584 = PLANE ( 'NONE',  #2381 ) ;
#2585 = EDGE_LOOP ( 'NONE', ( #674, #1389, #1472, #1634 ) ) ;
#2586 = EDGE_CURVE ( 'NONE', #351, #1423, #2216, .T. ) ;
#2587 = FILL_AREA_STYLE ('',( #278 ) ) ;
#2588 = B_SPLINE_CURVE_WITH_KNOTS ( 'NONE', 3,
 ( #2043, #2079, #176, #432, #188, #2460, #1230, #640 ),
 .UNSPECIFIED., .F., .F.,
 ( 4, 2, 2, 4 ),
 ( 0.5000000000000000000, 0.7500000000000000000, 0.8750000000000000000, 1.000000000000000000 ),
 .UNSPECIFIED. ) ;
#2589 = CARTESIAN_POINT ( 'NONE',  ( 0.3681078877058699961, 0.02002759304300895035, 0.5999999999999999778 ) ) ;
#2590 = ORIENTED_EDGE ( 'NONE', *, *, #2246, .T. ) ;
#2591 = SURFACE_STYLE_USAGE ( .BOTH. , #515 ) ;
#2592 = CARTESIAN_POINT ( 'NONE',  ( -0.5165685273142811562, -0.9309619914283637776, 0.6004015261911762602 ) ) ;
#2593 = VERTEX_POINT ( 'NONE', #1765 ) ;
#2594 = CARTESIAN_POINT ( 'NONE',  ( -0.5000000000000000000, -0.8599999999999999867, 0.000000000000000000 ) ) ;
#2595 = FACE_OUTER_BOUND ( 'NONE', #1017, .T. ) ;
#2596 = ORIENTED_EDGE ( 'NONE', *, *, #992, .T. ) ;
#2597 = B_SPLINE_CURVE_WITH_KNOTS ( 'NONE', 3,
 ( #274, #1125, #1932, #921 ),
 .UNSPECIFIED., .F., .F.,
 ( 4, 4 ),
 ( 0.000000000000000000, 1.000000000000000000 ),
 .UNSPECIFIED. ) ;
#2598 = CARTESIAN_POINT ( 'NONE',  ( 0.5000000000000000000, -0.1399999999999999856, 0.000000000000000000 ) ) ;
#2599 = PRESENTATION_STYLE_ASSIGNMENT (( #1589 ) ) ;
#2600 = EDGE_CURVE ( 'NONE', #1995, #2401, #489, .T. ) ;
#2601 = AXIS2_PLACEMENT_3D ( 'NONE', #971, #1784, #1641 ) ;
#2602 = COLOUR_RGB ( '',0.4117647058823529216, 0.4117647058823529216, 0.4117647058823529216 ) ;
#2603 = ORIENTED_EDGE ( 'NONE', *, *, #766, .F. ) ;
#2604 = CARTESIAN_POINT ( 'NONE',  ( -0.5250000000000000222, -0.9749999999999999778, 0.5999999999999999778 ) ) ;
#2605 = CARTESIAN_POINT ( 'NONE',  ( -0.8000000000000000444, 0.3600000000000000422, 0.1299999999999999767 ) ) ;
#2606 = UNCERTAINTY_MEASURE_WITH_UNIT (LENGTH_MEASURE( 1.000000000000000082E-05 ), #1875, 'distance_accuracy_value', 'NONE');
#2607 = ORIENTED_EDGE ( 'NONE', *, *, #1140, .T. ) ;
#2608 =( GEOMETRIC_REPRESENTATION_CONTEXT ( 3 ) GLOBAL_UNCERTAINTY_ASSIGNED_CONTEXT ( ( #949 ) ) GLOBAL_UNIT_ASSIGNED_CONTEXT ( ( #2062, #1474, #196 ) ) REPRESENTATION_CONTEXT ( 'NONE', 'WORKASPACE' ) );
#2609 = CARTESIAN_POINT ( 'NONE',  ( 0.5000000000000000000, -0.3600000000000000422, 0.000000000000000000 ) ) ;
#2610 = CARTESIAN_POINT ( 'NONE',  ( -0.8000000000000000444, -0.3600000000000000422, 0.000000000000000000 ) ) ;
#2611 = VERTEX_POINT ( 'NONE', #168 ) ;
#2612 = CARTESIAN_POINT ( 'NONE',  ( 0.1106431159420279975, 0.03573619631901830268, 0.5999999999999999778 ) ) ;
#2613 = CARTESIAN_POINT ( 'NONE',  ( 0.05212232521264829888, -0.009253578732105940258, 0.5999999999999999778 ) ) ;
#2614 = EDGE_CURVE ( 'NONE', #2370, #2033, #362, .T. ) ;
#2615 = ORIENTED_EDGE ( 'NONE', *, *, #2571, .F. ) ;
#2616 = EDGE_CURVE ( 'NONE', #1584, #2524, #458, .T. ) ;
#2617 = CARTESIAN_POINT ( 'NONE',  ( 0.5052765905673713975, 0.9313554444878723304, 0.5999999999989268362 ) ) ;
#2618 = ORIENTED_EDGE ( 'NONE', *, *, #1277, .T. ) ;
#2619 = FILL_AREA_STYLE ('',( #341 ) ) ;
#2620 = CARTESIAN_POINT ( 'NONE',  ( -0.4813553676472279719, 0.9808969554331661289, 0.5567556602393970433 ) ) ;
#2621 = CARTESIAN_POINT ( 'NONE',  ( 0.4813553676471489795, 0.9808969553898869709, 0.5567556602340369976 ) ) ;
#2622 = DIRECTION ( 'NONE',  ( 1.000000000000000000, 0.000000000000000000, 0.000000000000000000 ) ) ;
#2623 =( NAMED_UNIT ( * ) PLANE_ANGLE_UNIT ( ) SI_UNIT ( $, .RADIAN. ) );
#2624 =( LENGTH_UNIT ( ) NAMED_UNIT ( * ) SI_UNIT ( .MILLI., .METRE. ) );
#2625 = ORIENTED_EDGE ( 'NONE', *, *, #770, .T. ) ;
#2626 = PRESENTATION_STYLE_ASSIGNMENT (( #1803 ) ) ;
#2627 = CARTESIAN_POINT ( 'NONE',  ( -0.3367127775685975211, 0.02982110687204820101, 0.5999999999999999778 ) ) ;
#2628 = EDGE_CURVE ( 'NONE', #787, #817, #2482, .T. ) ;
#2629 = EDGE_LOOP ( 'NONE', ( #744, #2111, #932, #1355 ) ) ;
#2630 = B_SPLINE_CURVE_WITH_KNOTS ( 'NONE', 1,
 ( #2609, #2014 ),
 .UNSPECIFIED., .F., .F.,
 ( 2, 2 ),
 ( 0.2200000000000000011, 0.5200000000000000178 ),
 .UNSPECIFIED. ) ;
#2631 =( LENGTH_UNIT ( ) NAMED_UNIT ( * ) SI_UNIT ( .MILLI., .METRE. ) );
#2632 =( BOUNDED_SURFACE ( )  B_SPLINE_SURFACE ( 2, 2, ( 
 ( #2266, #135, #2009 ),
 ( #1577, #2411, #395 ),
 ( #1608, #179, #1031 ) ),
 .UNSPECIFIED., .F., .F., .F. ) 
 B_SPLINE_SURFACE_WITH_KNOTS ( ( 3, 3 ),
 ( 3, 3 ),
 ( 0.04417423382308069413, 0.1173729330743639998 ),
 ( 0.1284783060880499983, 0.2031713046161330027 ),
 .UNSPECIFIED. ) 
 GEOMETRIC_REPRESENTATION_ITEM ( )  RATIONAL_B_SPLINE_SURFACE ( (
 ( 1.000000000000000000, 0.7337780585354929386, 1.000000000000000000),
 ( 0.7438478672193390429, 0.5458192438539739566, 0.7438478672193390429),
 ( 1.000000000000000000, 0.7337780585354929386, 1.000000000000000000) ) ) 
 REPRESENTATION_ITEM ( '' )  SURFACE ( )  );
#2633 = ORIENTED_EDGE ( 'NONE', *, *, #1809, .T. ) ;
#2634 = SURFACE_STYLE_USAGE ( .BOTH. , #1796 ) ;
#2635 = CARTESIAN_POINT ( 'NONE',  ( 0.2109888647800915173, 0.01779099317758505230, 0.5999999999999999778 ) ) ;
#2636 = CARTESIAN_POINT ( 'NONE',  ( -0.4813553676470789799, -0.9808969554332229723, 0.5567556602399480470 ) ) ;
#2637 =( NAMED_UNIT ( * ) PLANE_ANGLE_UNIT ( ) SI_UNIT ( $, .RADIAN. ) );
#2638 = CARTESIAN_POINT ( 'NONE',  ( -6.985292359629939358E-16, 0.9313554470205289704, 0.5500000000005389467 ) ) ;
#2639 = CARTESIAN_POINT ( 'NONE',  ( 0.3315020116475495549, -0.01303680981595129774, 0.5999999999999999778 ) ) ;
#2640 = STYLED_ITEM ( 'NONE', ( #898 ), #562 ) ;
#2641 = EDGE_LOOP ( 'NONE', ( #1500, #2618 ) ) ;
#2642 = AXIS2_PLACEMENT_3D ( 'NONE', #223, #1675, #643 ) ;
#2643 =( NAMED_UNIT ( * ) SI_UNIT ( $, .STERADIAN. ) SOLID_ANGLE_UNIT ( ) );
#2644 = CARTESIAN_POINT ( 'NONE',  ( 0.1833563816669134816, 0.02544261975660259967, 0.5999999999999999778 ) ) ;
#2645 = CARTESIAN_POINT ( 'NONE',  ( 0.01442634702587299901, -0.003084526244035315154, 0.5999999999999999778 ) ) ;
#2646 =( GEOMETRIC_REPRESENTATION_CONTEXT ( 3 ) GLOBAL_UNCERTAINTY_ASSIGNED_CONTEXT ( ( #1536 ) ) GLOBAL_UNIT_ASSIGNED_CONTEXT ( ( #1202, #1383, #2670 ) ) REPRESENTATION_CONTEXT ( 'NONE', 'WORKASPACE' ) );
#2647 = EDGE_LOOP ( 'NONE', ( #1229, #1503, #1599, #1476 ) ) ;
#2648 = DIRECTION ( 'NONE',  ( 0.000000000000000000, 0.000000000000000000, -1.000000000000000000 ) ) ;
#2649 =( GEOMETRIC_REPRESENTATION_CONTEXT ( 3 ) GLOBAL_UNCERTAINTY_ASSIGNED_CONTEXT ( ( #528 ) ) GLOBAL_UNIT_ASSIGNED_CONTEXT ( ( #746, #329, #2225 ) ) REPRESENTATION_CONTEXT ( 'NONE', 'WORKASPACE' ) );
#2650 = EDGE_CURVE ( 'NONE', #1254, #1825, #1283, .T. ) ;
#2651 = CARTESIAN_POINT ( 'NONE',  ( 0.8000000000000000444, 0.1399999999999999856, 0.000000000000000000 ) ) ;
#2652 = AXIS2_PLACEMENT_3D ( 'NONE', #2339, #1935, #1560 ) ;
#2653 = ORIENTED_EDGE ( 'NONE', *, *, #1899, .T. ) ;
#2654 = CARTESIAN_POINT ( 'NONE',  ( 0.3210725637947889899, 0.05741308793456030568, 0.5999999999999999778 ) ) ;
#2655 = EDGE_CURVE ( 'NONE', #1099, #425, #134, .T. ) ;
#2656 = FACE_OUTER_BOUND ( 'NONE', #2269, .T. ) ;
#2657 = CYLINDRICAL_SURFACE ( 'NONE', #338, 0.04999999999945813761 ) ;
#2658 = CARTESIAN_POINT ( 'NONE',  ( -0.1604517892156689940, -0.9808969554220570153, 0.5567556602382449649 ) ) ;
#2659 = ORIENTED_EDGE ( 'NONE', *, *, #1701, .F. ) ;
#2660 = CARTESIAN_POINT ( 'NONE',  ( -0.2238428449051719782, -0.04560444278688890324, 0.5999999999999999778 ) ) ;
#2661 = CARTESIAN_POINT ( 'NONE',  ( 0.5308969554218969655, 0.3104518131411644899, 0.5567556602394190257 ) ) ;
#2662 = B_SPLINE_CURVE_WITH_KNOTS ( 'NONE', 3,
 ( #1485, #2673, #1444, #2316 ),
 .UNSPECIFIED., .F., .F.,
 ( 4, 4 ),
 ( 0.000000000000000000, 1.000000000000000000 ),
 .UNSPECIFIED. ) ;
#2663 = VERTEX_POINT ( 'NONE', #1181 ) ;
#2664 = CARTESIAN_POINT ( 'NONE',  ( 0.8000000000000000444, 0.1399999999999999856, 0.1299999999999999767 ) ) ;
#2665 = SURFACE_STYLE_FILL_AREA ( #1794 ) ;
#2666 = VERTEX_POINT ( 'NONE', #1195 ) ;
#2667 = CARTESIAN_POINT ( 'NONE',  ( 0.5000000000000000000, -0.1399999999999999856, 0.1299999999999999767 ) ) ;
#2668 = CARTESIAN_POINT ( 'NONE',  ( 0.8000000000000000444, 0.8599999999999999867, 0.1299999999999999767 ) ) ;
#2669 = CYLINDRICAL_SURFACE ( 'NONE', #611, 0.05000000000118191845 ) ;
#2670 =( NAMED_UNIT ( * ) SI_UNIT ( $, .STERADIAN. ) SOLID_ANGLE_UNIT ( ) );
#2671 = EDGE_CURVE ( 'NONE', #485, #2241, #436, .T. ) ;
#2672 = DIRECTION ( 'NONE',  ( 1.000000000000000000, 3.223258006067875292E-14, 3.820989743892720121E-14 ) ) ;
#2673 = CARTESIAN_POINT ( 'NONE',  ( -0.4070460456121640092, -0.005538513974096559607, 0.5999999999999999778 ) ) ;
#2674 = B_SPLINE_CURVE_WITH_KNOTS ( 'NONE', 1,
 ( #214, #400 ),
 .UNSPECIFIED., .F., .F.,
 ( 2, 2 ),
 ( 0.7399999999999999911, 1.040000000000000036 ),
 .UNSPECIFIED. ) ;
#2675 = ORIENTED_EDGE ( 'NONE', *, *, #1526, .T. ) ;
#2676 = FILL_AREA_STYLE_COLOUR ( '', #1083 ) ;
#2677 = CARTESIAN_POINT ( 'NONE',  ( 0.1565354708997254984, -0.05285904507269459374, 0.5999999999999999778 ) ) ;
#2678 = ORIENTED_EDGE ( 'NONE', *, *, #109, .F. ) ;
#2679 = DIRECTION ( 'NONE',  ( 1.000000000000000000, 0.000000000000000000, 0.000000000000000000 ) ) ;
#2680 = FACE_OUTER_BOUND ( 'NONE', #2098, .T. ) ;
#2681 = ORIENTED_EDGE ( 'NONE', *, *, #2567, .F. ) ;
#2682 = B_SPLINE_CURVE_WITH_KNOTS ( 'NONE', 1,
 ( #1748, #2122 ),
 .UNSPECIFIED., .F., .F.,
 ( 2, 2 ),
 ( 0.000000000000000000, 0.1300000000000000044 ),
 .UNSPECIFIED. ) ;
#2683 = CARTESIAN_POINT ( 'NONE',  ( -0.5999999999999999778, -0.3334861638659100125, 0.05000000000000000278 ) ) ;
#2684 = CARTESIAN_POINT ( 'NONE',  ( -0.5274241169471680646, -1.026965651807350000, 0.2189185534127565114 ) ) ;
#2685 = SURFACE_SIDE_STYLE ('',( #822 ) ) ;
#2686 = SURFACE_STYLE_FILL_AREA ( #1016 ) ;
#2687 = EDGE_CURVE ( 'NONE', #1584, #403, #592, .T. ) ;
#2688 = VERTEX_POINT ( 'NONE', #786 ) ;
#2689 = CARTESIAN_POINT ( 'NONE',  ( 0.5000000000000000000, -0.3600000000000000422, 0.1299999999999999767 ) ) ;
#2690 = CARTESIAN_POINT ( 'NONE',  ( -0.5000000000000000000, -0.3600000000000000422, 0.1299999999999999767 ) ) ;
#2691 = EDGE_CURVE ( 'NONE', #1580, #98, #1404, .T. ) ;
#2692 = VERTEX_POINT ( 'NONE', #149 ) ;
#2693 = CARTESIAN_POINT ( 'NONE',  ( -0.5308969554310279948, -0.9313554394231740030, 0.5567556602416069422 ) ) ;
#2694 = STYLED_ITEM ( 'NONE', ( #25 ), #828 ) ;
#2695 = ORIENTED_EDGE ( 'NONE', *, *, #2319, .F. ) ;
#2696 = CARTESIAN_POINT ( 'NONE',  ( -0.2468838097982910262, 0.08416774297402170035, 0.5999999999999999778 ) ) ;
ENDSEC;
END-ISO-10303-21;
